crop_type,growth_stage,soil_type,soil_moisture,temperature,humidity,rain_forecast,forecast_rainfall_mm,irrigation_method,disease_context,crop_kc,reference_et0,crop_etc,effective_precipitation_peff,soil_field_capacity,soil_wilting_point,action_code,urgency,water_requirement_mm
Soybean,Fruiting,Black Soil,30.9,26.5,27.5,Moderate,12.1,Drip Irrigation,None / Healthy,1.05,3.8,3.99,7.14,40.0,22.0,DELAY_RAIN_EXPECTED,Moderate,0.0
Pepper Bell,Maturity,Sandy Loam,16.5,19.1,42.8,High,32.6,Flood / Surface,Tomato Septoria Leaf Spot,0.85,2.06,1.75,23.61,22.0,10.0,DELAY_RAIN_EXPECTED,Low,0.0
Pepper Bell,Fruiting,Clay Loam,47.6,18.8,24.9,None,0.0,Sprinkler (Overhead),None / Healthy,1.1,2.34,2.57,0.0,34.0,18.0,OPTIMAL_STANDBY,Low,0.0
Potato,Vegetative,Sandy,9.0,17.4,57.1,None,0.0,Drip Irrigation,Tomato Septoria Leaf Spot,0.8,2.0,1.6,0.0,15.0,6.0,IRRIGATE_IMMEDIATELY,Immediate,3.5
Potato,Vegetative,Clay Loam,37.1,40.3,87.1,High,34.5,Drip Irrigation,None / Healthy,0.8,3.86,3.09,25.14,34.0,18.0,DELAY_RAIN_EXPECTED,Low,0.0
Soybean,Fruiting,Sandy,10.9,29.1,64.0,Moderate,17.6,Sub-surface Drip,None / Healthy,1.05,3.04,3.19,11.59,15.0,6.0,DELAY_RAIN_EXPECTED,Low,0.0
Tomato,Seedling,Sandy,15.6,19.6,73.4,None,0.0,Flood / Surface,Pepper Bell Bacterial Spot,0.6,2.0,1.2,0.0,15.0,6.0,OPTIMAL_STANDBY,Low,0.0
Soybean,Vegetative,Sandy,15.6,16.7,47.8,Moderate,14.4,Sub-surface Drip,None / Healthy,0.7,2.0,1.4,8.99,15.0,6.0,DELAY_RAIN_EXPECTED,Low,0.0
Cotton,Flowering,Loamy,27.6,35.3,62.1,None,0.0,Sprinkler (Overhead),None / Healthy,1.2,4.05,4.86,0.0,28.0,14.0,OPTIMAL_STANDBY,Low,0.0
Sugarcane,Vegetative,Sandy Loam,20.4,27.3,62.2,None,0.0,Drip Irrigation,None / Healthy,0.85,2.84,2.41,0.0,22.0,10.0,OPTIMAL_STANDBY,Low,0.0
Soybean,Maturity,Loamy,11.0,33.5,86.0,High,35.2,Drip Irrigation,None / Healthy,0.5,3.0,1.5,25.69,28.0,14.0,IRRIGATE_IMMEDIATELY,Immediate,3.5
Corn,Flowering,Sandy Loam,9.1,21.6,68.6,None,0.0,Drip Irrigation,None / Healthy,1.2,2.0,2.4,0.0,22.0,10.0,IRRIGATE_IMMEDIATELY,Immediate,3.5
Sugarcane,Maturity,Sandy,14.8,23.0,58.9,None,0.0,Drip Irrigation,None / Healthy,0.7,2.32,1.62,0.0,15.0,6.0,OPTIMAL_STANDBY,Low,0.0
Tomato,Vegetative,Clay Loam,40.9,18.1,94.8,Low,2.3,Drip Irrigation,None / Healthy,0.85,2.0,1.7,0.0,34.0,18.0,OPTIMAL_STANDBY,Low,0.0
Soybean,Maturity,Sandy,5.4,26.5,61.5,Low,4.0,Sprinkler (Overhead),None / Healthy,0.5,2.75,1.38,0.67,15.0,6.0,IRRIGATE_IMMEDIATELY,Immediate,3.5
Tomato,Maturity,Clay Loam,28.6,36.4,31.3,None,0.0,Sub-surface Drip,None / Healthy,0.8,5.69,4.55,0.0,34.0,18.0,MAINTENANCE_DRIP,Normal,4.49
Corn,Flowering,Sandy Loam,19.1,18.9,71.8,None,0.0,Sprinkler (Overhead),None / Healthy,1.2,2.0,2.4,0.0,22.0,10.0,MAINTENANCE_DRIP,Normal,2.53
Tomato,Flowering,Clay Loam,24.5,33.5,37.1,None,0.0,Flood / Surface,None / Healthy,1.15,4.84,5.57,0.0,34.0,18.0,IRRIGATE_IMMEDIATELY,Immediate,6.62
Tomato,Fruiting,Black Soil,40.7,23.8,74.4,Low,5.5,Sub-surface Drip,None / Healthy,1.2,2.01,2.41,1.89,40.0,22.0,OPTIMAL_STANDBY,Low,0.0
Rice,Fruiting,Loamy,33.4,30.3,47.9,Moderate,17.3,Sub-surface Drip,None / Healthy,1.2,3.81,4.57,11.37,28.0,14.0,DELAY_RAIN_EXPECTED,Low,0.0
Potato,Vegetative,Loamy,28.3,20.6,44.4,None,0.0,Sprinkler (Overhead),None / Healthy,0.8,2.28,1.82,0.0,28.0,14.0,OPTIMAL_STANDBY,Low,0.0
Soybean,Flowering,Sandy,22.8,31.8,38.8,Low,3.9,Drip Irrigation,None / Healthy,1.15,4.45,5.12,0.66,15.0,6.0,OPTIMAL_STANDBY,Low,0.0
Rice,Flowering,Loamy,10.2,27.8,34.6,Low,4.6,Flood / Surface,None / Healthy,1.25,3.83,4.79,1.19,28.0,14.0,IRRIGATE_IMMEDIATELY,Immediate,6.01
Tomato,Seedling,Clay Loam,29.9,24.4,21.2,High,43.1,Sub-surface Drip,None / Healthy,0.6,3.55,2.13,32.01,34.0,18.0,DELAY_RAIN_EXPECTED,Low,0.0
Pepper Bell,Fruiting,Sandy,12.8,22.9,32.7,None,0.0,Drip Irrigation,Tomato Early Blight,1.1,2.95,3.25,0.0,15.0,6.0,MAINTENANCE_DRIP,Normal,3.34
Rice,Vegetative,Sandy Loam,22.1,37.8,30.2,None,0.0,Drip Irrigation,None / Healthy,1.15,6.05,6.96,0.0,22.0,10.0,OPTIMAL_STANDBY,Low,0.0
Soybean,Vegetative,Loamy,20.5,31.6,34.6,Low,1.4,Drip Irrigation,Tomato Early Blight,0.7,4.57,3.2,0.0,28.0,14.0,MAINTENANCE_DRIP,Normal,3.46
Pepper Bell,Fruiting,Sandy Loam,20.9,18.3,93.6,Low,5.2,Drip Irrigation,Tomato Early Blight,1.1,2.0,2.2,1.66,22.0,10.0,OPTIMAL_STANDBY,Low,0.0
Cotton,Flowering,Clay Loam,27.8,31.4,26.4,Moderate,7.6,Drip Irrigation,Tomato Septoria Leaf Spot,1.2,4.86,5.83,3.55,34.0,18.0,MAINTENANCE_DRIP,Normal,5.5
Potato,Fruiting,Sandy Loam,9.8,34.8,38.8,Moderate,9.0,Drip Irrigation,Tomato Septoria Leaf Spot,1.15,5.03,5.78,4.72,22.0,10.0,IRRIGATE_IMMEDIATELY,Immediate,7.0
Wheat,Seedling,Sandy Loam,14.5,34.0,69.5,None,0.0,Sub-surface Drip,Tomato Yellow Leaf Curl Virus,0.4,3.52,1.41,0.0,22.0,10.0,IRRIGATE_IMMEDIATELY,Immediate,3.5
Cotton,Maturity,Loamy,10.4,14.4,28.7,None,0.0,Drip Irrigation,None / Healthy,0.55,2.0,1.1,0.0,28.0,14.0,IRRIGATE_IMMEDIATELY,Immediate,3.5
Corn,Maturity,Clay Loam,24.2,23.7,54.9,Moderate,14.1,Drip Irrigation,None / Healthy,0.6,2.52,1.51,8.82,34.0,18.0,DELAY_RAIN_EXPECTED,Low,0.0
Corn,Vegetative,Clay Loam,20.9,38.0,69.4,Low,1.8,Drip Irrigation,None / Healthy,0.85,4.1,3.48,0.0,34.0,18.0,IRRIGATE_IMMEDIATELY,Immediate,4.36
Corn,Fruiting,Sandy Loam,22.5,37.0,66.9,None,0.0,Sprinkler (Overhead),None / Healthy,1.1,4.08,4.49,0.0,22.0,10.0,OPTIMAL_STANDBY,Low,0.0
Potato,Maturity,Loamy,21.4,24.8,71.1,None,0.0,Sprinkler (Overhead),None / Healthy,0.75,2.23,1.67,0.0,28.0,14.0,MAINTENANCE_DRIP,Normal,1.61
Soybean,Fruiting,Sandy Loam,12.7,34.6,80.3,Low,2.4,Sprinkler (Overhead),None / Healthy,1.05,3.14,3.3,0.0,22.0,10.0,IRRIGATE_IMMEDIATELY,Immediate,3.77
Soybean,Maturity,Clay Loam,32.3,16.9,87.7,Moderate,12.6,Drip Irrigation,None / Healthy,0.5,2.0,1.0,7.55,34.0,18.0,OPTIMAL_STANDBY,Low,0.0
Pepper Bell,Seedling,Clay Loam,27.4,40.6,91.3,High,33.9,Drip Irrigation,Tomato Septoria Leaf Spot,0.6,3.9,2.34,24.63,34.0,18.0,DELAY_RAIN_EXPECTED,Low,0.0
Pepper Bell,Fruiting,Sandy,28.7,35.9,28.5,None,0.0,Sprinkler (Overhead),None / Healthy,1.1,5.72,6.29,0.0,15.0,6.0,OPTIMAL_STANDBY,Low,0.0
Wheat,Flowering,Black Soil,38.6,37.4,85.0,None,0.0,Drip Irrigation,Potato Late Blight,1.15,3.49,4.01,0.0,40.0,22.0,OPTIMAL_STANDBY,Low,0.0
Rice,Vegetative,Sandy,14.3,20.5,63.6,Moderate,16.5,Flood / Surface,Tomato Target Spot,1.15,2.0,2.3,10.7,15.0,6.0,DELAY_RAIN_EXPECTED,Low,0.0
Soybean,Seedling,Black Soil,21.8,24.6,72.9,None,0.0,Flood / Surface,Tomato Target Spot,0.4,2.15,0.86,0.0,40.0,22.0,IRRIGATE_IMMEDIATELY,Immediate,3.5
Pepper Bell,Maturity,Black Soil,37.4,35.5,81.7,Low,4.7,Drip Irrigation,None / Healthy,0.85,3.25,2.76,1.28,40.0,22.0,OPTIMAL_STANDBY,Low,0.0
Sugarcane,Fruiting,Sandy,10.2,36.5,93.3,Low,3.8,Drip Irrigation,None / Healthy,1.25,3.37,4.21,0.52,15.0,6.0,MAINTENANCE_DRIP,Normal,4.34
Sugarcane,Vegetative,Sandy,16.7,33.5,48.8,None,0.0,Drip Irrigation,None / Healthy,0.85,4.34,3.69,0.0,15.0,6.0,OPTIMAL_STANDBY,Low,0.0
Rice,Fruiting,Clay Loam,17.9,24.9,37.2,None,0.0,Drip Irrigation,None / Healthy,1.2,3.2,3.84,0.0,34.0,18.0,IRRIGATE_IMMEDIATELY,Immediate,4.59
Corn,Flowering,Sandy,9.2,21.6,30.0,None,0.0,Drip Irrigation,None / Healthy,1.2,2.78,3.34,0.0,15.0,6.0,IRRIGATE_IMMEDIATELY,Immediate,4.51
Sugarcane,Vegetative,Sandy Loam,18.3,35.8,56.0,Moderate,17.8,Sub-surface Drip,Tomato Early Blight,0.85,4.41,3.75,11.77,22.0,10.0,DELAY_RAIN_EXPECTED,Low,0.0
Sugarcane,Flowering,Loamy,27.8,14.4,25.7,None,0.0,Sprinkler (Overhead),Tomato Early Blight,1.25,2.0,2.5,0.0,28.0,14.0,SUSPEND_OVERHEAD_BLIGHT,Immediate,0.0
Wheat,Flowering,Black Soil,21.2,24.6,38.1,Moderate,9.3,Sprinkler (Overhead),None / Healthy,1.15,3.12,3.59,4.9,40.0,22.0,IRRIGATE_IMMEDIATELY,Immediate,4.14
Corn,Seedling,Sandy,14.6,27.9,55.7,None,0.0,Flood / Surface,Potato Late Blight,0.4,3.15,1.26,0.0,15.0,6.0,OPTIMAL_STANDBY,Low,0.0
Tomato,Fruiting,Black Soil,34.4,27.4,51.5,Moderate,15.6,Drip Irrigation,None / Healthy,1.2,3.21,3.85,10.01,40.0,22.0,DELAY_RAIN_EXPECTED,Low,0.0
Soybean,Fruiting,Sandy Loam,18.5,26.2,87.8,Low,2.7,Drip Irrigation,None / Healthy,1.05,2.14,2.25,0.0,22.0,10.0,MAINTENANCE_DRIP,Normal,2.49
Pepper Bell,Seedling,Black Soil,32.0,35.5,25.0,Low,1.2,Flood / Surface,None / Healthy,0.6,5.81,3.49,0.0,40.0,22.0,MAINTENANCE_DRIP,Normal,3.28
Pepper Bell,Seedling,Loamy,11.9,39.1,55.5,Low,4.3,Drip Irrigation,Tomato Early Blight,0.6,5.0,3.0,0.97,28.0,14.0,IRRIGATE_IMMEDIATELY,Immediate,3.59
Wheat,Seedling,Black Soil,27.3,28.1,71.8,None,0.0,Sprinkler (Overhead),None / Healthy,0.4,2.63,1.05,0.0,40.0,22.0,IRRIGATE_IMMEDIATELY,Immediate,3.5
Sugarcane,Flowering,Black Soil,33.4,19.2,35.7,Moderate,11.1,Drip Irrigation,Pepper Bell Bacterial Spot,1.25,2.21,2.76,6.36,40.0,22.0,DELAY_RAIN_EXPECTED,Moderate,0.0
Soybean,Vegetative,Black Soil,30.7,39.1,58.4,None,0.0,Drip Irrigation,Pepper Bell Bacterial Spot,0.7,4.85,3.39,0.0,40.0,22.0,MAINTENANCE_DRIP,Normal,3.62
Sugarcane,Maturity,Clay Loam,27.5,29.0,37.5,None,0.0,Drip Irrigation,Potato Late Blight,0.7,3.96,2.77,0.0,34.0,18.0,MAINTENANCE_DRIP,Normal,2.4
Pepper Bell,Seedling,Black Soil,31.9,29.6,64.0,Low,3.8,Sprinkler (Overhead),None / Healthy,0.6,3.12,1.87,0.56,40.0,22.0,MAINTENANCE_DRIP,Normal,1.9
Rice,Flowering,Black Soil,21.3,18.3,38.4,High,23.2,Drip Irrigation,Tomato Target Spot,1.25,2.0,2.5,16.04,40.0,22.0,IRRIGATE_IMMEDIATELY,Immediate,3.5
Rice,Seedling,Loamy,40.4,17.1,49.8,None,0.0,Sprinkler (Overhead),None / Healthy,1.05,2.0,2.1,0.0,28.0,14.0,OPTIMAL_STANDBY,Low,0.0
Cotton,Seedling,Loamy,38.5,27.3,82.9,Moderate,9.3,Flood / Surface,None / Healthy,0.45,2.27,1.02,4.9,28.0,14.0,OPTIMAL_STANDBY,Low,0.0
Corn,Seedling,Clay Loam,19.1,22.1,63.6,None,0.0,Drip Irrigation,None / Healthy,0.4,2.07,0.83,0.0,34.0,18.0,IRRIGATE_IMMEDIATELY,Immediate,3.5
Potato,Vegetative,Black Soil,39.6,36.7,39.1,High,36.7,Drip Irrigation,None / Healthy,0.8,5.38,4.3,26.88,40.0,22.0,DELAY_RAIN_EXPECTED,Low,0.0
Rice,Flowering,Sandy,12.8,40.1,94.3,Moderate,9.3,Flood / Surface,None / Healthy,1.25,3.84,4.8,4.9,15.0,6.0,DELAY_RAIN_EXPECTED,Moderate,0.0
Cotton,Fruiting,Black Soil,35.0,37.1,34.0,Moderate,9.6,Drip Irrigation,Tomato Yellow Leaf Curl Virus,0.85,5.72,4.86,5.17,40.0,22.0,DELAY_RAIN_EXPECTED,Moderate,0.0
Sugarcane,Maturity,Sandy Loam,21.9,24.6,54.7,Moderate,10.3,Drip Irrigation,None / Healthy,0.7,2.66,1.86,5.75,22.0,10.0,OPTIMAL_STANDBY,Low,0.0
Sugarcane,Seedling,Sandy,15.9,29.2,52.4,Low,2.7,Drip Irrigation,Pepper Bell Bacterial Spot,0.45,3.47,1.56,0.0,15.0,6.0,OPTIMAL_STANDBY,Low,0.0
Corn,Maturity,Sandy,13.6,18.2,43.4,Moderate,9.7,Sprinkler (Overhead),None / Healthy,0.6,2.0,1.2,5.29,15.0,6.0,OPTIMAL_STANDBY,Low,0.0
Cotton,Vegetative,Sandy Loam,18.5,17.1,83.5,Moderate,8.4,Sprinkler (Overhead),Tomato Target Spot,0.75,2.0,1.5,4.22,22.0,10.0,SUSPEND_OVERHEAD_BLIGHT,Immediate,0.0
Wheat,Maturity,Clay Loam,26.1,33.4,60.7,Moderate,9.8,Flood / Surface,None / Healthy,0.35,3.82,1.34,5.32,34.0,18.0,DELAY_RAIN_EXPECTED,Moderate,0.0
Rice,Vegetative,Loamy,36.8,31.1,21.4,Low,5.4,Drip Irrigation,None / Healthy,1.15,4.99,5.74,1.79,28.0,14.0,OPTIMAL_STANDBY,Low,0.0
Corn,Maturity,Black Soil,41.6,31.0,51.8,None,0.0,Flood / Surface,None / Healthy,0.6,3.79,2.27,0.0,40.0,22.0,OPTIMAL_STANDBY,Low,0.0
Cotton,Flowering,Sandy,11.8,17.5,89.1,High,41.6,Drip Irrigation,None / Healthy,1.2,2.0,2.4,30.79,15.0,6.0,DELAY_RAIN_EXPECTED,Low,0.0
Wheat,Seedling,Black Soil,47.6,17.2,51.1,Moderate,16.5,Drip Irrigation,Tomato Early Blight,0.4,2.0,0.8,10.7,40.0,22.0,DELAY_RAIN_EXPECTED,Low,0.0
Potato,Flowering,Sandy,4.0,21.0,63.3,None,0.0,Sprinkler (Overhead),None / Healthy,1.15,2.0,2.3,0.0,15.0,6.0,IRRIGATE_IMMEDIATELY,Immediate,3.5
Tomato,Seedling,Black Soil,34.7,28.4,93.2,Low,3.3,Sprinkler (Overhead),Tomato Target Spot,0.6,2.4,1.44,0.14,40.0,22.0,SUSPEND_OVERHEAD_BLIGHT,Immediate,0.0
Rice,Seedling,Sandy,11.9,36.4,46.2,None,0.0,Drip Irrigation,None / Healthy,1.05,4.99,5.24,0.0,15.0,6.0,MAINTENANCE_DRIP,Normal,5.4
Pepper Bell,Vegetative,Sandy,4.2,26.3,50.1,Low,3.8,Flood / Surface,None / Healthy,0.8,3.08,2.46,0.54,15.0,6.0,IRRIGATE_IMMEDIATELY,Immediate,3.5
Soybean,Flowering,Sandy Loam,19.9,14.7,31.7,Low,4.6,Drip Irrigation,None / Healthy,1.15,2.0,2.3,1.16,22.0,10.0,OPTIMAL_STANDBY,Low,0.0
Soybean,Flowering,Loamy,29.1,29.9,86.6,Low,3.8,Sprinkler (Overhead),None / Healthy,1.15,2.57,2.96,0.53,28.0,14.0,OPTIMAL_STANDBY,Low,0.0
Rice,Flowering,Clay Loam,28.8,23.1,26.5,None,0.0,Sub-surface Drip,None / Healthy,1.25,3.15,3.94,0.0,34.0,18.0,MAINTENANCE_DRIP,Normal,3.99
Potato,Vegetative,Sandy,14.7,24.2,22.6,None,0.0,Flood / Surface,Potato Late Blight,0.8,3.47,2.78,0.0,15.0,6.0,OPTIMAL_STANDBY,Low,0.0
Sugarcane,Vegetative,Black Soil,40.8,17.9,85.1,High,31.7,Drip Irrigation,None / Healthy,0.85,2.0,1.7,22.84,40.0,22.0,DELAY_RAIN_EXPECTED,Low,0.0
Tomato,Vegetative,Loamy,20.9,25.3,36.4,Moderate,14.1,Sprinkler (Overhead),None / Healthy,0.85,3.3,2.8,8.78,28.0,14.0,DELAY_RAIN_EXPECTED,Low,0.0
Potato,Maturity,Loamy,23.5,27.9,25.0,Low,3.0,Flood / Surface,None / Healthy,0.75,4.18,3.13,0.0,28.0,14.0,MAINTENANCE_DRIP,Normal,3.26
Wheat,Vegetative,Black Soil,33.2,21.0,67.5,None,0.0,Drip Irrigation,None / Healthy,0.75,2.0,1.5,0.0,40.0,22.0,MAINTENANCE_DRIP,Normal,1.5
Potato,Fruiting,Loamy,24.3,15.9,82.8,None,0.0,Drip Irrigation,None / Healthy,1.15,2.0,2.3,0.0,28.0,14.0,MAINTENANCE_DRIP,Normal,2.47
Soybean,Flowering,Sandy Loam,23.4,21.6,60.5,High,23.2,Drip Irrigation,Tomato Early Blight,1.15,2.07,2.38,16.07,22.0,10.0,DELAY_RAIN_EXPECTED,Low,0.0
Potato,Seedling,Sandy Loam,17.2,25.6,72.9,None,0.0,Sprinkler (Overhead),None / Healthy,0.5,2.28,1.14,0.0,22.0,10.0,MAINTENANCE_DRIP,Normal,1.5
Tomato,Maturity,Sandy,12.3,40.8,76.9,None,0.0,Sub-surface Drip,Tomato Yellow Leaf Curl Virus,0.8,4.11,3.29,0.0,15.0,6.0,MAINTENANCE_DRIP,Normal,3.2
Wheat,Seedling,Sandy Loam,23.7,40.4,23.0,None,0.0,Sprinkler (Overhead),None / Healthy,0.4,7.04,2.82,0.0,22.0,10.0,OPTIMAL_STANDBY,Low,0.0
Soybean,Vegetative,Black Soil,34.4,19.4,28.6,None,0.0,Sprinkler (Overhead),Tomato Early Blight,0.7,2.39,1.67,0.0,40.0,22.0,SUSPEND_OVERHEAD_BLIGHT,Immediate,0.0
Corn,Flowering,Sandy Loam,22.0,24.2,62.1,Low,3.4,Sprinkler (Overhead),None / Healthy,1.2,2.4,2.88,0.22,22.0,10.0,OPTIMAL_STANDBY,Low,0.0
Soybean,Fruiting,Sandy,11.4,28.6,52.0,Low,5.4,Sprinkler (Overhead),None / Healthy,1.05,3.38,3.55,1.81,15.0,6.0,MAINTENANCE_DRIP,Normal,3.48
Pepper Bell,Flowering,Clay Loam,45.2,31.6,85.5,None,0.0,Drip Irrigation,Tomato Septoria Leaf Spot,1.05,2.77,2.91,0.0,34.0,18.0,OPTIMAL_STANDBY,Low,0.0
Sugarcane,Fruiting,Black Soil,39.5,22.3,84.0,None,0.0,Flood / Surface,None / Healthy,1.25,2.0,2.5,0.0,40.0,22.0,OPTIMAL_STANDBY,Low,0.0
Tomato,Maturity,Sandy,5.7,40.6,79.0,None,0.0,Drip Irrigation,Pepper Bell Bacterial Spot,0.8,3.96,3.17,0.0,15.0,6.0,IRRIGATE_IMMEDIATELY,Immediate,3.73
Rice,Flowering,Black Soil,18.5,37.5,37.3,Moderate,16.1,Sub-surface Drip,Tomato Septoria Leaf Spot,1.25,5.63,7.04,10.41,40.0,22.0,IRRIGATE_IMMEDIATELY,Immediate,7.0
Pepper Bell,Maturity,Black Soil,24.0,30.7,59.4,None,0.0,Sprinkler (Overhead),None / Healthy,0.85,3.45,2.93,0.0,40.0,22.0,IRRIGATE_IMMEDIATELY,Immediate,3.64
Potato,Seedling,Loamy,18.6,30.6,63.5,None,0.0,Flood / Surface,Tomato Early Blight,0.5,3.28,1.64,0.0,28.0,14.0,IRRIGATE_IMMEDIATELY,Immediate,3.5
Sugarcane,Flowering,Sandy,4.7,40.1,75.1,None,0.0,Flood / Surface,None / Healthy,1.25,4.1,5.12,0.0,15.0,6.0,IRRIGATE_IMMEDIATELY,Immediate,6.32
Cotton,Flowering,Black Soil,28.2,17.1,87.1,Low,6.0,Drip Irrigation,None / Healthy,1.2,2.0,2.4,2.27,40.0,22.0,IRRIGATE_IMMEDIATELY,Immediate,3.5
Pepper Bell,Vegetative,Loamy,13.3,38.3,38.4,Moderate,8.7,Flood / Surface,None / Healthy,0.8,5.75,4.6,4.48,28.0,14.0,IRRIGATE_IMMEDIATELY,Immediate,5.76
Sugarcane,Maturity,Sandy Loam,20.3,38.7,85.4,Low,1.1,Drip Irrigation,Tomato Target Spot,0.7,3.65,2.55,0.0,22.0,10.0,OPTIMAL_STANDBY,Low,0.0
Wheat,Vegetative,Clay Loam,26.5,22.0,66.3,Moderate,17.8,Sprinkler (Overhead),Potato Late Blight,0.75,2.0,1.5,11.73,34.0,18.0,SUSPEND_OVERHEAD_BLIGHT,Immediate,0.0
Rice,Maturity,Loamy,24.4,41.0,45.6,None,0.0,Drip Irrigation,Tomato Early Blight,0.95,5.89,5.6,0.0,28.0,14.0,MAINTENANCE_DRIP,Normal,5.5
Tomato,Fruiting,Sandy,28.6,15.3,85.4,None,0.0,Sprinkler (Overhead),None / Healthy,1.2,2.0,2.4,0.0,15.0,6.0,OPTIMAL_STANDBY,Low,0.0
Corn,Flowering,Loamy,28.5,23.1,56.6,None,0.0,Sprinkler (Overhead),Tomato Early Blight,1.2,2.38,2.86,0.0,28.0,14.0,SUSPEND_OVERHEAD_BLIGHT,Immediate,0.0
Potato,Vegetative,Black Soil,27.7,28.8,81.9,None,0.0,Sub-surface Drip,None / Healthy,0.8,2.43,1.94,0.0,40.0,22.0,IRRIGATE_IMMEDIATELY,Immediate,3.5
Corn,Flowering,Loamy,21.5,40.4,51.5,High,35.6,Flood / Surface,Tomato Target Spot,1.2,5.46,6.55,25.98,28.0,14.0,DELAY_RAIN_EXPECTED,Low,0.0
Pepper Bell,Flowering,Sandy,11.4,19.6,85.1,Moderate,14.9,Drip Irrigation,None / Healthy,1.05,2.0,2.1,9.39,15.0,6.0,DELAY_RAIN_EXPECTED,Low,0.0
Rice,Fruiting,Sandy,4.0,37.7,77.1,Moderate,13.9,Flood / Surface,None / Healthy,1.2,3.67,4.4,8.61,15.0,6.0,IRRIGATE_IMMEDIATELY,Immediate,5.54
Sugarcane,Seedling,Clay Loam,32.3,15.8,63.6,Low,2.3,Drip Irrigation,Tomato Septoria Leaf Spot,0.45,2.0,0.9,0.0,34.0,18.0,OPTIMAL_STANDBY,Low,0.0
Tomato,Maturity,Sandy Loam,23.8,34.2,69.3,None,0.0,Sprinkler (Overhead),None / Healthy,0.8,3.56,2.85,0.0,22.0,10.0,OPTIMAL_STANDBY,Low,0.0
Sugarcane,Flowering,Loamy,23.4,18.0,57.4,None,0.0,Drip Irrigation,None / Healthy,1.25,2.0,2.5,0.0,28.0,14.0,MAINTENANCE_DRIP,Normal,2.61
Rice,Vegetative,Clay Loam,30.0,16.3,81.8,Low,2.8,Drip Irrigation,None / Healthy,1.15,2.0,2.3,0.0,34.0,18.0,MAINTENANCE_DRIP,Normal,2.39
Potato,Vegetative,Clay Loam,28.7,14.9,90.2,Low,1.3,Drip Irrigation,None / Healthy,0.8,2.0,1.6,0.0,34.0,18.0,MAINTENANCE_DRIP,Normal,1.5
Rice,Vegetative,Clay Loam,29.2,16.2,87.1,None,0.0,Flood / Surface,None / Healthy,1.15,2.0,2.3,0.0,34.0,18.0,MAINTENANCE_DRIP,Normal,2.61
Sugarcane,Fruiting,Sandy Loam,17.2,32.2,55.9,Moderate,13.8,Drip Irrigation,None / Healthy,1.25,3.82,4.77,8.52,22.0,10.0,DELAY_RAIN_EXPECTED,Low,0.0
Rice,Maturity,Black Soil,49.8,34.1,37.1,Low,6.0,Sprinkler (Overhead),None / Healthy,0.95,4.97,4.72,2.29,40.0,22.0,OPTIMAL_STANDBY,Low,0.0
Pepper Bell,Flowering,Black Soil,34.7,18.9,92.1,None,0.0,Drip Irrigation,Tomato Septoria Leaf Spot,1.05,2.0,2.1,0.0,40.0,22.0,MAINTENANCE_DRIP,Normal,2.0
Wheat,Fruiting,Clay Loam,28.2,28.4,64.1,High,19.8,Drip Irrigation,Tomato Early Blight,0.85,2.94,2.5,13.31,34.0,18.0,DELAY_RAIN_EXPECTED,Low,0.0
Potato,Fruiting,Sandy Loam,20.8,24.7,54.9,None,0.0,Sub-surface Drip,None / Healthy,1.15,2.68,3.08,0.0,22.0,10.0,OPTIMAL_STANDBY,Low,0.0
Rice,Fruiting,Sandy Loam,17.7,15.9,52.8,High,21.5,Drip Irrigation,Tomato Target Spot,1.2,2.0,2.4,14.73,22.0,10.0,DELAY_RAIN_EXPECTED,Low,0.0
Soybean,Seedling,Clay Loam,32.4,41.1,39.4,None,0.0,Sprinkler (Overhead),None / Healthy,0.4,6.28,2.51,0.0,34.0,18.0,OPTIMAL_STANDBY,Low,0.0
Rice,Fruiting,Clay Loam,31.4,26.4,44.8,Low,3.2,Sub-surface Drip,Pepper Bell Bacterial Spot,1.2,3.24,3.89,0.1,34.0,18.0,OPTIMAL_STANDBY,Low,0.0
Wheat,Fruiting,Loamy,22.6,24.6,65.4,None,0.0,Sub-surface Drip,None / Healthy,0.85,2.37,2.01,0.0,28.0,14.0,MAINTENANCE_DRIP,Normal,2.12
Rice,Fruiting,Clay Loam,20.8,17.4,37.3,None,0.0,Sprinkler (Overhead),None / Healthy,1.2,2.0,2.4,0.0,34.0,18.0,IRRIGATE_IMMEDIATELY,Immediate,3.5
Pepper Bell,Maturity,Black Soil,33.8,33.3,49.8,None,0.0,Drip Irrigation,None / Healthy,0.85,4.26,3.62,0.0,40.0,22.0,MAINTENANCE_DRIP,Normal,3.63
Rice,Flowering,Sandy Loam,23.9,22.6,72.9,Low,2.0,Drip Irrigation,Tomato Yellow Leaf Curl Virus,1.25,2.0,2.5,0.0,22.0,10.0,OPTIMAL_STANDBY,Low,0.0
Tomato,Maturity,Black Soil,20.8,41.4,48.1,None,0.0,Sub-surface Drip,None / Healthy,0.8,5.83,4.66,0.0,40.0,22.0,IRRIGATE_IMMEDIATELY,Immediate,5.91
Rice,Seedling,Clay Loam,33.7,30.8,90.6,Moderate,16.1,Drip Irrigation,None / Healthy,1.05,2.68,2.81,10.38,34.0,18.0,DELAY_RAIN_EXPECTED,Low,0.0
Potato,Vegetative,Sandy,16.2,16.5,41.7,High,21.8,Flood / Surface,None / Healthy,0.8,2.0,1.6,14.97,15.0,6.0,DELAY_RAIN_EXPECTED,Low,0.0
Corn,Flowering,Sandy Loam,8.9,36.9,29.0,Moderate,13.0,Flood / Surface,None / Healthy,1.2,5.92,7.1,7.89,22.0,10.0,IRRIGATE_IMMEDIATELY,Immediate,7.0
Wheat,Flowering,Clay Loam,20.9,26.4,21.1,Low,3.9,Sprinkler (Overhead),None / Healthy,1.15,3.99,4.59,0.65,34.0,18.0,IRRIGATE_IMMEDIATELY,Immediate,5.41
Potato,Seedling,Loamy,15.2,39.6,81.0,High,21.8,Sprinkler (Overhead),None / Healthy,0.5,3.77,1.89,14.97,28.0,14.0,IRRIGATE_IMMEDIATELY,Immediate,3.5
Soybean,Vegetative,Clay Loam,36.7,39.1,38.3,None,0.0,Sub-surface Drip,Tomato Target Spot,0.7,5.93,4.15,0.0,34.0,18.0,OPTIMAL_STANDBY,Low,0.0
Wheat,Maturity,Loamy,20.7,32.8,89.7,Low,3.7,Drip Irrigation,Tomato Septoria Leaf Spot,0.35,2.91,1.02,0.43,28.0,14.0,MAINTENANCE_DRIP,Normal,1.5
Potato,Vegetative,Sandy,4.9,17.5,84.5,Moderate,15.8,Sub-surface Drip,None / Healthy,0.8,2.0,1.6,10.14,15.0,6.0,IRRIGATE_IMMEDIATELY,Immediate,3.5
Rice,Fruiting,Clay Loam,29.2,15.2,67.5,Moderate,17.5,Sprinkler (Overhead),None / Healthy,1.2,2.0,2.4,11.47,34.0,18.0,DELAY_RAIN_EXPECTED,Low,0.0
Cotton,Fruiting,Sandy,8.1,37.5,87.5,Low,2.8,Flood / Surface,Tomato Early Blight,0.85,3.5,2.98,0.0,15.0,6.0,IRRIGATE_IMMEDIATELY,Immediate,3.83
Potato,Flowering,Clay Loam,23.3,18.2,51.8,Low,1.8,Drip Irrigation,Tomato Septoria Leaf Spot,1.15,2.0,2.3,0.0,34.0,18.0,IRRIGATE_IMMEDIATELY,Immediate,3.5
Cotton,Maturity,Loamy,15.9,31.7,24.4,Low,1.7,Sprinkler (Overhead),Tomato Yellow Leaf Curl Virus,0.55,5.0,2.75,0.0,28.0,14.0,IRRIGATE_IMMEDIATELY,Immediate,3.5
Potato,Flowering,Sandy Loam,22.2,41.8,29.6,Moderate,8.1,Drip Irrigation,None / Healthy,1.15,6.97,8.02,4.02,22.0,10.0,OPTIMAL_STANDBY,Low,0.0
Soybean,Maturity,Clay Loam,25.5,20.3,46.6,Moderate,7.8,Drip Irrigation,Tomato Early Blight,0.5,2.19,1.09,3.71,34.0,18.0,MAINTENANCE_DRIP,Normal,1.5
Wheat,Vegetative,Loamy,27.9,32.7,94.6,None,0.0,Sprinkler (Overhead),None / Healthy,0.75,2.91,2.18,0.0,28.0,14.0,OPTIMAL_STANDBY,Low,0.0
Potato,Fruiting,Clay Loam,29.2,35.1,32.8,High,29.6,Drip Irrigation,None / Healthy,1.15,5.37,6.18,21.22,34.0,18.0,DELAY_RAIN_EXPECTED,Low,0.0
Tomato,Fruiting,Clay Loam,42.5,18.3,94.4,None,0.0,Sprinkler (Overhead),Pepper Bell Bacterial Spot,1.2,2.0,2.4,0.0,34.0,18.0,SUSPEND_OVERHEAD_BLIGHT,Immediate,0.0
Sugarcane,Maturity,Clay Loam,34.4,17.6,82.0,None,0.0,Sprinkler (Overhead),None / Healthy,0.7,2.0,1.4,0.0,34.0,18.0,OPTIMAL_STANDBY,Low,0.0
Corn,Seedling,Sandy Loam,21.0,20.7,58.2,None,0.0,Drip Irrigation,None / Healthy,0.4,2.0,0.8,0.0,22.0,10.0,OPTIMAL_STANDBY,Low,0.0
Corn,Vegetative,Loamy,23.1,24.9,57.6,Low,3.0,Flood / Surface,None / Healthy,0.85,2.63,2.24,0.0,28.0,14.0,MAINTENANCE_DRIP,Normal,2.35
Rice,Vegetative,Loamy,19.4,14.6,31.5,None,0.0,Flood / Surface,Tomato Target Spot,1.15,2.0,2.3,0.0,28.0,14.0,IRRIGATE_IMMEDIATELY,Immediate,3.5
Potato,Seedling,Black Soil,32.3,31.0,77.4,High,23.5,Flood / Surface,None / Healthy,0.5,2.8,1.4,16.34,40.0,22.0,DELAY_RAIN_EXPECTED,Low,0.0
Sugarcane,Maturity,Black Soil,24.9,20.5,26.0,Low,4.9,Drip Irrigation,None / Healthy,0.7,2.66,1.86,1.41,40.0,22.0,IRRIGATE_IMMEDIATELY,Immediate,3.5
Corn,Vegetative,Black Soil,31.1,30.9,47.4,Low,2.9,Drip Irrigation,Tomato Yellow Leaf Curl Virus,0.85,3.94,3.35,0.0,40.0,22.0,MAINTENANCE_DRIP,Normal,3.34
Potato,Maturity,Sandy,13.7,22.5,27.6,None,0.0,Drip Irrigation,Tomato Septoria Leaf Spot,0.75,3.01,2.26,0.0,15.0,6.0,OPTIMAL_STANDBY,Low,0.0
Corn,Fruiting,Sandy,8.8,28.8,52.0,None,0.0,Drip Irrigation,Tomato Septoria Leaf Spot,1.1,3.41,3.75,0.0,15.0,6.0,IRRIGATE_IMMEDIATELY,Immediate,4.39
Pepper Bell,Flowering,Clay Loam,18.5,41.0,38.6,None,0.0,Sprinkler (Overhead),None / Healthy,1.05,6.29,6.6,0.0,34.0,18.0,IRRIGATE_IMMEDIATELY,Immediate,7.0
Soybean,Vegetative,Black Soil,22.3,19.6,24.8,None,0.0,Drip Irrigation,Tomato Target Spot,0.7,2.5,1.75,0.0,40.0,22.0,IRRIGATE_IMMEDIATELY,Immediate,3.5
Tomato,Fruiting,Loamy,29.1,17.6,84.8,Moderate,9.7,Sprinkler (Overhead),Potato Late Blight,1.2,2.0,2.4,5.24,28.0,14.0,SUSPEND_OVERHEAD_BLIGHT,Immediate,0.0
Corn,Maturity,Sandy Loam,16.4,36.0,43.7,Moderate,14.6,Flood / Surface,None / Healthy,0.6,5.04,3.02,9.16,22.0,10.0,DELAY_RAIN_EXPECTED,Low,0.0
Potato,Vegetative,Clay Loam,33.0,24.8,53.8,Moderate,9.5,Flood / Surface,None / Healthy,0.8,2.72,2.18,5.1,34.0,18.0,OPTIMAL_STANDBY,Low,0.0
Pepper Bell,Maturity,Clay Loam,14.4,34.9,69.4,Low,5.0,Sprinkler (Overhead),Tomato Early Blight,0.85,3.65,3.1,1.51,34.0,18.0,SUSPEND_OVERHEAD_BLIGHT,Immediate,0.0
Corn,Maturity,Sandy Loam,17.5,40.4,78.8,High,28.2,Sprinkler (Overhead),None / Healthy,0.6,3.94,2.36,20.08,22.0,10.0,DELAY_RAIN_EXPECTED,Low,0.0
Cotton,Vegetative,Clay Loam,29.0,24.7,35.4,Moderate,8.3,Flood / Surface,Tomato Early Blight,0.75,3.22,2.42,4.17,34.0,18.0,DELAY_RAIN_EXPECTED,Moderate,0.0
Sugarcane,Seedling,Sandy Loam,19.0,17.5,55.6,Moderate,8.3,Sprinkler (Overhead),None / Healthy,0.45,2.0,0.9,4.1,22.0,10.0,DELAY_RAIN_EXPECTED,Moderate,0.0
Potato,Flowering,Sandy Loam,8.4,24.5,61.3,High,29.1,Drip Irrigation,Tomato Early Blight,1.15,2.47,2.84,20.78,22.0,10.0,IRRIGATE_IMMEDIATELY,Immediate,3.59
Pepper Bell,Seedling,Black Soil,38.8,37.7,88.9,Moderate,9.8,Drip Irrigation,None / Healthy,0.6,3.53,2.12,5.32,40.0,22.0,OPTIMAL_STANDBY,Low,0.0
Rice,Fruiting,Loamy,29.1,15.2,32.4,Moderate,8.4,Drip Irrigation,Tomato Septoria Leaf Spot,1.2,2.0,2.4,4.26,28.0,14.0,OPTIMAL_STANDBY,Low,0.0
Pepper Bell,Fruiting,Black Soil,24.7,31.1,27.9,Moderate,8.7,Drip Irrigation,None / Healthy,1.1,4.74,5.21,4.43,40.0,22.0,IRRIGATE_IMMEDIATELY,Immediate,6.61
Sugarcane,Maturity,Sandy Loam,22.6,38.7,40.8,Moderate,9.1,Sprinkler (Overhead),None / Healthy,0.7,5.7,3.99,4.81,22.0,10.0,OPTIMAL_STANDBY,Low,0.0
Sugarcane,Vegetative,Black Soil,41.0,24.5,60.4,Low,3.6,Flood / Surface,Tomato Early Blight,0.85,2.49,2.12,0.4,40.0,22.0,OPTIMAL_STANDBY,Low,0.0
Tomato,Seedling,Sandy Loam,9.4,37.6,55.3,Low,3.5,Flood / Surface,None / Healthy,0.6,4.75,2.85,0.31,22.0,10.0,IRRIGATE_IMMEDIATELY,Immediate,3.8
Cotton,Flowering,Sandy Loam,18.5,14.1,66.5,None,0.0,Drip Irrigation,None / Healthy,1.2,2.0,2.4,0.0,22.0,10.0,MAINTENANCE_DRIP,Normal,2.49
Corn,Seedling,Clay Loam,34.9,29.7,62.0,Moderate,13.6,Sprinkler (Overhead),Potato Late Blight,0.4,3.2,1.28,8.41,34.0,18.0,SUSPEND_OVERHEAD_BLIGHT,Immediate,0.0
Pepper Bell,Seedling,Loamy,22.2,33.8,79.1,None,0.0,Drip Irrigation,None / Healthy,0.6,3.08,1.85,0.0,28.0,14.0,MAINTENANCE_DRIP,Normal,1.79
Soybean,Seedling,Sandy Loam,7.5,35.5,75.0,None,0.0,Drip Irrigation,None / Healthy,0.4,3.48,1.39,0.0,22.0,10.0,IRRIGATE_IMMEDIATELY,Immediate,3.5
Cotton,Fruiting,Clay Loam,28.1,37.5,48.8,None,0.0,Flood / Surface,None / Healthy,0.85,5.07,4.31,0.0,34.0,18.0,MAINTENANCE_DRIP,Normal,4.24
Potato,Flowering,Black Soil,27.9,33.5,89.7,Low,4.9,Flood / Surface,None / Healthy,1.15,3.01,3.46,1.43,40.0,22.0,IRRIGATE_IMMEDIATELY,Immediate,4.1
Pepper Bell,Maturity,Black Soil,28.5,40.2,73.0,Low,4.2,Sprinkler (Overhead),None / Healthy,0.85,4.24,3.6,0.82,40.0,22.0,IRRIGATE_IMMEDIATELY,Immediate,4.52
Corn,Seedling,Clay Loam,14.5,27.2,21.0,None,0.0,Drip Irrigation,None / Healthy,0.4,4.16,1.66,0.0,34.0,18.0,IRRIGATE_IMMEDIATELY,Immediate,3.5
Cotton,Fruiting,Loamy,11.5,24.4,52.2,Moderate,16.3,Drip Irrigation,None / Healthy,0.85,2.7,2.29,10.53,28.0,14.0,IRRIGATE_IMMEDIATELY,Immediate,3.5
Wheat,Fruiting,Sandy Loam,30.7,14.6,69.8,None,0.0,Drip Irrigation,None / Healthy,0.85,2.0,1.7,0.0,22.0,10.0,OPTIMAL_STANDBY,Low,0.0
Soybean,Maturity,Sandy Loam,20.6,27.8,93.5,Moderate,8.6,Flood / Surface,None / Healthy,0.5,2.33,1.17,4.38,22.0,10.0,OPTIMAL_STANDBY,Low,0.0
Tomato,Flowering,Loamy,18.3,17.2,31.3,Low,2.1,Sub-surface Drip,None / Healthy,1.15,2.0,2.3,0.0,28.0,14.0,IRRIGATE_IMMEDIATELY,Immediate,3.5
Soybean,Seedling,Sandy,11.9,29.2,79.4,None,0.0,Sub-surface Drip,None / Healthy,0.4,2.51,1.0,0.0,15.0,6.0,MAINTENANCE_DRIP,Normal,1.5
Wheat,Maturity,Sandy Loam,10.6,32.2,60.9,None,0.0,Sprinkler (Overhead),Pepper Bell Bacterial Spot,0.35,3.62,1.27,0.0,22.0,10.0,SUSPEND_OVERHEAD_BLIGHT,Immediate,0.0
Pepper Bell,Flowering,Sandy,8.7,35.2,59.0,None,0.0,Drip Irrigation,Tomato Septoria Leaf Spot,1.05,4.18,4.39,0.0,15.0,6.0,IRRIGATE_IMMEDIATELY,Immediate,5.4
Cotton,Fruiting,Clay Loam,17.7,35.0,61.8,High,33.4,Drip Irrigation,None / Healthy,0.85,4.02,3.42,24.19,34.0,18.0,IRRIGATE_IMMEDIATELY,Immediate,4.12
Pepper Bell,Fruiting,Sandy,5.3,19.5,34.0,None,0.0,Drip Irrigation,None / Healthy,1.1,2.3,2.53,0.0,15.0,6.0,IRRIGATE_IMMEDIATELY,Immediate,3.5
Sugarcane,Fruiting,Black Soil,40.8,39.6,60.0,Moderate,8.7,Sprinkler (Overhead),None / Healthy,1.25,4.85,6.06,4.49,40.0,22.0,OPTIMAL_STANDBY,Low,0.0
Soybean,Flowering,Black Soil,28.4,17.9,35.2,None,0.0,Sub-surface Drip,None / Healthy,1.15,2.0,2.3,0.0,40.0,22.0,IRRIGATE_IMMEDIATELY,Immediate,3.5
Corn,Flowering,Sandy,10.5,25.7,93.8,Low,4.3,Flood / Surface,None / Healthy,1.2,2.08,2.5,0.97,15.0,6.0,MAINTENANCE_DRIP,Normal,2.56
Cotton,Vegetative,Loamy,25.6,28.8,74.0,None,0.0,Drip Irrigation,None / Healthy,0.75,2.65,1.99,0.0,28.0,14.0,OPTIMAL_STANDBY,Low,0.0
Wheat,Flowering,Black Soil,52.8,17.1,77.0,None,0.0,Drip Irrigation,None / Healthy,1.15,2.0,2.3,0.0,40.0,22.0,OPTIMAL_STANDBY,Low,0.0
Sugarcane,Maturity,Sandy Loam,21.6,20.8,28.5,Moderate,8.0,Flood / Surface,None / Healthy,0.7,2.67,1.87,3.87,22.0,10.0,OPTIMAL_STANDBY,Low,0.0
Potato,Seedling,Loamy,24.6,31.4,46.4,Moderate,16.3,Sprinkler (Overhead),None / Healthy,0.5,4.06,2.03,10.5,28.0,14.0,DELAY_RAIN_EXPECTED,Low,0.0
Pepper Bell,Seedling,Clay Loam,21.0,14.1,71.1,None,0.0,Flood / Surface,None / Healthy,0.6,2.0,1.2,0.0,34.0,18.0,IRRIGATE_IMMEDIATELY,Immediate,3.5
Sugarcane,Maturity,Loamy,25.5,39.3,37.5,None,0.0,Flood / Surface,None / Healthy,0.7,6.0,4.2,0.0,28.0,14.0,OPTIMAL_STANDBY,Low,0.0
Potato,Flowering,Sandy,15.4,26.5,54.5,None,0.0,Flood / Surface,Potato Late Blight,1.15,2.97,3.42,0.0,15.0,6.0,OPTIMAL_STANDBY,Low,0.0
Pepper Bell,Flowering,Loamy,26.6,39.7,41.0,None,0.0,Drip Irrigation,None / Healthy,1.05,5.89,6.18,0.0,28.0,14.0,OPTIMAL_STANDBY,Low,0.0
Pepper Bell,Flowering,Sandy Loam,17.9,31.4,61.9,Moderate,13.9,Sprinkler (Overhead),None / Healthy,1.05,3.46,3.63,8.63,22.0,10.0,DELAY_RAIN_EXPECTED,Low,0.0
Corn,Maturity,Black Soil,31.7,27.1,42.6,None,0.0,Drip Irrigation,Tomato Early Blight,0.6,3.44,2.06,0.0,40.0,22.0,MAINTENANCE_DRIP,Normal,1.97
Sugarcane,Fruiting,Loamy,12.3,30.6,86.9,Moderate,9.0,Sub-surface Drip,None / Healthy,1.25,2.65,3.31,4.73,28.0,14.0,IRRIGATE_IMMEDIATELY,Immediate,4.15
Wheat,Fruiting,Black Soil,29.1,14.9,85.1,None,0.0,Sprinkler (Overhead),Tomato Target Spot,0.85,2.0,1.7,0.0,40.0,22.0,SUSPEND_OVERHEAD_BLIGHT,Immediate,0.0
Rice,Maturity,Clay Loam,28.1,39.0,53.3,Low,4.0,Sub-surface Drip,Pepper Bell Bacterial Spot,0.95,5.1,4.84,0.73,34.0,18.0,MAINTENANCE_DRIP,Normal,5.01
Pepper Bell,Fruiting,Clay Loam,28.8,32.3,91.3,None,0.0,Drip Irrigation,None / Healthy,1.1,2.85,3.14,0.0,34.0,18.0,MAINTENANCE_DRIP,Normal,3.48
Cotton,Seedling,Sandy Loam,16.2,21.8,92.9,Low,2.7,Drip Irrigation,Pepper Bell Bacterial Spot,0.45,2.0,0.9,0.0,22.0,10.0,MAINTENANCE_DRIP,Normal,1.5
Pepper Bell,Maturity,Clay Loam,19.0,15.4,82.5,Low,5.2,Drip Irrigation,Tomato Yellow Leaf Curl Virus,0.85,2.0,1.7,1.68,34.0,18.0,IRRIGATE_IMMEDIATELY,Immediate,3.5
Cotton,Seedling,Sandy,10.1,28.9,86.0,None,0.0,Flood / Surface,None / Healthy,0.45,2.45,1.1,0.0,15.0,6.0,MAINTENANCE_DRIP,Normal,1.5
Pepper Bell,Flowering,Black Soil,37.5,34.4,86.2,None,0.0,Sub-surface Drip,None / Healthy,1.05,3.12,3.28,0.0,40.0,22.0,OPTIMAL_STANDBY,Low,0.0
Tomato,Maturity,Sandy Loam,13.8,14.1,73.8,Moderate,16.1,Sub-surface Drip,Pepper Bell Bacterial Spot,0.8,2.0,1.6,10.4,22.0,10.0,IRRIGATE_IMMEDIATELY,Immediate,3.5
Tomato,Fruiting,Sandy Loam,21.5,39.2,50.3,Low,2.6,Drip Irrigation,None / Healthy,1.2,5.3,6.36,0.0,22.0,10.0,OPTIMAL_STANDBY,Low,0.0
Sugarcane,Vegetative,Sandy Loam,11.7,17.9,28.7,Low,1.8,Flood / Surface,None / Healthy,0.85,2.1,1.78,0.0,22.0,10.0,IRRIGATE_IMMEDIATELY,Immediate,3.5
Wheat,Vegetative,Black Soil,22.6,33.5,59.9,Low,3.2,Drip Irrigation,Tomato Early Blight,0.75,3.86,2.9,0.1,40.0,22.0,IRRIGATE_IMMEDIATELY,Immediate,3.59
Rice,Seedling,Clay Loam,26.3,16.2,60.7,Moderate,16.5,Drip Irrigation,None / Healthy,1.05,2.0,2.1,10.68,34.0,18.0,DELAY_RAIN_EXPECTED,Low,0.0
Pepper Bell,Flowering,Clay Loam,34.3,30.3,47.8,Moderate,13.6,Sprinkler (Overhead),Pepper Bell Bacterial Spot,1.05,3.82,4.01,8.39,34.0,18.0,SUSPEND_OVERHEAD_BLIGHT,Immediate,0.0
Soybean,Vegetative,Clay Loam,20.9,23.7,31.6,None,0.0,Drip Irrigation,None / Healthy,0.7,3.13,2.19,0.0,34.0,18.0,IRRIGATE_IMMEDIATELY,Immediate,3.5
Pepper Bell,Flowering,Loamy,19.7,31.0,47.3,None,0.0,Drip Irrigation,None / Healthy,1.05,3.95,4.15,0.0,28.0,14.0,IRRIGATE_IMMEDIATELY,Immediate,5.57
Potato,Maturity,Loamy,10.2,14.9,49.1,None,0.0,Sprinkler (Overhead),Tomato Yellow Leaf Curl Virus,0.75,2.0,1.5,0.0,28.0,14.0,IRRIGATE_IMMEDIATELY,Immediate,3.5
Wheat,Vegetative,Black Soil,48.5,27.3,53.3,None,0.0,Flood / Surface,None / Healthy,0.75,3.12,2.34,0.0,40.0,22.0,OPTIMAL_STANDBY,Low,0.0
Corn,Seedling,Black Soil,27.7,27.4,59.9,Moderate,8.9,Sub-surface Drip,None / Healthy,0.4,2.93,1.17,4.58,40.0,22.0,IRRIGATE_IMMEDIATELY,Immediate,3.5
Pepper Bell,Vegetative,Sandy,5.9,29.6,46.0,Low,3.9,Sprinkler (Overhead),Pepper Bell Bacterial Spot,0.8,3.77,3.02,0.62,15.0,6.0,SUSPEND_OVERHEAD_BLIGHT,Immediate,0.0
Potato,Flowering,Clay Loam,18.2,31.5,62.7,High,35.1,Drip Irrigation,None / Healthy,1.15,3.44,3.96,25.61,34.0,18.0,IRRIGATE_IMMEDIATELY,Immediate,4.86
Wheat,Seedling,Black Soil,34.8,39.5,74.2,None,0.0,Sprinkler (Overhead),None / Healthy,0.4,4.07,1.63,0.0,40.0,22.0,MAINTENANCE_DRIP,Normal,1.68
Wheat,Seedling,Clay Loam,22.1,40.6,58.5,None,0.0,Sprinkler (Overhead),None / Healthy,0.4,5.1,2.04,0.0,34.0,18.0,IRRIGATE_IMMEDIATELY,Immediate,3.5
Cotton,Vegetative,Clay Loam,28.0,24.8,58.3,None,0.0,Drip Irrigation,None / Healthy,0.75,2.59,1.94,0.0,34.0,18.0,MAINTENANCE_DRIP,Normal,2.12
Corn,Maturity,Loamy,25.5,26.3,83.5,None,0.0,Drip Irrigation,None / Healthy,0.6,2.15,1.29,0.0,28.0,14.0,OPTIMAL_STANDBY,Low,0.0
Cotton,Flowering,Loamy,25.8,27.4,71.6,High,37.8,Drip Irrigation,Potato Late Blight,1.2,2.54,3.05,27.73,28.0,14.0,DELAY_RAIN_EXPECTED,Low,0.0
Wheat,Fruiting,Sandy Loam,25.1,36.2,94.3,Moderate,9.2,Drip Irrigation,None / Healthy,0.85,3.34,2.84,4.87,22.0,10.0,OPTIMAL_STANDBY,Low,0.0
Soybean,Flowering,Sandy,16.5,35.1,77.7,Low,4.3,Drip Irrigation,Tomato Target Spot,1.15,3.31,3.81,0.93,15.0,6.0,OPTIMAL_STANDBY,Low,0.0
Potato,Seedling,Sandy Loam,13.2,15.8,46.2,None,0.0,Drip Irrigation,None / Healthy,0.5,2.0,1.0,0.0,22.0,10.0,IRRIGATE_IMMEDIATELY,Immediate,3.5
Potato,Maturity,Black Soil,30.9,17.2,83.2,Moderate,9.7,Drip Irrigation,None / Healthy,0.75,2.0,1.5,5.23,40.0,22.0,DELAY_RAIN_EXPECTED,Moderate,0.0
Rice,Fruiting,Sandy Loam,16.3,25.3,88.0,Moderate,10.5,Drip Irrigation,None / Healthy,1.2,2.04,2.45,5.93,22.0,10.0,DELAY_RAIN_EXPECTED,Moderate,0.0
Sugarcane,Maturity,Black Soil,32.5,17.4,86.6,None,0.0,Sprinkler (Overhead),None / Healthy,0.7,2.0,1.4,0.0,40.0,22.0,MAINTENANCE_DRIP,Normal,1.67
Corn,Fruiting,Sandy Loam,12.9,36.5,61.4,Moderate,12.7,Drip Irrigation,None / Healthy,1.1,4.27,4.7,7.68,22.0,10.0,IRRIGATE_IMMEDIATELY,Immediate,6.12
Potato,Fruiting,Sandy Loam,22.8,25.3,27.7,Low,1.9,Drip Irrigation,Tomato Septoria Leaf Spot,1.15,3.55,4.08,0.0,22.0,10.0,OPTIMAL_STANDBY,Low,0.0
Cotton,Seedling,Sandy Loam,20.3,16.3,89.8,None,0.0,Sprinkler (Overhead),None / Healthy,0.45,2.0,0.9,0.0,22.0,10.0,OPTIMAL_STANDBY,Low,0.0
Sugarcane,Flowering,Sandy Loam,25.1,26.1,88.2,Moderate,11.2,Drip Irrigation,None / Healthy,1.25,2.13,2.66,6.42,22.0,10.0,OPTIMAL_STANDBY,Low,0.0
Soybean,Vegetative,Black Soil,41.8,14.1,32.5,Low,4.6,Drip Irrigation,None / Healthy,0.7,2.0,1.4,1.15,40.0,22.0,OPTIMAL_STANDBY,Low,0.0
Tomato,Fruiting,Sandy,12.9,32.0,23.6,None,0.0,Drip Irrigation,None / Healthy,1.2,5.1,6.12,0.0,15.0,6.0,MAINTENANCE_DRIP,Normal,5.5
Potato,Flowering,Clay Loam,33.2,37.0,83.8,Moderate,9.3,Drip Irrigation,Tomato Target Spot,1.15,3.44,3.96,4.97,34.0,18.0,OPTIMAL_STANDBY,Low,0.0
Rice,Seedling,Clay Loam,28.7,34.7,43.7,Low,4.2,Sprinkler (Overhead),Tomato Septoria Leaf Spot,1.05,4.78,5.02,0.88,34.0,18.0,SUSPEND_OVERHEAD_BLIGHT,Immediate,0.0
Cotton,Seedling,Clay Loam,25.7,37.1,78.7,None,0.0,Drip Irrigation,None / Healthy,0.45,3.51,1.58,0.0,34.0,18.0,MAINTENANCE_DRIP,Normal,1.58
Wheat,Vegetative,Sandy,10.1,25.3,59.8,None,0.0,Drip Irrigation,None / Healthy,0.75,2.63,1.97,0.0,15.0,6.0,MAINTENANCE_DRIP,Normal,2.05
Cotton,Seedling,Clay Loam,22.2,41.3,29.4,None,0.0,Sprinkler (Overhead),Tomato Septoria Leaf Spot,0.45,6.88,3.1,0.0,34.0,18.0,SUSPEND_OVERHEAD_BLIGHT,Immediate,0.0
Sugarcane,Vegetative,Black Soil,33.2,34.7,36.7,None,0.0,Drip Irrigation,Tomato Early Blight,0.85,5.1,4.33,0.0,40.0,22.0,MAINTENANCE_DRIP,Normal,4.32
Wheat,Fruiting,Black Soil,19.8,37.2,65.5,Moderate,10.2,Sub-surface Drip,Pepper Bell Bacterial Spot,0.85,4.19,3.56,5.66,40.0,22.0,IRRIGATE_IMMEDIATELY,Immediate,4.51
Potato,Vegetative,Clay Loam,19.7,30.3,94.3,None,0.0,Sprinkler (Overhead),None / Healthy,0.8,2.62,2.1,0.0,34.0,18.0,IRRIGATE_IMMEDIATELY,Immediate,3.5
Corn,Vegetative,Loamy,16.1,20.3,34.7,None,0.0,Sub-surface Drip,None / Healthy,0.85,2.43,2.07,0.0,28.0,14.0,IRRIGATE_IMMEDIATELY,Immediate,3.5
Wheat,Fruiting,Clay Loam,21.4,23.4,74.4,Moderate,12.9,Sprinkler (Overhead),None / Healthy,0.85,2.0,1.7,7.84,34.0,18.0,IRRIGATE_IMMEDIATELY,Immediate,3.5
Tomato,Vegetative,Black Soil,23.8,40.8,59.7,None,0.0,Sprinkler (Overhead),Tomato Early Blight,0.85,5.07,4.31,0.0,40.0,22.0,SUSPEND_OVERHEAD_BLIGHT,Immediate,0.0
Wheat,Maturity,Sandy Loam,18.9,29.7,84.8,None,0.0,Sprinkler (Overhead),None / Healthy,0.35,2.55,0.89,0.0,22.0,10.0,MAINTENANCE_DRIP,Normal,1.5
Potato,Flowering,Clay Loam,42.3,28.0,50.5,None,0.0,Sprinkler (Overhead),None / Healthy,1.15,3.33,3.83,0.0,34.0,18.0,OPTIMAL_STANDBY,Low,0.0
Wheat,Seedling,Sandy Loam,23.6,41.5,34.3,None,0.0,Sprinkler (Overhead),None / Healthy,0.4,6.64,2.66,0.0,22.0,10.0,OPTIMAL_STANDBY,Low,0.0
Potato,Seedling,Loamy,21.3,25.0,84.1,High,39.1,Drip Irrigation,None / Healthy,0.5,2.0,1.0,28.78,28.0,14.0,DELAY_RAIN_EXPECTED,Low,0.0
Soybean,Seedling,Loamy,22.7,30.9,82.7,Moderate,15.6,Sub-surface Drip,None / Healthy,0.4,2.69,1.08,10.0,28.0,14.0,DELAY_RAIN_EXPECTED,Low,0.0
Wheat,Vegetative,Clay Loam,30.6,21.1,38.4,Low,3.0,Drip Irrigation,None / Healthy,0.75,2.5,1.88,0.0,34.0,18.0,OPTIMAL_STANDBY,Low,0.0
Corn,Seedling,Loamy,10.6,27.5,67.7,Low,1.5,Sub-surface Drip,None / Healthy,0.4,2.69,1.08,0.0,28.0,14.0,IRRIGATE_IMMEDIATELY,Immediate,3.5
Soybean,Flowering,Sandy Loam,34.5,30.1,51.2,Moderate,16.3,Drip Irrigation,Tomato Septoria Leaf Spot,1.15,3.66,4.21,10.56,22.0,10.0,DELAY_RAIN_EXPECTED,Low,0.0
Corn,Fruiting,Sandy Loam,31.0,18.9,85.0,Moderate,10.1,Flood / Surface,Tomato Early Blight,1.1,2.0,2.2,5.59,22.0,10.0,OPTIMAL_STANDBY,Low,0.0
Rice,Flowering,Black Soil,34.2,26.0,87.8,Moderate,16.3,Sprinkler (Overhead),Tomato Septoria Leaf Spot,1.25,2.12,2.65,10.54,40.0,22.0,SUSPEND_OVERHEAD_BLIGHT,Immediate,0.0
Soybean,Vegetative,Clay Loam,31.7,19.2,44.9,None,0.0,Sprinkler (Overhead),None / Healthy,0.7,2.04,1.43,0.0,34.0,18.0,OPTIMAL_STANDBY,Low,0.0
Sugarcane,Flowering,Clay Loam,34.8,16.7,82.0,Moderate,7.5,Drip Irrigation,None / Healthy,1.25,2.0,2.5,3.52,34.0,18.0,OPTIMAL_STANDBY,Low,0.0
Rice,Vegetative,Clay Loam,22.2,21.9,51.9,Moderate,7.4,Drip Irrigation,None / Healthy,1.15,2.32,2.67,3.43,34.0,18.0,IRRIGATE_IMMEDIATELY,Immediate,3.5
Rice,Maturity,Black Soil,41.1,41.1,36.8,Moderate,14.3,Drip Irrigation,Tomato Septoria Leaf Spot,0.95,6.41,6.09,8.93,40.0,22.0,DELAY_RAIN_EXPECTED,Low,0.0
Soybean,Vegetative,Sandy Loam,23.9,19.1,47.8,Moderate,16.9,Flood / Surface,Pepper Bell Bacterial Spot,0.7,2.0,1.4,11.04,22.0,10.0,DELAY_RAIN_EXPECTED,Low,0.0
Rice,Maturity,Black Soil,24.0,35.1,21.6,None,0.0,Drip Irrigation,None / Healthy,0.95,5.87,5.58,0.0,40.0,22.0,IRRIGATE_IMMEDIATELY,Immediate,6.98
Tomato,Flowering,Sandy Loam,18.4,31.7,29.7,None,0.0,Sprinkler (Overhead),None / Healthy,1.15,4.78,5.5,0.0,22.0,10.0,MAINTENANCE_DRIP,Normal,5.37
Tomato,Seedling,Sandy Loam,21.0,39.8,72.1,Moderate,15.0,Sprinkler (Overhead),None / Healthy,0.6,4.22,2.53,9.52,22.0,10.0,DELAY_RAIN_EXPECTED,Low,0.0
Sugarcane,Maturity,Sandy,15.5,38.0,72.6,None,0.0,Drip Irrigation,None / Healthy,0.7,3.94,2.76,0.0,15.0,6.0,OPTIMAL_STANDBY,Low,0.0
Soybean,Seedling,Sandy,8.5,34.6,48.8,None,0.0,Drip Irrigation,None / Healthy,0.4,4.53,1.81,0.0,15.0,6.0,IRRIGATE_IMMEDIATELY,Immediate,3.5
Rice,Vegetative,Sandy,11.6,28.0,73.0,None,0.0,Sub-surface Drip,Pepper Bell Bacterial Spot,1.15,2.59,2.98,0.0,15.0,6.0,MAINTENANCE_DRIP,Normal,2.71
Cotton,Maturity,Loamy,21.7,36.6,70.8,None,0.0,Sub-surface Drip,None / Healthy,0.55,3.84,2.11,0.0,28.0,14.0,MAINTENANCE_DRIP,Normal,2.01
Cotton,Flowering,Sandy,17.1,30.0,82.5,None,0.0,Flood / Surface,None / Healthy,1.2,2.58,3.1,0.0,15.0,6.0,OPTIMAL_STANDBY,Low,0.0
Rice,Fruiting,Sandy,12.2,23.9,66.6,None,0.0,Sprinkler (Overhead),None / Healthy,1.2,2.23,2.68,0.0,15.0,6.0,MAINTENANCE_DRIP,Normal,2.58
Tomato,Vegetative,Sandy,13.9,41.5,78.9,None,0.0,Sprinkler (Overhead),Tomato Septoria Leaf Spot,0.85,4.08,3.47,0.0,15.0,6.0,SUSPEND_OVERHEAD_BLIGHT,Immediate,0.0
Soybean,Flowering,Black Soil,35.4,39.6,20.9,None,0.0,Drip Irrigation,Potato Late Blight,1.15,6.96,8.0,0.0,40.0,22.0,MAINTENANCE_DRIP,Normal,5.5
Potato,Vegetative,Black Soil,20.4,25.8,46.0,Low,3.0,Sub-surface Drip,Tomato Septoria Leaf Spot,0.8,3.12,2.5,0.0,40.0,22.0,IRRIGATE_IMMEDIATELY,Immediate,3.5
Rice,Vegetative,Sandy Loam,21.7,15.9,52.3,None,0.0,Sprinkler (Overhead),Tomato Yellow Leaf Curl Virus,1.15,2.0,2.3,0.0,22.0,10.0,OPTIMAL_STANDBY,Low,0.0
Pepper Bell,Vegetative,Black Soil,31.4,26.6,70.4,High,34.2,Drip Irrigation,Potato Late Blight,0.8,2.49,1.99,24.84,40.0,22.0,DELAY_RAIN_EXPECTED,Low,0.0
Potato,Maturity,Clay Loam,20.3,34.6,86.2,None,0.0,Sub-surface Drip,Pepper Bell Bacterial Spot,0.75,3.14,2.35,0.0,34.0,18.0,IRRIGATE_IMMEDIATELY,Immediate,3.5
Potato,Seedling,Black Soil,46.8,21.1,53.8,None,0.0,Drip Irrigation,None / Healthy,0.5,2.15,1.07,0.0,40.0,22.0,OPTIMAL_STANDBY,Low,0.0
Cotton,Seedling,Sandy Loam,23.2,16.4,80.5,None,0.0,Drip Irrigation,Pepper Bell Bacterial Spot,0.45,2.0,0.9,0.0,22.0,10.0,OPTIMAL_STANDBY,Low,0.0
Sugarcane,Flowering,Sandy Loam,11.8,32.8,72.6,None,0.0,Sub-surface Drip,None / Healthy,1.25,3.22,4.03,0.0,22.0,10.0,IRRIGATE_IMMEDIATELY,Immediate,4.84
Tomato,Flowering,Sandy Loam,13.0,24.7,57.0,None,0.0,Drip Irrigation,None / Healthy,1.15,2.62,3.01,0.0,22.0,10.0,IRRIGATE_IMMEDIATELY,Immediate,3.5
Pepper Bell,Vegetative,Sandy,10.8,24.4,89.1,High,34.2,Drip Irrigation,Tomato Yellow Leaf Curl Virus,0.8,2.0,1.6,24.86,15.0,6.0,DELAY_RAIN_EXPECTED,Low,0.0
Tomato,Maturity,Sandy,11.6,38.5,67.8,Moderate,16.2,Drip Irrigation,None / Healthy,0.8,4.25,3.4,10.44,15.0,6.0,DELAY_RAIN_EXPECTED,Low,0.0
Wheat,Fruiting,Sandy Loam,15.6,14.6,42.6,None,0.0,Flood / Surface,None / Healthy,0.85,2.0,1.7,0.0,22.0,10.0,MAINTENANCE_DRIP,Normal,1.82
Tomato,Flowering,Sandy Loam,23.2,16.0,33.9,High,36.3,Drip Irrigation,Tomato Target Spot,1.15,2.0,2.3,26.52,22.0,10.0,DELAY_RAIN_EXPECTED,Low,0.0
Corn,Flowering,Loamy,17.3,26.4,61.5,None,0.0,Flood / Surface,None / Healthy,1.2,2.73,3.28,0.0,28.0,14.0,IRRIGATE_IMMEDIATELY,Immediate,4.1
Corn,Seedling,Black Soil,52.5,23.1,46.6,High,32.1,Drip Irrigation,None / Healthy,0.4,2.65,1.06,23.22,40.0,22.0,DELAY_RAIN_EXPECTED,Low,0.0
Wheat,Maturity,Sandy,11.4,28.6,79.6,Moderate,16.7,Drip Irrigation,None / Healthy,0.35,2.43,0.85,10.88,15.0,6.0,DELAY_RAIN_EXPECTED,Low,0.0
Sugarcane,Seedling,Black Soil,34.1,24.8,56.7,None,0.0,Sprinkler (Overhead),None / Healthy,0.45,2.63,1.18,0.0,40.0,22.0,MAINTENANCE_DRIP,Normal,1.5
Potato,Seedling,Sandy,4.4,17.4,67.6,Moderate,13.4,Drip Irrigation,None / Healthy,0.5,2.0,1.0,8.22,15.0,6.0,IRRIGATE_IMMEDIATELY,Immediate,3.5
Soybean,Flowering,Clay Loam,28.9,35.1,85.4,High,36.7,Sprinkler (Overhead),None / Healthy,1.15,3.2,3.68,26.82,34.0,18.0,DELAY_RAIN_EXPECTED,Low,0.0
Potato,Vegetative,Loamy,24.6,33.5,57.2,Low,5.7,Sprinkler (Overhead),Tomato Target Spot,0.8,3.98,3.18,2.03,28.0,14.0,SUSPEND_OVERHEAD_BLIGHT,Immediate,0.0
Tomato,Maturity,Black Soil,40.0,40.6,78.2,Low,4.1,Flood / Surface,None / Healthy,0.8,4.0,3.2,0.75,40.0,22.0,OPTIMAL_STANDBY,Low,0.0
Pepper Bell,Maturity,Black Soil,34.8,34.5,72.3,Moderate,15.3,Drip Irrigation,None / Healthy,0.85,3.47,2.95,9.72,40.0,22.0,DELAY_RAIN_EXPECTED,Low,0.0
Sugarcane,Flowering,Clay Loam,25.6,19.1,84.1,Moderate,16.7,Drip Irrigation,None / Healthy,1.25,2.0,2.5,10.87,34.0,18.0,DELAY_RAIN_EXPECTED,Low,0.0
Sugarcane,Vegetative,Loamy,30.8,24.9,60.6,None,0.0,Drip Irrigation,Tomato Yellow Leaf Curl Virus,0.85,2.54,2.16,0.0,28.0,14.0,OPTIMAL_STANDBY,Low,0.0
Sugarcane,Seedling,Black Soil,30.5,20.5,90.7,Low,1.2,Sprinkler (Overhead),None / Healthy,0.45,2.0,0.9,0.0,40.0,22.0,MAINTENANCE_DRIP,Normal,1.5
Soybean,Fruiting,Loamy,29.2,40.0,48.4,None,0.0,Drip Irrigation,None / Healthy,1.05,5.55,5.83,0.0,28.0,14.0,OPTIMAL_STANDBY,Low,0.0
Sugarcane,Fruiting,Clay Loam,34.7,35.5,63.8,None,0.0,Drip Irrigation,Tomato Septoria Leaf Spot,1.25,4.0,5.0,0.0,34.0,18.0,OPTIMAL_STANDBY,Low,0.0
Soybean,Vegetative,Clay Loam,34.6,34.8,32.7,Low,2.0,Drip Irrigation,None / Healthy,0.7,5.29,3.7,0.0,34.0,18.0,OPTIMAL_STANDBY,Low,0.0
Tomato,Flowering,Black Soil,37.6,31.7,31.7,Moderate,12.2,Sprinkler (Overhead),None / Healthy,1.15,4.71,5.42,7.27,40.0,22.0,OPTIMAL_STANDBY,Low,0.0
Rice,Flowering,Sandy,4.0,39.4,58.0,None,0.0,Drip Irrigation,None / Healthy,1.25,4.92,6.15,0.0,15.0,6.0,IRRIGATE_IMMEDIATELY,Immediate,7.0
Potato,Vegetative,Clay Loam,28.9,26.1,61.2,Low,3.7,Drip Irrigation,None / Healthy,0.8,2.69,2.15,0.43,34.0,18.0,MAINTENANCE_DRIP,Normal,2.17
Wheat,Vegetative,Black Soil,19.0,36.8,78.4,Moderate,15.4,Sprinkler (Overhead),Tomato Target Spot,0.75,3.5,2.62,9.8,40.0,22.0,SUSPEND_OVERHEAD_BLIGHT,Immediate,0.0
Wheat,Fruiting,Clay Loam,35.1,21.4,51.1,None,0.0,Drip Irrigation,None / Healthy,0.85,2.26,1.92,0.0,34.0,18.0,OPTIMAL_STANDBY,Low,0.0
Rice,Vegetative,Sandy,14.4,39.2,94.7,Moderate,16.1,Flood / Surface,None / Healthy,1.15,3.72,4.28,10.36,15.0,6.0,DELAY_RAIN_EXPECTED,Low,0.0
Cotton,Maturity,Loamy,32.9,36.6,84.4,None,0.0,Sub-surface Drip,None / Healthy,0.55,3.39,1.86,0.0,28.0,14.0,OPTIMAL_STANDBY,Low,0.0
Tomato,Flowering,Clay Loam,14.2,14.4,26.0,Moderate,10.4,Flood / Surface,None / Healthy,1.15,2.0,2.3,5.85,34.0,18.0,IRRIGATE_IMMEDIATELY,Immediate,3.5
Rice,Vegetative,Sandy,12.6,31.3,62.3,None,0.0,Flood / Surface,None / Healthy,1.15,3.44,3.96,0.0,15.0,6.0,MAINTENANCE_DRIP,Normal,4.21
Pepper Bell,Flowering,Sandy Loam,17.8,38.3,48.4,None,0.0,Flood / Surface,Pepper Bell Bacterial Spot,1.05,5.23,5.49,0.0,22.0,10.0,MAINTENANCE_DRIP,Normal,5.5
Wheat,Flowering,Black Soil,33.7,34.0,64.5,Low,1.3,Sub-surface Drip,None / Healthy,1.15,3.75,4.31,0.0,40.0,22.0,MAINTENANCE_DRIP,Normal,4.15
Soybean,Flowering,Black Soil,34.1,41.3,25.2,None,0.0,Sprinkler (Overhead),None / Healthy,1.15,7.11,8.18,0.0,40.0,22.0,MAINTENANCE_DRIP,Normal,5.5
Soybean,Fruiting,Sandy,8.1,32.7,82.8,Moderate,8.9,Drip Irrigation,None / Healthy,1.05,2.9,3.04,4.59,15.0,6.0,IRRIGATE_IMMEDIATELY,Immediate,4.11
Rice,Fruiting,Loamy,17.3,30.4,82.5,High,35.7,Sprinkler (Overhead),None / Healthy,1.2,2.62,3.14,26.07,28.0,14.0,IRRIGATE_IMMEDIATELY,Immediate,4.1
Rice,Flowering,Clay Loam,31.7,38.7,86.2,None,0.0,Drip Irrigation,Tomato Septoria Leaf Spot,1.25,3.65,4.56,0.0,34.0,18.0,OPTIMAL_STANDBY,Low,0.0
Rice,Flowering,Black Soil,47.6,14.8,87.3,Moderate,13.8,Flood / Surface,Pepper Bell Bacterial Spot,1.25,2.0,2.5,8.58,40.0,22.0,DELAY_RAIN_EXPECTED,Low,0.0
Wheat,Fruiting,Clay Loam,25.5,37.9,90.3,High,21.2,Drip Irrigation,None / Healthy,0.85,3.55,3.02,14.47,34.0,18.0,DELAY_RAIN_EXPECTED,Low,0.0
Potato,Flowering,Clay Loam,14.1,28.8,93.9,High,23.3,Drip Irrigation,Tomato Target Spot,1.15,2.44,2.81,16.15,34.0,18.0,IRRIGATE_IMMEDIATELY,Immediate,3.5
Rice,Maturity,Clay Loam,23.6,22.5,93.2,None,0.0,Flood / Surface,None / Healthy,0.95,2.0,1.9,0.0,34.0,18.0,IRRIGATE_IMMEDIATELY,Immediate,3.5
Potato,Vegetative,Loamy,11.7,35.9,42.8,Moderate,10.4,Sprinkler (Overhead),Tomato Yellow Leaf Curl Virus,0.8,5.05,4.04,5.84,28.0,14.0,IRRIGATE_IMMEDIATELY,Immediate,5.02
Sugarcane,Vegetative,Black Soil,37.9,30.1,70.0,Low,4.9,Drip Irrigation,None / Healthy,0.85,2.96,2.52,1.41,40.0,22.0,OPTIMAL_STANDBY,Low,0.0
Soybean,Maturity,Sandy,12.5,27.7,75.6,High,31.8,Flood / Surface,Tomato Target Spot,0.5,2.46,1.23,22.95,15.0,6.0,DELAY_RAIN_EXPECTED,Low,0.0
Soybean,Seedling,Loamy,40.7,25.7,58.5,None,0.0,Flood / Surface,None / Healthy,0.4,2.71,1.08,0.0,28.0,14.0,OPTIMAL_STANDBY,Low,0.0
Tomato,Maturity,Loamy,26.5,25.3,92.8,Low,5.7,Flood / Surface,None / Healthy,0.8,2.03,1.62,2.03,28.0,14.0,OPTIMAL_STANDBY,Low,0.0
Cotton,Fruiting,Black Soil,33.1,39.3,65.3,None,0.0,Drip Irrigation,Potato Late Blight,0.85,4.51,3.83,0.0,40.0,22.0,MAINTENANCE_DRIP,Normal,3.99
Sugarcane,Flowering,Sandy Loam,12.0,37.7,79.7,None,0.0,Drip Irrigation,None / Healthy,1.25,3.54,4.42,0.0,22.0,10.0,IRRIGATE_IMMEDIATELY,Immediate,5.39
Corn,Fruiting,Black Soil,30.6,35.0,31.4,Low,3.3,Sprinkler (Overhead),Tomato Septoria Leaf Spot,1.1,5.4,5.94,0.13,40.0,22.0,SUSPEND_OVERHEAD_BLIGHT,Immediate,0.0
Rice,Vegetative,Loamy,17.6,36.0,64.2,None,0.0,Drip Irrigation,Potato Late Blight,1.15,4.06,4.67,0.0,28.0,14.0,IRRIGATE_IMMEDIATELY,Immediate,5.7
Soybean,Vegetative,Sandy Loam,23.0,24.5,73.1,Moderate,12.2,Sprinkler (Overhead),None / Healthy,0.7,2.14,1.5,7.29,22.0,10.0,OPTIMAL_STANDBY,Low,0.0
Soybean,Seedling,Loamy,22.2,28.0,23.8,High,19.9,Sprinkler (Overhead),None / Healthy,0.4,4.24,1.7,13.43,28.0,14.0,DELAY_RAIN_EXPECTED,Low,0.0
Cotton,Seedling,Clay Loam,26.6,34.3,28.4,None,0.0,Drip Irrigation,Tomato Septoria Leaf Spot,0.45,5.39,2.43,0.0,34.0,18.0,MAINTENANCE_DRIP,Normal,2.37
Rice,Vegetative,Loamy,24.4,20.6,70.8,None,0.0,Flood / Surface,None / Healthy,1.15,2.0,2.3,0.0,28.0,14.0,MAINTENANCE_DRIP,Normal,2.13
Cotton,Vegetative,Black Soil,29.2,20.6,45.9,None,0.0,Flood / Surface,Tomato Early Blight,0.75,2.24,1.68,0.0,40.0,22.0,IRRIGATE_IMMEDIATELY,Immediate,3.5
Tomato,Flowering,Clay Loam,36.1,34.7,40.8,High,26.3,Flood / Surface,None / Healthy,1.15,4.91,5.65,18.56,34.0,18.0,DELAY_RAIN_EXPECTED,Low,0.0
Tomato,Seedling,Clay Loam,17.7,23.5,25.9,High,30.5,Sprinkler (Overhead),None / Healthy,0.6,3.25,1.95,21.91,34.0,18.0,IRRIGATE_IMMEDIATELY,Immediate,3.5
Rice,Seedling,Clay Loam,20.4,15.7,26.9,None,0.0,Drip Irrigation,None / Healthy,1.05,2.0,2.1,0.0,34.0,18.0,IRRIGATE_IMMEDIATELY,Immediate,3.5
Rice,Vegetative,Sandy,4.0,39.3,81.3,Moderate,15.3,Flood / Surface,None / Healthy,1.15,3.73,4.29,9.76,15.0,6.0,IRRIGATE_IMMEDIATELY,Immediate,4.76
Sugarcane,Maturity,Clay Loam,28.6,39.1,88.2,None,0.0,Drip Irrigation,None / Healthy,0.7,3.7,2.59,0.0,34.0,18.0,MAINTENANCE_DRIP,Normal,2.47
Pepper Bell,Vegetative,Black Soil,43.6,27.6,28.8,Moderate,14.5,Drip Irrigation,Tomato Yellow Leaf Curl Virus,0.8,3.98,3.18,9.1,40.0,22.0,DELAY_RAIN_EXPECTED,Low,0.0
Sugarcane,Maturity,Sandy,26.9,34.5,69.4,None,0.0,Drip Irrigation,Tomato Septoria Leaf Spot,0.7,3.6,2.52,0.0,15.0,6.0,OPTIMAL_STANDBY,Low,0.0
Cotton,Flowering,Sandy Loam,15.9,36.4,27.8,High,34.0,Sprinkler (Overhead),Pepper Bell Bacterial Spot,1.2,5.87,7.04,24.7,22.0,10.0,SUSPEND_OVERHEAD_BLIGHT,Immediate,0.0
Cotton,Maturity,Black Soil,20.0,14.9,69.4,Low,3.7,Drip Irrigation,None / Healthy,0.55,2.0,1.1,0.43,40.0,22.0,IRRIGATE_IMMEDIATELY,Immediate,3.5
Rice,Maturity,Black Soil,26.0,26.1,46.1,High,20.3,Flood / Surface,Potato Late Blight,0.95,3.15,2.99,13.75,40.0,22.0,DELAY_RAIN_EXPECTED,Low,0.0
Soybean,Maturity,Sandy,11.1,37.1,81.6,Low,3.4,Drip Irrigation,None / Healthy,0.5,3.45,1.73,0.21,15.0,6.0,MAINTENANCE_DRIP,Normal,1.64
Tomato,Seedling,Black Soil,32.6,36.6,81.8,None,0.0,Flood / Surface,None / Healthy,0.6,3.39,2.03,0.0,40.0,22.0,MAINTENANCE_DRIP,Normal,2.19
Wheat,Flowering,Clay Loam,26.0,28.9,22.4,High,31.4,Drip Irrigation,None / Healthy,1.15,4.46,5.13,22.59,34.0,18.0,DELAY_RAIN_EXPECTED,Low,0.0
Potato,Vegetative,Clay Loam,31.0,17.3,66.0,Moderate,17.3,Sprinkler (Overhead),Tomato Septoria Leaf Spot,0.8,2.0,1.6,11.36,34.0,18.0,SUSPEND_OVERHEAD_BLIGHT,Immediate,0.0
Pepper Bell,Fruiting,Clay Loam,28.9,26.3,87.4,High,44.0,Sprinkler (Overhead),Tomato Target Spot,1.1,2.15,2.37,32.72,34.0,18.0,SUSPEND_OVERHEAD_BLIGHT,Immediate,0.0
Cotton,Vegetative,Black Soil,20.6,14.8,88.0,None,0.0,Drip Irrigation,Pepper Bell Bacterial Spot,0.75,2.0,1.5,0.0,40.0,22.0,IRRIGATE_IMMEDIATELY,Immediate,3.5
Pepper Bell,Flowering,Sandy,12.3,39.7,67.7,Moderate,13.9,Drip Irrigation,Tomato Septoria Leaf Spot,1.05,4.44,4.66,8.64,15.0,6.0,DELAY_RAIN_EXPECTED,Low,0.0
Potato,Vegetative,Black Soil,28.9,39.0,69.4,None,0.0,Flood / Surface,None / Healthy,0.8,4.26,3.41,0.0,40.0,22.0,IRRIGATE_IMMEDIATELY,Immediate,4.29
Corn,Maturity,Sandy Loam,8.4,22.6,63.0,Low,2.6,Flood / Surface,None / Healthy,0.6,2.16,1.3,0.0,22.0,10.0,IRRIGATE_IMMEDIATELY,Immediate,3.5
Sugarcane,Flowering,Black Soil,34.3,17.7,48.7,Moderate,13.8,Flood / Surface,None / Healthy,1.25,2.0,2.5,8.55,40.0,22.0,DELAY_RAIN_EXPECTED,Low,0.0
Sugarcane,Fruiting,Clay Loam,27.6,19.5,24.9,Low,5.4,Sprinkler (Overhead),Tomato Early Blight,1.25,2.49,3.11,1.85,34.0,18.0,SUSPEND_OVERHEAD_BLIGHT,Immediate,0.0
Soybean,Seedling,Clay Loam,29.1,36.3,74.3,Low,4.5,Drip Irrigation,None / Healthy,0.4,3.63,1.45,1.06,34.0,18.0,MAINTENANCE_DRIP,Normal,1.51
Sugarcane,Flowering,Clay Loam,16.5,37.4,93.1,None,0.0,Drip Irrigation,Tomato Target Spot,1.25,3.49,4.36,0.0,34.0,18.0,IRRIGATE_IMMEDIATELY,Immediate,5.33
Tomato,Flowering,Sandy Loam,21.3,35.9,43.5,Moderate,9.7,Flood / Surface,None / Healthy,1.15,5.02,5.77,5.28,22.0,10.0,OPTIMAL_STANDBY,Low,0.0
Corn,Vegetative,Sandy Loam,8.0,19.4,27.0,Moderate,11.5,Drip Irrigation,Tomato Yellow Leaf Curl Virus,0.85,2.43,2.07,6.71,22.0,10.0,IRRIGATE_IMMEDIATELY,Immediate,3.5
Tomato,Fruiting,Black Soil,20.4,23.4,85.3,None,0.0,Drip Irrigation,Tomato Yellow Leaf Curl Virus,1.2,2.0,2.4,0.0,40.0,22.0,IRRIGATE_IMMEDIATELY,Immediate,3.5
Pepper Bell,Fruiting,Clay Loam,17.9,35.3,31.5,Low,1.7,Drip Irrigation,None / Healthy,1.1,5.45,6.0,0.0,34.0,18.0,IRRIGATE_IMMEDIATELY,Immediate,7.0
Cotton,Vegetative,Black Soil,31.9,36.5,38.5,Low,5.9,Flood / Surface,None / Healthy,0.75,5.37,4.03,2.2,40.0,22.0,MAINTENANCE_DRIP,Normal,3.92
Pepper Bell,Flowering,Clay Loam,32.5,37.1,49.8,Moderate,8.7,Sprinkler (Overhead),None / Healthy,1.05,4.94,5.19,4.48,34.0,18.0,OPTIMAL_STANDBY,Low,0.0
Corn,Maturity,Clay Loam,29.4,41.4,79.5,High,36.1,Drip Irrigation,Tomato Septoria Leaf Spot,0.6,4.03,2.42,26.42,34.0,18.0,DELAY_RAIN_EXPECTED,Low,0.0
Pepper Bell,Maturity,Sandy Loam,15.5,32.6,57.6,None,0.0,Drip Irrigation,None / Healthy,0.85,3.83,3.26,0.0,22.0,10.0,MAINTENANCE_DRIP,Normal,3.2
Rice,Seedling,Loamy,16.4,21.1,55.3,Moderate,12.4,Sprinkler (Overhead),Potato Late Blight,1.05,2.12,2.23,7.43,28.0,14.0,SUSPEND_OVERHEAD_BLIGHT,Immediate,0.0
Wheat,Vegetative,Sandy Loam,18.0,41.4,70.5,Low,5.2,Sprinkler (Overhead),Pepper Bell Bacterial Spot,0.75,4.55,3.41,1.69,22.0,10.0,SUSPEND_OVERHEAD_BLIGHT,Immediate,0.0
Tomato,Vegetative,Sandy,14.3,21.7,77.6,Low,2.1,Sprinkler (Overhead),None / Healthy,0.85,2.0,1.7,0.0,15.0,6.0,OPTIMAL_STANDBY,Low,0.0
Rice,Seedling,Sandy Loam,17.3,37.8,23.4,Low,4.7,Drip Irrigation,Tomato Early Blight,1.05,6.4,6.72,1.24,22.0,10.0,MAINTENANCE_DRIP,Normal,5.5
Sugarcane,Vegetative,Sandy,4.9,25.9,61.1,None,0.0,Drip Irrigation,None / Healthy,0.85,2.68,2.28,0.0,15.0,6.0,IRRIGATE_IMMEDIATELY,Immediate,3.5
Sugarcane,Vegetative,Black Soil,35.1,15.9,26.7,Low,4.0,Flood / Surface,Tomato Target Spot,0.85,2.0,1.7,0.7,40.0,22.0,MAINTENANCE_DRIP,Normal,1.54
Corn,Maturity,Clay Loam,28.0,31.0,43.1,Moderate,16.2,Flood / Surface,None / Healthy,0.6,4.12,2.47,10.47,34.0,18.0,DELAY_RAIN_EXPECTED,Low,0.0
Soybean,Maturity,Loamy,29.5,17.6,53.2,High,20.1,Drip Irrigation,None / Healthy,0.5,2.0,1.0,13.58,28.0,14.0,DELAY_RAIN_EXPECTED,Low,0.0
Soybean,Maturity,Clay Loam,17.2,22.9,87.1,Low,4.2,Sub-surface Drip,None / Healthy,0.5,2.0,1.0,0.88,34.0,18.0,IRRIGATE_IMMEDIATELY,Immediate,3.5
Tomato,Maturity,Loamy,20.7,40.8,62.4,None,0.0,Drip Irrigation,Tomato Target Spot,0.8,4.91,3.93,0.0,28.0,14.0,MAINTENANCE_DRIP,Normal,3.61
Wheat,Fruiting,Loamy,35.3,16.7,33.3,None,0.0,Drip Irrigation,None / Healthy,0.85,2.0,1.7,0.0,28.0,14.0,OPTIMAL_STANDBY,Low,0.0
Cotton,Vegetative,Loamy,28.0,27.3,43.9,Low,3.4,Flood / Surface,None / Healthy,0.75,3.44,2.58,0.26,28.0,14.0,OPTIMAL_STANDBY,Low,0.0
Pepper Bell,Seedling,Loamy,23.5,33.6,76.5,Low,5.4,Flood / Surface,Tomato Septoria Leaf Spot,0.6,3.17,1.9,1.79,28.0,14.0,MAINTENANCE_DRIP,Normal,2.03
Sugarcane,Fruiting,Clay Loam,17.0,29.4,59.3,Moderate,10.1,Sprinkler (Overhead),Tomato Septoria Leaf Spot,1.25,3.26,4.07,5.58,34.0,18.0,SUSPEND_OVERHEAD_BLIGHT,Immediate,0.0
Sugarcane,Fruiting,Loamy,36.3,15.9,23.6,High,26.7,Flood / Surface,None / Healthy,1.25,2.0,2.5,18.85,28.0,14.0,DELAY_RAIN_EXPECTED,Low,0.0
Pepper Bell,Fruiting,Sandy,11.4,30.3,74.8,Moderate,11.0,Sprinkler (Overhead),None / Healthy,1.1,2.82,3.1,6.31,15.0,6.0,DELAY_RAIN_EXPECTED,Moderate,0.0
Sugarcane,Fruiting,Sandy Loam,35.7,28.8,74.9,None,0.0,Flood / Surface,None / Healthy,1.25,2.62,3.28,0.0,22.0,10.0,OPTIMAL_STANDBY,Low,0.0
Cotton,Seedling,Clay Loam,39.0,26.7,50.9,None,0.0,Sprinkler (Overhead),None / Healthy,0.45,3.11,1.4,0.0,34.0,18.0,OPTIMAL_STANDBY,Low,0.0
Soybean,Vegetative,Clay Loam,14.7,27.1,25.8,None,0.0,Sprinkler (Overhead),None / Healthy,0.7,3.97,2.78,0.0,34.0,18.0,IRRIGATE_IMMEDIATELY,Immediate,3.5
Corn,Maturity,Black Soil,30.4,24.8,69.5,Moderate,11.9,Drip Irrigation,None / Healthy,0.6,2.28,1.37,6.99,40.0,22.0,DELAY_RAIN_EXPECTED,Moderate,0.0
Soybean,Seedling,Sandy Loam,17.0,27.4,65.1,None,0.0,Flood / Surface,Potato Late Blight,0.4,2.76,1.1,0.0,22.0,10.0,MAINTENANCE_DRIP,Normal,1.5
Corn,Seedling,Sandy,12.6,19.8,24.4,Low,3.8,Drip Irrigation,Tomato Septoria Leaf Spot,0.4,2.56,1.02,0.51,15.0,6.0,MAINTENANCE_DRIP,Normal,1.5
Pepper Bell,Fruiting,Sandy Loam,18.8,18.2,32.9,Low,5.4,Sprinkler (Overhead),None / Healthy,1.1,2.07,2.28,1.82,22.0,10.0,MAINTENANCE_DRIP,Normal,2.42
Corn,Maturity,Sandy,12.4,28.1,35.1,None,0.0,Sprinkler (Overhead),None / Healthy,0.6,3.87,2.32,0.0,15.0,6.0,MAINTENANCE_DRIP,Normal,2.29
Wheat,Maturity,Sandy,11.3,25.0,65.3,High,39.8,Drip Irrigation,None / Healthy,0.35,2.43,0.85,29.38,15.0,6.0,DELAY_RAIN_EXPECTED,Low,0.0
Wheat,Seedling,Sandy Loam,21.0,14.6,93.7,Moderate,7.9,Sprinkler (Overhead),None / Healthy,0.4,2.0,0.8,3.86,22.0,10.0,OPTIMAL_STANDBY,Low,0.0
Wheat,Vegetative,Clay Loam,46.0,26.9,76.4,None,0.0,Drip Irrigation,Pepper Bell Bacterial Spot,0.75,2.33,1.75,0.0,34.0,18.0,OPTIMAL_STANDBY,Low,0.0
Corn,Flowering,Sandy Loam,17.0,37.1,67.4,Low,4.9,Drip Irrigation,Potato Late Blight,1.2,4.08,4.9,1.44,22.0,10.0,MAINTENANCE_DRIP,Normal,5.0
Soybean,Fruiting,Clay Loam,26.3,15.7,65.3,Low,4.8,Drip Irrigation,Tomato Yellow Leaf Curl Virus,1.05,2.0,2.1,1.35,34.0,18.0,MAINTENANCE_DRIP,Normal,2.01
Pepper Bell,Flowering,Sandy Loam,18.7,28.3,56.2,None,0.0,Drip Irrigation,Tomato Yellow Leaf Curl Virus,1.05,3.19,3.35,0.0,22.0,10.0,MAINTENANCE_DRIP,Normal,3.39
Corn,Fruiting,Loamy,24.5,29.8,85.9,None,0.0,Drip Irrigation,None / Healthy,1.1,2.56,2.82,0.0,28.0,14.0,MAINTENANCE_DRIP,Normal,3.14
Tomato,Vegetative,Loamy,28.5,40.2,93.8,Low,5.0,Sprinkler (Overhead),None / Healthy,0.85,3.85,3.27,1.49,28.0,14.0,OPTIMAL_STANDBY,Low,0.0
Corn,Seedling,Loamy,16.6,24.7,61.6,Moderate,7.8,Sprinkler (Overhead),Tomato Yellow Leaf Curl Virus,0.4,2.48,0.99,3.78,28.0,14.0,IRRIGATE_IMMEDIATELY,Immediate,3.5
Pepper Bell,Flowering,Sandy,24.2,19.0,27.4,None,0.0,Drip Irrigation,None / Healthy,1.05,2.33,2.45,0.0,15.0,6.0,OPTIMAL_STANDBY,Low,0.0
Rice,Maturity,Black Soil,21.9,19.8,64.1,None,0.0,Drip Irrigation,None / Healthy,0.95,2.0,1.9,0.0,40.0,22.0,IRRIGATE_IMMEDIATELY,Immediate,3.5
Sugarcane,Flowering,Loamy,22.1,37.3,36.8,None,0.0,Sub-surface Drip,None / Healthy,1.25,5.61,7.01,0.0,28.0,14.0,MAINTENANCE_DRIP,Normal,5.5
Soybean,Flowering,Sandy Loam,7.6,24.4,59.1,None,0.0,Flood / Surface,None / Healthy,1.15,2.51,2.89,0.0,22.0,10.0,IRRIGATE_IMMEDIATELY,Immediate,3.5
Cotton,Maturity,Clay Loam,24.2,25.1,30.0,None,0.0,Sub-surface Drip,None / Healthy,0.55,3.45,1.9,0.0,34.0,18.0,IRRIGATE_IMMEDIATELY,Immediate,3.5
Wheat,Vegetative,Black Soil,32.0,32.7,56.3,None,0.0,Sub-surface Drip,None / Healthy,0.75,3.9,2.92,0.0,40.0,22.0,MAINTENANCE_DRIP,Normal,3.14
Tomato,Maturity,Sandy,10.2,37.2,39.1,None,0.0,Drip Irrigation,Pepper Bell Bacterial Spot,0.8,5.48,4.38,0.0,15.0,6.0,MAINTENANCE_DRIP,Normal,4.66
Cotton,Flowering,Sandy,5.7,27.7,30.0,None,0.0,Flood / Surface,Tomato Target Spot,1.2,3.96,4.75,0.0,15.0,6.0,IRRIGATE_IMMEDIATELY,Immediate,6.01
Sugarcane,Vegetative,Sandy Loam,10.2,14.7,63.9,High,43.5,Drip Irrigation,Tomato Yellow Leaf Curl Virus,0.85,2.0,1.7,32.28,22.0,10.0,IRRIGATE_IMMEDIATELY,Immediate,3.5
Rice,Flowering,Sandy Loam,13.7,39.1,34.7,None,0.0,Flood / Surface,Pepper Bell Bacterial Spot,1.25,6.1,7.62,0.0,22.0,10.0,IRRIGATE_IMMEDIATELY,Immediate,7.0
Potato,Maturity,Loamy,12.4,30.0,33.6,Low,2.3,Flood / Surface,Tomato Early Blight,0.75,4.3,3.22,0.0,28.0,14.0,IRRIGATE_IMMEDIATELY,Immediate,4.06
Potato,Seedling,Black Soil,31.3,16.3,26.6,Low,1.9,Sprinkler (Overhead),Tomato Early Blight,0.5,2.0,1.0,0.0,40.0,22.0,SUSPEND_OVERHEAD_BLIGHT,Immediate,0.0
Rice,Fruiting,Black Soil,42.2,32.7,79.9,None,0.0,Flood / Surface,None / Healthy,1.2,2.91,3.49,0.0,40.0,22.0,OPTIMAL_STANDBY,Low,0.0
Pepper Bell,Seedling,Clay Loam,31.7,38.8,81.2,Low,1.1,Flood / Surface,None / Healthy,0.6,3.67,2.2,0.0,34.0,18.0,OPTIMAL_STANDBY,Low,0.0
Sugarcane,Flowering,Sandy,11.1,14.7,35.7,None,0.0,Drip Irrigation,None / Healthy,1.25,2.0,2.5,0.0,15.0,6.0,MAINTENANCE_DRIP,Normal,2.8
Soybean,Maturity,Black Soil,25.8,33.4,92.4,Moderate,11.3,Drip Irrigation,None / Healthy,0.5,2.99,1.5,6.56,40.0,22.0,IRRIGATE_IMMEDIATELY,Immediate,3.5
Soybean,Fruiting,Sandy Loam,9.6,32.1,75.9,None,0.0,Flood / Surface,Pepper Bell Bacterial Spot,1.05,2.99,3.14,0.0,22.0,10.0,IRRIGATE_IMMEDIATELY,Immediate,3.76
Rice,Seedling,Clay Loam,25.3,18.0,69.3,None,0.0,Flood / Surface,None / Healthy,1.05,2.0,2.1,0.0,34.0,18.0,MAINTENANCE_DRIP,Normal,2.0
Tomato,Seedling,Loamy,29.3,38.5,42.7,None,0.0,Drip Irrigation,None / Healthy,0.6,5.57,3.34,0.0,28.0,14.0,OPTIMAL_STANDBY,Low,0.0
Potato,Fruiting,Sandy,14.3,23.2,24.0,None,0.0,Sub-surface Drip,None / Healthy,1.15,3.23,3.71,0.0,15.0,6.0,OPTIMAL_STANDBY,Low,0.0
Pepper Bell,Vegetative,Clay Loam,46.5,16.4,71.2,Moderate,9.6,Flood / Surface,Potato Late Blight,0.8,2.0,1.6,5.17,34.0,18.0,OPTIMAL_STANDBY,Low,0.0
Cotton,Flowering,Sandy,7.7,21.1,85.5,Low,1.8,Sub-surface Drip,Tomato Yellow Leaf Curl Virus,1.2,2.0,2.4,0.0,15.0,6.0,IRRIGATE_IMMEDIATELY,Immediate,3.5
Soybean,Seedling,Loamy,29.9,30.2,43.1,Low,3.4,Flood / Surface,Tomato Septoria Leaf Spot,0.4,3.97,1.59,0.21,28.0,14.0,OPTIMAL_STANDBY,Low,0.0
Pepper Bell,Fruiting,Loamy,14.0,24.2,85.9,Low,4.6,Flood / Surface,None / Healthy,1.1,2.0,2.2,1.2,28.0,14.0,IRRIGATE_IMMEDIATELY,Immediate,3.5
Potato,Flowering,Sandy Loam,15.9,22.4,78.2,None,0.0,Sprinkler (Overhead),Tomato Target Spot,1.15,2.0,2.3,0.0,22.0,10.0,SUSPEND_OVERHEAD_BLIGHT,Immediate,0.0
Corn,Seedling,Black Soil,34.9,23.6,59.0,None,0.0,Sub-surface Drip,None / Healthy,0.4,2.4,0.96,0.0,40.0,22.0,MAINTENANCE_DRIP,Normal,1.5
Cotton,Flowering,Sandy Loam,13.3,25.6,51.7,Low,4.9,Drip Irrigation,None / Healthy,1.2,2.91,3.49,1.44,22.0,10.0,IRRIGATE_IMMEDIATELY,Immediate,4.82
Tomato,Flowering,Sandy,12.5,32.5,76.0,None,0.0,Drip Irrigation,None / Healthy,1.15,3.05,3.51,0.0,15.0,6.0,MAINTENANCE_DRIP,Normal,3.68
Sugarcane,Maturity,Sandy Loam,7.1,37.6,75.7,None,0.0,Drip Irrigation,None / Healthy,0.7,3.74,2.62,0.0,22.0,10.0,IRRIGATE_IMMEDIATELY,Immediate,3.5
Tomato,Vegetative,Sandy,14.3,20.8,25.5,Moderate,15.2,Drip Irrigation,None / Healthy,0.85,2.72,2.31,9.65,15.0,6.0,DELAY_RAIN_EXPECTED,Low,0.0
Soybean,Fruiting,Clay Loam,18.8,21.7,66.8,None,0.0,Sub-surface Drip,Potato Late Blight,1.05,2.0,2.1,0.0,34.0,18.0,IRRIGATE_IMMEDIATELY,Immediate,3.5
Tomato,Vegetative,Loamy,24.7,41.6,76.6,Low,2.2,Drip Irrigation,Potato Late Blight,0.85,4.23,3.6,0.0,28.0,14.0,MAINTENANCE_DRIP,Normal,3.77
Corn,Vegetative,Loamy,18.9,23.1,91.6,Low,1.6,Drip Irrigation,None / Healthy,0.85,2.0,1.7,0.0,28.0,14.0,IRRIGATE_IMMEDIATELY,Immediate,3.5
Cotton,Seedling,Clay Loam,25.7,39.3,57.0,None,0.0,Drip Irrigation,None / Healthy,0.45,4.97,2.24,0.0,34.0,18.0,MAINTENANCE_DRIP,Normal,2.26
Potato,Vegetative,Sandy,10.1,39.6,73.8,Low,2.4,Drip Irrigation,None / Healthy,0.8,4.11,3.29,0.0,15.0,6.0,MAINTENANCE_DRIP,Normal,3.28
Wheat,Maturity,Clay Loam,35.4,35.5,90.1,Low,5.5,Drip Irrigation,Tomato Septoria Leaf Spot,0.35,3.26,1.14,1.94,34.0,18.0,OPTIMAL_STANDBY,Low,0.0
Wheat,Fruiting,Sandy Loam,8.8,18.5,71.8,None,0.0,Drip Irrigation,None / Healthy,0.85,2.0,1.7,0.0,22.0,10.0,IRRIGATE_IMMEDIATELY,Immediate,3.5
Wheat,Fruiting,Sandy,10.2,16.4,48.3,None,0.0,Sprinkler (Overhead),None / Healthy,0.85,2.0,1.7,0.0,15.0,6.0,MAINTENANCE_DRIP,Normal,1.68
Corn,Maturity,Loamy,23.7,17.0,93.6,None,0.0,Sub-surface Drip,None / Healthy,0.6,2.0,1.2,0.0,28.0,14.0,MAINTENANCE_DRIP,Normal,1.5
Pepper Bell,Flowering,Black Soil,21.9,38.8,66.9,High,40.0,Drip Irrigation,None / Healthy,1.05,4.36,4.58,29.51,40.0,22.0,IRRIGATE_IMMEDIATELY,Immediate,5.93
Soybean,Vegetative,Sandy Loam,11.7,17.7,34.8,Moderate,9.6,Sprinkler (Overhead),None / Healthy,0.7,2.0,1.4,5.19,22.0,10.0,IRRIGATE_IMMEDIATELY,Immediate,3.5
Rice,Seedling,Loamy,22.1,27.2,48.4,None,0.0,Flood / Surface,None / Healthy,1.05,3.28,3.44,0.0,28.0,14.0,MAINTENANCE_DRIP,Normal,3.38
Tomato,Flowering,Sandy Loam,6.8,16.3,31.0,None,0.0,Flood / Surface,Tomato Early Blight,1.15,2.0,2.3,0.0,22.0,10.0,IRRIGATE_IMMEDIATELY,Immediate,3.5
Wheat,Seedling,Sandy Loam,17.7,23.6,28.4,None,0.0,Drip Irrigation,None / Healthy,0.4,3.2,1.28,0.0,22.0,10.0,MAINTENANCE_DRIP,Normal,1.5
Potato,Maturity,Sandy Loam,20.3,30.8,35.1,None,0.0,Sprinkler (Overhead),Tomato Target Spot,0.75,4.39,3.29,0.0,22.0,10.0,SUSPEND_OVERHEAD_BLIGHT,Immediate,0.0
Corn,Vegetative,Loamy,17.3,15.4,39.3,Low,3.3,Flood / Surface,None / Healthy,0.85,2.0,1.7,0.16,28.0,14.0,IRRIGATE_IMMEDIATELY,Immediate,3.5
Corn,Vegetative,Sandy,23.6,37.2,34.3,None,0.0,Sprinkler (Overhead),None / Healthy,0.85,5.73,4.87,0.0,15.0,6.0,OPTIMAL_STANDBY,Low,0.0
Tomato,Fruiting,Sandy,11.1,37.3,93.9,Moderate,15.7,Drip Irrigation,None / Healthy,1.2,3.48,4.18,10.06,15.0,6.0,DELAY_RAIN_EXPECTED,Low,0.0
Corn,Maturity,Sandy,11.9,26.6,76.2,None,0.0,Drip Irrigation,None / Healthy,0.6,2.3,1.38,0.0,15.0,6.0,MAINTENANCE_DRIP,Normal,1.5
Soybean,Seedling,Sandy Loam,17.3,34.0,91.8,None,0.0,Drip Irrigation,Tomato Septoria Leaf Spot,0.4,3.07,1.23,0.0,22.0,10.0,MAINTENANCE_DRIP,Normal,1.5
Tomato,Maturity,Sandy Loam,16.9,15.5,21.7,Low,2.8,Sprinkler (Overhead),None / Healthy,0.8,2.0,1.6,0.0,22.0,10.0,MAINTENANCE_DRIP,Normal,1.66
Corn,Flowering,Loamy,22.5,25.7,43.2,Moderate,17.3,Sprinkler (Overhead),None / Healthy,1.2,3.18,3.82,11.34,28.0,14.0,DELAY_RAIN_EXPECTED,Low,0.0
Corn,Vegetative,Clay Loam,23.1,19.4,61.7,Low,3.9,Flood / Surface,None / Healthy,0.85,2.0,1.7,0.64,34.0,18.0,IRRIGATE_IMMEDIATELY,Immediate,3.5
Wheat,Flowering,Black Soil,20.5,29.0,67.6,None,0.0,Drip Irrigation,Tomato Target Spot,1.15,2.9,3.33,0.0,40.0,22.0,IRRIGATE_IMMEDIATELY,Immediate,4.14
Cotton,Vegetative,Black Soil,26.4,40.0,59.6,High,25.7,Drip Irrigation,None / Healthy,0.75,4.95,3.71,18.09,40.0,22.0,DELAY_RAIN_EXPECTED,Low,0.0
Tomato,Flowering,Loamy,38.7,24.6,66.3,None,0.0,Sprinkler (Overhead),Potato Late Blight,1.15,2.34,2.69,0.0,28.0,14.0,SUSPEND_OVERHEAD_BLIGHT,Immediate,0.0
Potato,Fruiting,Sandy,5.7,27.6,21.9,None,0.0,Flood / Surface,None / Healthy,1.15,4.22,4.85,0.0,15.0,6.0,IRRIGATE_IMMEDIATELY,Immediate,6.01
Wheat,Fruiting,Sandy Loam,22.9,24.8,58.0,None,0.0,Flood / Surface,None / Healthy,0.85,2.6,2.21,0.0,22.0,10.0,OPTIMAL_STANDBY,Low,0.0
Cotton,Maturity,Clay Loam,19.1,28.1,44.6,High,38.2,Drip Irrigation,None / Healthy,0.55,3.54,1.95,28.03,34.0,18.0,IRRIGATE_IMMEDIATELY,Immediate,3.5
Cotton,Seedling,Loamy,22.2,28.5,66.1,Low,2.2,Flood / Surface,Tomato Target Spot,0.45,2.88,1.3,0.0,28.0,14.0,MAINTENANCE_DRIP,Normal,1.5
Rice,Fruiting,Sandy,10.4,28.1,77.7,Moderate,7.7,Sprinkler (Overhead),Potato Late Blight,1.2,2.44,2.93,3.65,15.0,6.0,SUSPEND_OVERHEAD_BLIGHT,Immediate,0.0
Potato,Seedling,Clay Loam,15.1,29.3,90.8,None,0.0,Drip Irrigation,None / Healthy,0.5,2.5,1.25,0.0,34.0,18.0,IRRIGATE_IMMEDIATELY,Immediate,3.5
Pepper Bell,Vegetative,Black Soil,26.9,17.0,47.5,None,0.0,Sprinkler (Overhead),None / Healthy,0.8,2.0,1.6,0.0,40.0,22.0,IRRIGATE_IMMEDIATELY,Immediate,3.5
Potato,Vegetative,Sandy Loam,18.4,22.0,67.3,Low,3.3,Flood / Surface,None / Healthy,0.8,2.0,1.6,0.12,22.0,10.0,MAINTENANCE_DRIP,Normal,1.5
Rice,Vegetative,Black Soil,31.3,18.6,24.8,None,0.0,Drip Irrigation,None / Healthy,1.15,2.31,2.66,0.0,40.0,22.0,MAINTENANCE_DRIP,Normal,2.49
Rice,Flowering,Sandy Loam,19.8,28.9,84.6,None,0.0,Sprinkler (Overhead),Tomato Septoria Leaf Spot,1.25,2.45,3.06,0.0,22.0,10.0,SUSPEND_OVERHEAD_BLIGHT,Immediate,0.0
Soybean,Vegetative,Sandy Loam,22.5,35.5,50.5,None,0.0,Sprinkler (Overhead),None / Healthy,0.7,4.61,3.23,0.0,22.0,10.0,OPTIMAL_STANDBY,Low,0.0
Corn,Maturity,Sandy,8.0,32.9,42.6,None,0.0,Drip Irrigation,Tomato Septoria Leaf Spot,0.6,4.5,2.7,0.0,15.0,6.0,IRRIGATE_IMMEDIATELY,Immediate,3.5
Wheat,Maturity,Black Soil,26.9,19.9,29.8,None,0.0,Sprinkler (Overhead),None / Healthy,0.35,2.45,0.86,0.0,40.0,22.0,IRRIGATE_IMMEDIATELY,Immediate,3.5
Corn,Maturity,Sandy Loam,19.0,38.8,26.5,None,0.0,Drip Irrigation,None / Healthy,0.6,6.47,3.88,0.0,22.0,10.0,MAINTENANCE_DRIP,Normal,4.05
Wheat,Vegetative,Sandy Loam,18.1,24.2,90.4,High,26.2,Flood / Surface,None / Healthy,0.75,2.0,1.5,18.43,22.0,10.0,DELAY_RAIN_EXPECTED,Low,0.0
Rice,Maturity,Loamy,24.6,15.8,49.0,Moderate,10.1,Drip Irrigation,None / Healthy,0.95,2.0,1.9,5.59,28.0,14.0,DELAY_RAIN_EXPECTED,Moderate,0.0
Potato,Fruiting,Sandy,15.4,31.9,83.8,None,0.0,Drip Irrigation,None / Healthy,1.15,2.81,3.23,0.0,15.0,6.0,OPTIMAL_STANDBY,Low,0.0
Sugarcane,Vegetative,Sandy,6.1,34.8,37.1,Low,1.3,Sprinkler (Overhead),Potato Late Blight,0.85,5.1,4.33,0.0,15.0,6.0,SUSPEND_OVERHEAD_BLIGHT,Immediate,0.0
Soybean,Vegetative,Sandy,12.0,38.8,31.4,None,0.0,Drip Irrigation,None / Healthy,0.7,6.21,4.35,0.0,15.0,6.0,MAINTENANCE_DRIP,Normal,4.29
Cotton,Fruiting,Sandy,12.9,33.4,69.6,Low,1.2,Drip Irrigation,Tomato Early Blight,0.85,3.43,2.92,0.0,15.0,6.0,MAINTENANCE_DRIP,Normal,2.93
Rice,Seedling,Clay Loam,28.9,26.4,90.4,Low,2.5,Drip Irrigation,None / Healthy,1.05,2.16,2.27,0.0,34.0,18.0,MAINTENANCE_DRIP,Normal,1.86
Tomato,Vegetative,Sandy,8.4,25.7,85.8,None,0.0,Sub-surface Drip,Tomato Target Spot,0.85,2.08,1.77,0.0,15.0,6.0,IRRIGATE_IMMEDIATELY,Immediate,3.5
Wheat,Maturity,Sandy,15.2,19.4,29.7,Moderate,10.3,Sprinkler (Overhead),None / Healthy,0.35,2.37,0.83,5.72,15.0,6.0,OPTIMAL_STANDBY,Low,0.0
Soybean,Seedling,Clay Loam,25.5,14.2,54.3,None,0.0,Drip Irrigation,None / Healthy,0.4,2.0,0.8,0.0,34.0,18.0,MAINTENANCE_DRIP,Normal,1.5
Cotton,Flowering,Clay Loam,22.3,21.9,33.8,Low,1.2,Flood / Surface,Tomato Early Blight,1.2,2.74,3.29,0.0,34.0,18.0,IRRIGATE_IMMEDIATELY,Immediate,4.09
Rice,Flowering,Loamy,22.4,39.0,52.5,None,0.0,Flood / Surface,None / Healthy,1.25,5.15,6.44,0.0,28.0,14.0,MAINTENANCE_DRIP,Normal,5.5
Cotton,Seedling,Sandy,12.7,15.6,89.8,Low,1.3,Flood / Surface,None / Healthy,0.45,2.0,0.9,0.0,15.0,6.0,MAINTENANCE_DRIP,Normal,1.5
Cotton,Seedling,Black Soil,38.1,37.0,49.4,Moderate,11.9,Flood / Surface,None / Healthy,0.45,4.94,2.22,7.04,40.0,22.0,OPTIMAL_STANDBY,Low,0.0
Soybean,Fruiting,Clay Loam,29.1,34.0,49.5,Moderate,9.8,Drip Irrigation,None / Healthy,1.05,4.39,4.61,5.38,34.0,18.0,DELAY_RAIN_EXPECTED,Moderate,0.0
Potato,Flowering,Loamy,23.3,40.4,79.1,Low,1.1,Sprinkler (Overhead),None / Healthy,1.15,3.92,4.51,0.0,28.0,14.0,MAINTENANCE_DRIP,Normal,4.25
Pepper Bell,Seedling,Black Soil,29.3,28.9,50.4,None,0.0,Sub-surface Drip,None / Healthy,0.6,3.49,2.09,0.0,40.0,22.0,IRRIGATE_IMMEDIATELY,Immediate,3.5
Rice,Maturity,Sandy,12.3,41.7,65.9,None,0.0,Drip Irrigation,Potato Late Blight,0.95,4.87,4.63,0.0,15.0,6.0,MAINTENANCE_DRIP,Normal,4.81
Pepper Bell,Seedling,Sandy,11.1,27.6,79.6,None,0.0,Drip Irrigation,None / Healthy,0.6,2.31,1.39,0.0,15.0,6.0,MAINTENANCE_DRIP,Normal,1.5
Tomato,Maturity,Sandy,7.6,28.4,83.4,None,0.0,Drip Irrigation,Tomato Septoria Leaf Spot,0.8,2.39,1.91,0.0,15.0,6.0,IRRIGATE_IMMEDIATELY,Immediate,3.5
Soybean,Seedling,Black Soil,24.7,32.5,49.2,Low,1.7,Drip Irrigation,None / Healthy,0.4,4.15,1.66,0.0,40.0,22.0,IRRIGATE_IMMEDIATELY,Immediate,3.5
Pepper Bell,Flowering,Sandy Loam,17.5,41.1,53.3,None,0.0,Drip Irrigation,None / Healthy,1.05,5.48,5.75,0.0,22.0,10.0,MAINTENANCE_DRIP,Normal,5.5
Cotton,Fruiting,Black Soil,31.8,23.9,43.7,None,0.0,Drip Irrigation,None / Healthy,0.85,2.85,2.42,0.0,40.0,22.0,MAINTENANCE_DRIP,Normal,2.33
Soybean,Vegetative,Sandy Loam,15.7,20.8,71.1,Low,4.6,Drip Irrigation,None / Healthy,0.7,2.0,1.4,1.16,22.0,10.0,MAINTENANCE_DRIP,Normal,1.5
Soybean,Vegetative,Sandy Loam,19.1,33.2,81.1,Moderate,11.6,Sprinkler (Overhead),Tomato Septoria Leaf Spot,0.7,2.97,2.08,6.77,22.0,10.0,SUSPEND_OVERHEAD_BLIGHT,Immediate,0.0
Cotton,Vegetative,Loamy,12.8,31.4,60.9,None,0.0,Drip Irrigation,None / Healthy,0.75,3.49,2.62,0.0,28.0,14.0,IRRIGATE_IMMEDIATELY,Immediate,3.5
Wheat,Vegetative,Sandy,14.3,41.3,91.6,None,0.0,Drip Irrigation,None / Healthy,0.75,4.0,3.0,0.0,15.0,6.0,OPTIMAL_STANDBY,Low,0.0
Rice,Flowering,Clay Loam,16.5,14.4,68.3,None,0.0,Drip Irrigation,None / Healthy,1.25,2.0,2.5,0.0,34.0,18.0,IRRIGATE_IMMEDIATELY,Immediate,3.5
Tomato,Seedling,Sandy Loam,18.6,33.4,77.5,None,0.0,Drip Irrigation,None / Healthy,0.6,3.1,1.86,0.0,22.0,10.0,MAINTENANCE_DRIP,Normal,1.79
Rice,Maturity,Clay Loam,22.0,31.1,88.6,None,0.0,Flood / Surface,Tomato Target Spot,0.95,2.71,2.57,0.0,34.0,18.0,IRRIGATE_IMMEDIATELY,Immediate,3.5
Pepper Bell,Flowering,Black Soil,23.7,31.7,58.9,Moderate,7.6,Sprinkler (Overhead),Potato Late Blight,1.05,3.62,3.8,3.55,40.0,22.0,SUSPEND_OVERHEAD_BLIGHT,Immediate,0.0
Potato,Seedling,Clay Loam,34.4,17.7,89.6,None,0.0,Drip Irrigation,None / Healthy,0.5,2.0,1.0,0.0,34.0,18.0,OPTIMAL_STANDBY,Low,0.0
Cotton,Vegetative,Clay Loam,25.4,30.2,68.5,Low,3.3,Drip Irrigation,None / Healthy,0.75,3.03,2.27,0.13,34.0,18.0,MAINTENANCE_DRIP,Normal,2.17
Pepper Bell,Vegetative,Sandy Loam,20.9,30.4,56.6,High,32.6,Drip Irrigation,Tomato Yellow Leaf Curl Virus,0.8,3.5,2.8,23.6,22.0,10.0,DELAY_RAIN_EXPECTED,Low,0.0
Wheat,Fruiting,Black Soil,35.0,22.8,66.6,Moderate,9.4,Drip Irrigation,None / Healthy,0.85,2.09,1.78,5.03,40.0,22.0,DELAY_RAIN_EXPECTED,Moderate,0.0
Cotton,Maturity,Clay Loam,26.9,17.2,75.2,Moderate,10.0,Sprinkler (Overhead),None / Healthy,0.55,2.0,1.1,5.52,34.0,18.0,DELAY_RAIN_EXPECTED,Moderate,0.0
Corn,Flowering,Black Soil,53.7,34.3,82.7,None,0.0,Sub-surface Drip,None / Healthy,1.2,3.1,3.72,0.0,40.0,22.0,OPTIMAL_STANDBY,Low,0.0
Corn,Flowering,Sandy Loam,16.2,21.1,77.6,Low,4.8,Flood / Surface,None / Healthy,1.2,2.0,2.4,1.31,22.0,10.0,MAINTENANCE_DRIP,Normal,2.43
Potato,Vegetative,Clay Loam,18.3,27.0,78.8,Moderate,17.4,Sprinkler (Overhead),None / Healthy,0.8,2.27,1.82,11.43,34.0,18.0,IRRIGATE_IMMEDIATELY,Immediate,3.5
Tomato,Flowering,Sandy Loam,18.0,33.6,43.0,Moderate,7.6,Sprinkler (Overhead),None / Healthy,1.15,4.61,5.3,3.6,22.0,10.0,MAINTENANCE_DRIP,Normal,5.38
Tomato,Maturity,Loamy,26.4,26.9,25.8,Moderate,14.4,Flood / Surface,None / Healthy,0.8,3.93,3.14,9.0,28.0,14.0,DELAY_RAIN_EXPECTED,Low,0.0
Cotton,Seedling,Loamy,20.4,23.3,39.1,None,0.0,Drip Irrigation,None / Healthy,0.45,2.88,1.3,0.0,28.0,14.0,MAINTENANCE_DRIP,Normal,1.5
Potato,Seedling,Black Soil,20.1,30.3,34.0,None,0.0,Sprinkler (Overhead),None / Healthy,0.5,4.34,2.17,0.0,40.0,22.0,IRRIGATE_IMMEDIATELY,Immediate,3.5
Cotton,Seedling,Black Soil,33.3,36.9,44.5,None,0.0,Drip Irrigation,None / Healthy,0.45,5.17,2.33,0.0,40.0,22.0,MAINTENANCE_DRIP,Normal,2.44
Rice,Maturity,Black Soil,49.5,17.6,70.7,Low,5.3,Flood / Surface,Potato Late Blight,0.95,2.0,1.9,1.73,40.0,22.0,OPTIMAL_STANDBY,Low,0.0
Corn,Seedling,Black Soil,26.7,35.9,72.7,Low,5.2,Flood / Surface,None / Healthy,0.4,3.64,1.46,1.64,40.0,22.0,IRRIGATE_IMMEDIATELY,Immediate,3.5
Soybean,Fruiting,Sandy,14.1,30.2,32.5,None,0.0,Drip Irrigation,Tomato Target Spot,1.05,4.38,4.6,0.0,15.0,6.0,OPTIMAL_STANDBY,Low,0.0
Cotton,Fruiting,Black Soil,26.7,41.3,36.7,None,0.0,Sub-surface Drip,Pepper Bell Bacterial Spot,0.85,6.47,5.5,0.0,40.0,22.0,IRRIGATE_IMMEDIATELY,Immediate,6.97
Sugarcane,Vegetative,Loamy,40.9,40.0,32.4,Low,1.0,Flood / Surface,None / Healthy,0.85,6.42,5.46,0.0,28.0,14.0,OPTIMAL_STANDBY,Low,0.0
Potato,Flowering,Loamy,24.5,39.4,32.7,Moderate,17.7,Drip Irrigation,Potato Late Blight,1.15,6.28,7.22,11.62,28.0,14.0,DELAY_RAIN_EXPECTED,Low,0.0
Tomato,Fruiting,Loamy,14.2,28.4,58.5,None,0.0,Drip Irrigation,Tomato Early Blight,1.2,3.13,3.76,0.0,28.0,14.0,IRRIGATE_IMMEDIATELY,Immediate,4.64
Rice,Flowering,Black Soil,22.2,20.6,32.4,None,0.0,Drip Irrigation,Tomato Septoria Leaf Spot,1.25,2.54,3.17,0.0,40.0,22.0,IRRIGATE_IMMEDIATELY,Immediate,3.82
Soybean,Maturity,Sandy Loam,22.6,37.3,94.4,Moderate,8.8,Sprinkler (Overhead),None / Healthy,0.5,3.48,1.74,4.54,22.0,10.0,OPTIMAL_STANDBY,Low,0.0
Tomato,Flowering,Sandy Loam,28.6,17.0,78.6,None,0.0,Sprinkler (Overhead),None / Healthy,1.15,2.0,2.3,0.0,22.0,10.0,OPTIMAL_STANDBY,Low,0.0
Soybean,Fruiting,Loamy,16.1,40.3,91.5,None,0.0,Sprinkler (Overhead),None / Healthy,1.05,3.87,4.06,0.0,28.0,14.0,IRRIGATE_IMMEDIATELY,Immediate,4.94
Corn,Fruiting,Sandy Loam,9.3,34.2,39.3,High,37.7,Drip Irrigation,None / Healthy,1.1,4.88,5.37,27.66,22.0,10.0,IRRIGATE_IMMEDIATELY,Immediate,6.51
Soybean,Flowering,Loamy,17.9,30.2,88.4,Low,1.9,Drip Irrigation,Tomato Target Spot,1.15,2.61,3.0,0.0,28.0,14.0,IRRIGATE_IMMEDIATELY,Immediate,3.82
Corn,Seedling,Clay Loam,25.5,31.6,94.1,None,0.0,Drip Irrigation,None / Healthy,0.4,2.78,1.11,0.0,34.0,18.0,MAINTENANCE_DRIP,Normal,1.5
Potato,Fruiting,Black Soil,33.9,25.2,51.4,None,0.0,Flood / Surface,Potato Late Blight,1.15,2.85,3.28,0.0,40.0,22.0,MAINTENANCE_DRIP,Normal,3.54
Soybean,Fruiting,Loamy,26.4,32.4,74.6,None,0.0,Flood / Surface,Tomato Early Blight,1.05,3.09,3.24,0.0,28.0,14.0,OPTIMAL_STANDBY,Low,0.0
Wheat,Vegetative,Sandy Loam,16.6,35.1,57.5,Moderate,8.4,Flood / Surface,Tomato Early Blight,0.75,4.23,3.17,4.22,22.0,10.0,DELAY_RAIN_EXPECTED,Moderate,0.0
Pepper Bell,Vegetative,Sandy,11.8,30.7,86.5,None,0.0,Flood / Surface,None / Healthy,0.8,2.66,2.13,0.0,15.0,6.0,MAINTENANCE_DRIP,Normal,1.96
Wheat,Fruiting,Clay Loam,35.8,23.7,33.0,Moderate,13.8,Drip Irrigation,Potato Late Blight,0.85,3.1,2.63,8.57,34.0,18.0,DELAY_RAIN_EXPECTED,Low,0.0
Pepper Bell,Fruiting,Sandy,11.4,14.2,21.5,None,0.0,Sprinkler (Overhead),Pepper Bell Bacterial Spot,1.1,2.0,2.2,0.0,15.0,6.0,SUSPEND_OVERHEAD_BLIGHT,Immediate,0.0
Potato,Vegetative,Black Soil,31.2,34.5,37.5,Moderate,15.9,Drip Irrigation,None / Healthy,0.8,5.03,4.02,10.26,40.0,22.0,DELAY_RAIN_EXPECTED,Low,0.0
Wheat,Vegetative,Clay Loam,21.5,34.7,22.2,Low,3.7,Drip Irrigation,None / Healthy,0.75,5.75,4.31,0.46,34.0,18.0,IRRIGATE_IMMEDIATELY,Immediate,5.75
Wheat,Vegetative,Black Soil,34.0,29.8,88.8,Low,5.0,Sub-surface Drip,None / Healthy,0.75,2.56,1.92,1.5,40.0,22.0,MAINTENANCE_DRIP,Normal,1.88
Tomato,Maturity,Sandy Loam,15.9,28.9,67.4,None,0.0,Sub-surface Drip,None / Healthy,0.8,2.9,2.32,0.0,22.0,10.0,MAINTENANCE_DRIP,Normal,2.72
Soybean,Vegetative,Sandy,12.8,20.2,32.3,None,0.0,Sprinkler (Overhead),None / Healthy,0.7,2.46,1.72,0.0,15.0,6.0,MAINTENANCE_DRIP,Normal,1.62
Cotton,Flowering,Sandy Loam,35.6,34.0,52.2,Low,2.5,Sub-surface Drip,Tomato Early Blight,1.2,4.28,5.14,0.0,22.0,10.0,OPTIMAL_STANDBY,Low,0.0
Sugarcane,Fruiting,Black Soil,22.7,16.8,58.2,None,0.0,Sub-surface Drip,None / Healthy,1.25,2.0,2.5,0.0,40.0,22.0,IRRIGATE_IMMEDIATELY,Immediate,3.5
Rice,Flowering,Clay Loam,40.4,31.8,23.1,Moderate,9.3,Sub-surface Drip,None / Healthy,1.25,5.07,6.34,4.92,34.0,18.0,OPTIMAL_STANDBY,Low,0.0
Tomato,Flowering,Sandy Loam,19.9,25.4,93.5,High,35.9,Drip Irrigation,None / Healthy,1.15,2.05,2.36,26.22,22.0,10.0,DELAY_RAIN_EXPECTED,Low,0.0
Wheat,Flowering,Sandy Loam,21.8,25.2,91.0,Low,3.0,Flood / Surface,Tomato Early Blight,1.15,2.03,2.33,0.0,22.0,10.0,OPTIMAL_STANDBY,Low,0.0
Tomato,Flowering,Sandy Loam,14.5,19.6,80.4,Moderate,16.4,Sub-surface Drip,None / Healthy,1.15,2.0,2.3,10.58,22.0,10.0,DELAY_RAIN_EXPECTED,Low,0.0
Pepper Bell,Flowering,Sandy,4.0,14.5,92.0,High,20.2,Drip Irrigation,Tomato Yellow Leaf Curl Virus,1.05,2.0,2.1,13.63,15.0,6.0,IRRIGATE_IMMEDIATELY,Immediate,3.5
Soybean,Maturity,Black Soil,26.9,34.0,81.4,High,36.4,Drip Irrigation,None / Healthy,0.5,3.06,1.53,26.58,40.0,22.0,DELAY_RAIN_EXPECTED,Low,0.0
Cotton,Seedling,Sandy,12.3,20.0,65.6,Low,1.4,Flood / Surface,None / Healthy,0.45,2.0,0.9,0.0,15.0,6.0,MAINTENANCE_DRIP,Normal,1.5
Potato,Maturity,Sandy,6.6,28.1,54.1,Moderate,15.3,Flood / Surface,None / Healthy,0.75,3.22,2.42,9.73,15.0,6.0,IRRIGATE_IMMEDIATELY,Immediate,3.5
Soybean,Seedling,Clay Loam,16.9,40.9,87.7,Moderate,14.7,Drip Irrigation,Tomato Target Spot,0.4,3.94,1.58,9.23,34.0,18.0,IRRIGATE_IMMEDIATELY,Immediate,3.5
Sugarcane,Vegetative,Sandy Loam,23.0,17.6,52.1,Moderate,8.8,Drip Irrigation,None / Healthy,0.85,2.0,1.7,4.52,22.0,10.0,OPTIMAL_STANDBY,Low,0.0
Tomato,Seedling,Sandy,14.7,24.0,59.7,Low,3.9,Drip Irrigation,None / Healthy,0.6,2.44,1.46,0.64,15.0,6.0,OPTIMAL_STANDBY,Low,0.0
Potato,Seedling,Sandy Loam,17.6,39.7,88.1,High,34.7,Sprinkler (Overhead),None / Healthy,0.5,3.78,1.89,25.28,22.0,10.0,DELAY_RAIN_EXPECTED,Low,0.0
Rice,Maturity,Loamy,22.7,22.6,22.6,None,0.0,Drip Irrigation,None / Healthy,0.95,3.15,2.99,0.0,28.0,14.0,MAINTENANCE_DRIP,Normal,2.68
Tomato,Maturity,Sandy Loam,12.3,26.8,77.0,None,0.0,Drip Irrigation,Tomato Yellow Leaf Curl Virus,0.8,2.31,1.85,0.0,22.0,10.0,IRRIGATE_IMMEDIATELY,Immediate,3.5
Cotton,Flowering,Clay Loam,23.1,19.7,75.6,None,0.0,Flood / Surface,None / Healthy,1.2,2.0,2.4,0.0,34.0,18.0,IRRIGATE_IMMEDIATELY,Immediate,3.5
Rice,Flowering,Black Soil,53.7,16.3,34.7,None,0.0,Drip Irrigation,None / Healthy,1.25,2.0,2.5,0.0,40.0,22.0,OPTIMAL_STANDBY,Low,0.0
Sugarcane,Flowering,Clay Loam,21.2,32.4,94.2,None,0.0,Sprinkler (Overhead),None / Healthy,1.25,2.87,3.59,0.0,34.0,18.0,IRRIGATE_IMMEDIATELY,Immediate,4.44
Pepper Bell,Maturity,Clay Loam,17.0,36.0,58.2,High,26.8,Drip Irrigation,None / Healthy,0.85,4.35,3.7,18.94,34.0,18.0,IRRIGATE_IMMEDIATELY,Immediate,4.9
Potato,Flowering,Sandy Loam,17.2,33.6,28.4,Low,5.2,Drip Irrigation,None / Healthy,1.15,5.23,6.01,1.7,22.0,10.0,MAINTENANCE_DRIP,Normal,5.5
Potato,Flowering,Black Soil,33.0,27.6,66.9,Moderate,17.4,Drip Irrigation,Tomato Yellow Leaf Curl Virus,1.15,2.74,3.15,11.43,40.0,22.0,DELAY_RAIN_EXPECTED,Low,0.0
Wheat,Fruiting,Loamy,21.4,17.8,82.7,Moderate,8.7,Drip Irrigation,None / Healthy,0.85,2.0,1.7,4.46,28.0,14.0,DELAY_RAIN_EXPECTED,Moderate,0.0
Wheat,Fruiting,Clay Loam,20.7,15.6,30.7,None,0.0,Sprinkler (Overhead),None / Healthy,0.85,2.0,1.7,0.0,34.0,18.0,IRRIGATE_IMMEDIATELY,Immediate,3.5
Pepper Bell,Fruiting,Clay Loam,18.2,28.2,57.4,None,0.0,Sprinkler (Overhead),None / Healthy,1.1,3.14,3.45,0.0,34.0,18.0,IRRIGATE_IMMEDIATELY,Immediate,4.58
Tomato,Flowering,Loamy,12.4,35.9,90.3,Low,4.5,Drip Irrigation,None / Healthy,1.15,3.3,3.79,1.07,28.0,14.0,IRRIGATE_IMMEDIATELY,Immediate,4.65
Rice,Fruiting,Black Soil,40.1,39.9,56.3,Low,2.6,Sub-surface Drip,Tomato Target Spot,1.2,5.11,6.13,0.0,40.0,22.0,OPTIMAL_STANDBY,Low,0.0
Cotton,Maturity,Black Soil,32.1,36.5,31.5,None,0.0,Drip Irrigation,None / Healthy,0.55,5.71,3.14,0.0,40.0,22.0,MAINTENANCE_DRIP,Normal,3.21
Sugarcane,Maturity,Sandy Loam,14.5,24.6,23.5,None,0.0,Drip Irrigation,None / Healthy,0.7,3.54,2.48,0.0,22.0,10.0,IRRIGATE_IMMEDIATELY,Immediate,3.5
Sugarcane,Fruiting,Black Soil,41.2,37.6,68.3,None,0.0,Sprinkler (Overhead),None / Healthy,1.25,4.1,5.12,0.0,40.0,22.0,OPTIMAL_STANDBY,Low,0.0
Soybean,Maturity,Sandy Loam,20.2,31.0,32.5,Moderate,15.8,Sprinkler (Overhead),None / Healthy,0.5,4.53,2.27,10.12,22.0,10.0,DELAY_RAIN_EXPECTED,Low,0.0
Pepper Bell,Flowering,Sandy Loam,13.6,32.6,82.7,Low,2.1,Drip Irrigation,None / Healthy,1.05,2.89,3.03,0.0,22.0,10.0,IRRIGATE_IMMEDIATELY,Immediate,3.67
Pepper Bell,Maturity,Sandy,12.8,16.7,42.7,High,35.6,Sprinkler (Overhead),Tomato Yellow Leaf Curl Virus,0.85,2.0,1.7,25.98,15.0,6.0,DELAY_RAIN_EXPECTED,Low,0.0
Potato,Maturity,Sandy,12.4,31.4,65.5,High,41.1,Flood / Surface,None / Healthy,0.75,3.32,2.49,30.37,15.0,6.0,DELAY_RAIN_EXPECTED,Low,0.0
Tomato,Flowering,Clay Loam,18.2,26.1,92.5,Low,3.3,Drip Irrigation,None / Healthy,1.15,2.13,2.45,0.11,34.0,18.0,IRRIGATE_IMMEDIATELY,Immediate,3.5
Corn,Vegetative,Sandy,7.1,24.4,21.3,Low,4.5,Drip Irrigation,None / Healthy,0.85,3.56,3.03,1.11,15.0,6.0,IRRIGATE_IMMEDIATELY,Immediate,3.85
Cotton,Maturity,Loamy,23.5,37.8,86.6,None,0.0,Drip Irrigation,None / Healthy,0.55,3.53,1.94,0.0,28.0,14.0,MAINTENANCE_DRIP,Normal,1.77
Tomato,Maturity,Black Soil,20.2,28.3,60.9,Low,2.8,Sprinkler (Overhead),Pepper Bell Bacterial Spot,0.8,3.02,2.42,0.0,40.0,22.0,SUSPEND_OVERHEAD_BLIGHT,Immediate,0.0
Tomato,Seedling,Loamy,17.3,34.1,60.4,Moderate,12.6,Sprinkler (Overhead),Tomato Early Blight,0.6,3.94,2.36,7.58,28.0,14.0,SUSPEND_OVERHEAD_BLIGHT,Immediate,0.0
Rice,Seedling,Clay Loam,16.9,32.2,81.8,Low,3.1,Sub-surface Drip,Tomato Septoria Leaf Spot,1.05,2.85,2.99,0.0,34.0,18.0,IRRIGATE_IMMEDIATELY,Immediate,3.5
Rice,Seedling,Sandy Loam,35.6,15.1,62.7,None,0.0,Flood / Surface,None / Healthy,1.05,2.0,2.1,0.0,22.0,10.0,OPTIMAL_STANDBY,Low,0.0
Rice,Seedling,Sandy,11.4,27.0,38.0,None,0.0,Sub-surface Drip,Tomato Early Blight,1.05,3.58,3.76,0.0,15.0,6.0,MAINTENANCE_DRIP,Normal,3.49
Rice,Seedling,Clay Loam,35.8,19.9,23.0,Low,4.7,Sub-surface Drip,Tomato Yellow Leaf Curl Virus,1.05,2.59,2.72,1.27,34.0,18.0,OPTIMAL_STANDBY,Low,0.0
Cotton,Maturity,Black Soil,27.7,28.2,94.4,None,0.0,Sprinkler (Overhead),Tomato Yellow Leaf Curl Virus,0.55,2.37,1.3,0.0,40.0,22.0,IRRIGATE_IMMEDIATELY,Immediate,3.5
Cotton,Seedling,Clay Loam,29.4,21.8,57.4,Low,2.6,Flood / Surface,None / Healthy,0.45,2.17,0.98,0.0,34.0,18.0,MAINTENANCE_DRIP,Normal,1.5
Potato,Fruiting,Sandy,12.6,28.3,90.6,Low,1.2,Sprinkler (Overhead),Tomato Yellow Leaf Curl Virus,1.15,2.39,2.75,0.0,15.0,6.0,MAINTENANCE_DRIP,Normal,2.8
Tomato,Seedling,Sandy Loam,9.0,36.3,40.2,Moderate,16.8,Flood / Surface,None / Healthy,0.6,5.26,3.16,10.91,22.0,10.0,IRRIGATE_IMMEDIATELY,Immediate,3.77
Wheat,Vegetative,Sandy,15.5,40.4,86.1,Low,3.6,Drip Irrigation,None / Healthy,0.75,3.87,2.9,0.36,15.0,6.0,OPTIMAL_STANDBY,Low,0.0
Wheat,Seedling,Sandy Loam,31.5,32.4,34.9,Low,1.7,Drip Irrigation,Pepper Bell Bacterial Spot,0.4,4.72,1.89,0.0,22.0,10.0,OPTIMAL_STANDBY,Low,0.0
Tomato,Flowering,Clay Loam,27.2,23.0,88.0,High,24.0,Flood / Surface,None / Healthy,1.15,2.0,2.3,16.68,34.0,18.0,DELAY_RAIN_EXPECTED,Low,0.0
Cotton,Fruiting,Sandy Loam,21.3,40.5,56.5,Low,4.5,Sub-surface Drip,None / Healthy,0.85,5.2,4.42,1.11,22.0,10.0,OPTIMAL_STANDBY,Low,0.0
Tomato,Fruiting,Sandy Loam,18.3,32.2,76.5,Moderate,13.8,Drip Irrigation,None / Healthy,1.2,2.99,3.59,8.57,22.0,10.0,DELAY_RAIN_EXPECTED,Low,0.0
Rice,Flowering,Loamy,26.0,17.1,40.1,Low,3.5,Sprinkler (Overhead),Tomato Yellow Leaf Curl Virus,1.25,2.0,2.5,0.27,28.0,14.0,OPTIMAL_STANDBY,Low,0.0
Tomato,Fruiting,Black Soil,30.9,26.4,86.8,None,0.0,Drip Irrigation,Tomato Septoria Leaf Spot,1.2,2.16,2.59,0.0,40.0,22.0,MAINTENANCE_DRIP,Normal,2.62
Tomato,Maturity,Sandy,15.9,36.6,77.9,Moderate,17.1,Sub-surface Drip,Pepper Bell Bacterial Spot,0.8,3.49,2.79,11.15,15.0,6.0,DELAY_RAIN_EXPECTED,Low,0.0
Soybean,Seedling,Clay Loam,19.7,31.7,76.0,None,0.0,Drip Irrigation,None / Healthy,0.4,2.94,1.18,0.0,34.0,18.0,IRRIGATE_IMMEDIATELY,Immediate,3.5
Potato,Maturity,Black Soil,19.3,16.2,47.0,Moderate,16.4,Sub-surface Drip,None / Healthy,0.75,2.0,1.5,10.65,40.0,22.0,IRRIGATE_IMMEDIATELY,Immediate,3.5
Cotton,Maturity,Sandy Loam,16.1,38.9,54.5,None,0.0,Drip Irrigation,None / Healthy,0.55,5.02,2.76,0.0,22.0,10.0,MAINTENANCE_DRIP,Normal,2.75
Sugarcane,Seedling,Sandy,10.1,23.4,59.1,None,0.0,Sprinkler (Overhead),None / Healthy,0.45,2.36,1.06,0.0,15.0,6.0,MAINTENANCE_DRIP,Normal,1.5
Potato,Seedling,Loamy,15.7,20.7,44.3,None,0.0,Sprinkler (Overhead),Potato Late Blight,0.5,2.3,1.15,0.0,28.0,14.0,SUSPEND_OVERHEAD_BLIGHT,Immediate,0.0
Wheat,Fruiting,Clay Loam,27.4,23.6,76.1,None,0.0,Flood / Surface,None / Healthy,0.85,2.0,1.7,0.0,34.0,18.0,MAINTENANCE_DRIP,Normal,1.77
Rice,Fruiting,Black Soil,38.5,40.4,75.5,Low,1.4,Drip Irrigation,None / Healthy,1.2,4.12,4.94,0.0,40.0,22.0,OPTIMAL_STANDBY,Low,0.0
Tomato,Maturity,Sandy Loam,20.9,24.8,84.1,None,0.0,Drip Irrigation,Pepper Bell Bacterial Spot,0.8,2.0,1.6,0.0,22.0,10.0,OPTIMAL_STANDBY,Low,0.0
Tomato,Seedling,Black Soil,24.2,28.7,28.8,None,0.0,Sprinkler (Overhead),None / Healthy,0.6,4.2,2.52,0.0,40.0,22.0,IRRIGATE_IMMEDIATELY,Immediate,3.5
Rice,Fruiting,Loamy,23.2,15.6,70.5,None,0.0,Drip Irrigation,None / Healthy,1.2,2.0,2.4,0.0,28.0,14.0,MAINTENANCE_DRIP,Normal,2.17
Rice,Flowering,Black Soil,34.1,41.2,41.4,Moderate,7.8,Sprinkler (Overhead),None / Healthy,1.25,6.18,7.72,3.73,40.0,22.0,MAINTENANCE_DRIP,Normal,5.5
Soybean,Flowering,Clay Loam,25.6,31.9,45.3,Low,5.5,Drip Irrigation,None / Healthy,1.15,4.2,4.83,1.93,34.0,18.0,MAINTENANCE_DRIP,Normal,5.07
Pepper Bell,Flowering,Loamy,18.5,39.1,71.4,Low,5.3,Drip Irrigation,Tomato Septoria Leaf Spot,1.05,4.16,4.37,1.74,28.0,14.0,IRRIGATE_IMMEDIATELY,Immediate,5.4
Corn,Seedling,Sandy Loam,16.8,15.8,74.7,None,0.0,Drip Irrigation,Tomato Yellow Leaf Curl Virus,0.4,2.0,0.8,0.0,22.0,10.0,MAINTENANCE_DRIP,Normal,1.5
Soybean,Maturity,Clay Loam,22.9,21.8,68.5,Moderate,16.6,Drip Irrigation,Tomato Yellow Leaf Curl Virus,0.5,2.0,1.0,10.79,34.0,18.0,DELAY_RAIN_EXPECTED,Low,0.0
Soybean,Maturity,Black Soil,33.8,32.4,37.5,Low,5.3,Drip Irrigation,None / Healthy,0.5,4.6,2.3,1.76,40.0,22.0,MAINTENANCE_DRIP,Normal,2.48
Cotton,Vegetative,Clay Loam,17.0,36.5,51.1,None,0.0,Sprinkler (Overhead),None / Healthy,0.75,4.76,3.57,0.0,34.0,18.0,IRRIGATE_IMMEDIATELY,Immediate,4.82
Tomato,Maturity,Sandy Loam,23.2,20.4,50.5,None,0.0,Drip Irrigation,Tomato Septoria Leaf Spot,0.8,2.11,1.69,0.0,22.0,10.0,OPTIMAL_STANDBY,Low,0.0
Corn,Maturity,Loamy,11.5,26.3,36.4,High,22.4,Sprinkler (Overhead),Tomato Early Blight,0.6,3.49,2.09,15.41,28.0,14.0,SUSPEND_OVERHEAD_BLIGHT,Immediate,0.0
Soybean,Maturity,Sandy,6.6,15.0,63.1,Moderate,15.7,Flood / Surface,None / Healthy,0.5,2.0,1.0,10.02,15.0,6.0,IRRIGATE_IMMEDIATELY,Immediate,3.5
Potato,Fruiting,Clay Loam,16.5,18.5,62.2,High,43.5,Drip Irrigation,None / Healthy,1.15,2.0,2.3,32.33,34.0,18.0,IRRIGATE_IMMEDIATELY,Immediate,3.5
Sugarcane,Maturity,Sandy Loam,15.7,25.4,41.6,Low,3.8,Sub-surface Drip,Pepper Bell Bacterial Spot,0.7,3.18,2.23,0.53,22.0,10.0,MAINTENANCE_DRIP,Normal,2.09
Soybean,Fruiting,Sandy,11.8,27.0,24.7,None,0.0,Drip Irrigation,None / Healthy,1.05,4.0,4.2,0.0,15.0,6.0,MAINTENANCE_DRIP,Normal,4.53
Corn,Fruiting,Black Soil,34.5,36.6,23.7,None,0.0,Flood / Surface,Tomato Septoria Leaf Spot,1.1,6.11,6.72,0.0,40.0,22.0,MAINTENANCE_DRIP,Normal,5.5
Cotton,Vegetative,Black Soil,22.6,25.9,61.4,High,34.6,Sprinkler (Overhead),Potato Late Blight,0.75,2.67,2.0,25.16,40.0,22.0,SUSPEND_OVERHEAD_BLIGHT,Immediate,0.0
Soybean,Seedling,Sandy Loam,17.2,37.1,42.8,Moderate,11.4,Flood / Surface,None / Healthy,0.4,5.29,2.12,6.61,22.0,10.0,DELAY_RAIN_EXPECTED,Moderate,0.0
Tomato,Fruiting,Black Soil,40.9,31.6,47.4,Low,3.7,Drip Irrigation,Pepper Bell Bacterial Spot,1.2,4.06,4.87,0.44,40.0,22.0,OPTIMAL_STANDBY,Low,0.0
Sugarcane,Vegetative,Black Soil,30.4,32.7,80.6,None,0.0,Sprinkler (Overhead),Tomato Early Blight,0.85,2.9,2.46,0.0,40.0,22.0,SUSPEND_OVERHEAD_BLIGHT,Immediate,0.0
Corn,Vegetative,Sandy,4.0,40.1,77.8,Moderate,15.2,Sprinkler (Overhead),None / Healthy,0.85,3.96,3.37,9.68,15.0,6.0,IRRIGATE_IMMEDIATELY,Immediate,4.0
Tomato,Maturity,Sandy Loam,16.0,39.3,31.7,Low,2.8,Drip Irrigation,None / Healthy,0.8,6.31,5.05,0.0,22.0,10.0,MAINTENANCE_DRIP,Normal,5.06
Corn,Fruiting,Black Soil,32.8,28.4,44.8,Moderate,16.2,Sprinkler (Overhead),None / Healthy,1.1,3.6,3.96,10.47,40.0,22.0,DELAY_RAIN_EXPECTED,Low,0.0
Cotton,Fruiting,Sandy Loam,18.3,30.9,28.0,None,0.0,Drip Irrigation,None / Healthy,0.85,4.68,3.98,0.0,22.0,10.0,MAINTENANCE_DRIP,Normal,3.79
Sugarcane,Flowering,Sandy Loam,8.3,22.8,43.0,None,0.0,Drip Irrigation,None / Healthy,1.25,2.68,3.35,0.0,22.0,10.0,IRRIGATE_IMMEDIATELY,Immediate,4.07
Sugarcane,Maturity,Black Soil,36.2,19.1,56.4,None,0.0,Drip Irrigation,Potato Late Blight,0.7,2.0,1.4,0.0,40.0,22.0,OPTIMAL_STANDBY,Low,0.0
Tomato,Seedling,Sandy Loam,10.5,40.1,35.5,Low,2.8,Drip Irrigation,None / Healthy,0.6,6.27,3.76,0.0,22.0,10.0,IRRIGATE_IMMEDIATELY,Immediate,4.89
Potato,Fruiting,Sandy Loam,7.8,23.0,51.6,None,0.0,Sprinkler (Overhead),Potato Late Blight,1.15,2.49,2.86,0.0,22.0,10.0,SUSPEND_OVERHEAD_BLIGHT,Immediate,0.0
Rice,Flowering,Loamy,24.6,37.8,56.2,None,0.0,Flood / Surface,Tomato Yellow Leaf Curl Virus,1.25,4.75,5.94,0.0,28.0,14.0,MAINTENANCE_DRIP,Normal,5.5
Corn,Flowering,Black Soil,35.1,39.5,66.2,None,0.0,Drip Irrigation,None / Healthy,1.2,4.5,5.4,0.0,40.0,22.0,MAINTENANCE_DRIP,Normal,5.5
Sugarcane,Fruiting,Clay Loam,18.8,32.3,58.4,Moderate,8.7,Drip Irrigation,None / Healthy,1.25,3.74,4.68,4.5,34.0,18.0,IRRIGATE_IMMEDIATELY,Immediate,6.08
Wheat,Vegetative,Sandy Loam,8.6,29.1,20.4,None,0.0,Flood / Surface,None / Healthy,0.75,4.57,3.43,0.0,22.0,10.0,IRRIGATE_IMMEDIATELY,Immediate,4.15
Rice,Fruiting,Loamy,21.7,25.6,42.0,Moderate,11.1,Sprinkler (Overhead),None / Healthy,1.2,3.19,3.83,6.4,28.0,14.0,DELAY_RAIN_EXPECTED,Moderate,0.0
Potato,Fruiting,Sandy,11.7,30.8,24.6,None,0.0,Flood / Surface,Potato Late Blight,1.15,4.81,5.53,0.0,15.0,6.0,MAINTENANCE_DRIP,Normal,5.5
Sugarcane,Fruiting,Sandy,13.6,23.9,44.4,Low,3.4,Sprinkler (Overhead),None / Healthy,1.25,2.83,3.54,0.19,15.0,6.0,OPTIMAL_STANDBY,Low,0.0
Rice,Maturity,Clay Loam,27.4,18.5,87.2,None,0.0,Flood / Surface,None / Healthy,0.95,2.0,1.9,0.0,34.0,18.0,MAINTENANCE_DRIP,Normal,2.03
Tomato,Flowering,Sandy,4.6,23.8,48.3,Moderate,12.9,Drip Irrigation,None / Healthy,1.15,2.72,3.13,7.8,15.0,6.0,IRRIGATE_IMMEDIATELY,Immediate,4.02
Corn,Maturity,Loamy,18.8,33.9,21.6,None,0.0,Drip Irrigation,None / Healthy,0.6,5.59,3.35,0.0,28.0,14.0,IRRIGATE_IMMEDIATELY,Immediate,4.34
Potato,Flowering,Sandy,7.4,41.6,48.8,None,0.0,Flood / Surface,Tomato Septoria Leaf Spot,1.15,5.82,6.69,0.0,15.0,6.0,IRRIGATE_IMMEDIATELY,Immediate,7.0
Corn,Fruiting,Sandy,6.9,41.9,31.5,Moderate,16.5,Sprinkler (Overhead),None / Healthy,1.1,6.89,7.58,10.69,15.0,6.0,IRRIGATE_IMMEDIATELY,Immediate,7.0
Potato,Seedling,Loamy,22.4,26.5,82.2,None,0.0,Flood / Surface,Tomato Early Blight,0.5,2.18,1.09,0.0,28.0,14.0,MAINTENANCE_DRIP,Normal,1.5
Sugarcane,Vegetative,Sandy,11.9,26.9,21.1,Low,2.4,Sprinkler (Overhead),None / Healthy,0.85,4.08,3.47,0.0,15.0,6.0,MAINTENANCE_DRIP,Normal,3.17
Rice,Vegetative,Sandy Loam,10.5,26.1,66.7,None,0.0,Drip Irrigation,None / Healthy,1.15,2.53,2.91,0.0,22.0,10.0,IRRIGATE_IMMEDIATELY,Immediate,3.52
Tomato,Fruiting,Sandy,10.1,35.4,52.5,Moderate,12.3,Sprinkler (Overhead),None / Healthy,1.2,4.52,5.42,7.36,15.0,6.0,DELAY_RAIN_EXPECTED,Moderate,0.0
Rice,Flowering,Loamy,20.5,27.5,76.7,None,0.0,Drip Irrigation,None / Healthy,1.25,2.4,3.0,0.0,28.0,14.0,MAINTENANCE_DRIP,Normal,2.83
Potato,Seedling,Clay Loam,23.4,21.3,25.0,High,19.7,Drip Irrigation,None / Healthy,0.5,2.84,1.42,13.29,34.0,18.0,DELAY_RAIN_EXPECTED,Low,0.0
Soybean,Fruiting,Black Soil,30.2,36.1,43.3,None,0.0,Sub-surface Drip,Tomato Septoria Leaf Spot,1.05,5.06,5.31,0.0,40.0,22.0,MAINTENANCE_DRIP,Normal,5.13
Soybean,Maturity,Black Soil,31.0,16.3,77.4,Moderate,7.8,Sprinkler (Overhead),None / Healthy,0.5,2.0,1.0,3.71,40.0,22.0,MAINTENANCE_DRIP,Normal,1.5
Rice,Vegetative,Loamy,26.5,17.5,90.9,Low,1.7,Flood / Surface,None / Healthy,1.15,2.0,2.3,0.0,28.0,14.0,OPTIMAL_STANDBY,Low,0.0
Sugarcane,Flowering,Black Soil,39.5,20.7,41.0,None,0.0,Drip Irrigation,None / Healthy,1.25,2.37,2.96,0.0,40.0,22.0,OPTIMAL_STANDBY,Low,0.0
Pepper Bell,Flowering,Clay Loam,23.2,31.6,72.4,Moderate,14.8,Drip Irrigation,Potato Late Blight,1.05,3.07,3.22,9.36,34.0,18.0,DELAY_RAIN_EXPECTED,Low,0.0
Cotton,Fruiting,Sandy Loam,19.3,24.6,76.2,Low,1.5,Drip Irrigation,None / Healthy,0.85,2.06,1.75,0.0,22.0,10.0,MAINTENANCE_DRIP,Normal,1.78
Rice,Vegetative,Clay Loam,27.5,17.8,43.6,None,0.0,Drip Irrigation,None / Healthy,1.15,2.0,2.3,0.0,34.0,18.0,MAINTENANCE_DRIP,Normal,2.1
Sugarcane,Seedling,Sandy Loam,20.9,35.2,80.7,None,0.0,Sub-surface Drip,None / Healthy,0.45,3.21,1.44,0.0,22.0,10.0,OPTIMAL_STANDBY,Low,0.0
Wheat,Flowering,Sandy Loam,17.1,16.3,88.6,Low,2.5,Flood / Surface,None / Healthy,1.15,2.0,2.3,0.0,22.0,10.0,MAINTENANCE_DRIP,Normal,2.28
Pepper Bell,Fruiting,Sandy Loam,7.0,16.0,84.1,High,39.3,Sub-surface Drip,None / Healthy,1.1,2.0,2.2,28.96,22.0,10.0,IRRIGATE_IMMEDIATELY,Immediate,3.5
Cotton,Fruiting,Black Soil,30.3,25.9,20.7,None,0.0,Flood / Surface,None / Healthy,0.85,3.88,3.3,0.0,40.0,22.0,MAINTENANCE_DRIP,Normal,3.31
Sugarcane,Flowering,Clay Loam,37.4,32.5,52.6,Low,5.1,Sprinkler (Overhead),None / Healthy,1.25,4.02,5.02,1.58,34.0,18.0,OPTIMAL_STANDBY,Low,0.0
Potato,Flowering,Black Soil,45.2,18.6,80.9,Low,5.3,Drip Irrigation,None / Healthy,1.15,2.0,2.3,1.71,40.0,22.0,OPTIMAL_STANDBY,Low,0.0
Cotton,Flowering,Sandy Loam,21.2,41.5,89.4,None,0.0,Drip Irrigation,None / Healthy,1.2,4.02,4.82,0.0,22.0,10.0,OPTIMAL_STANDBY,Low,0.0
Tomato,Maturity,Black Soil,49.7,23.9,44.1,None,0.0,Drip Irrigation,None / Healthy,0.8,2.85,2.28,0.0,40.0,22.0,OPTIMAL_STANDBY,Low,0.0
Soybean,Vegetative,Sandy Loam,6.9,41.8,69.4,None,0.0,Flood / Surface,Tomato Early Blight,0.7,4.67,3.27,0.0,22.0,10.0,IRRIGATE_IMMEDIATELY,Immediate,4.1
Sugarcane,Seedling,Sandy,7.2,23.5,92.1,High,33.2,Sub-surface Drip,None / Healthy,0.45,2.0,0.9,24.09,15.0,6.0,IRRIGATE_IMMEDIATELY,Immediate,3.5
Pepper Bell,Seedling,Loamy,18.7,17.6,52.3,None,0.0,Sprinkler (Overhead),None / Healthy,0.6,2.0,1.2,0.0,28.0,14.0,IRRIGATE_IMMEDIATELY,Immediate,3.5
Corn,Seedling,Sandy Loam,23.9,21.4,20.4,None,0.0,Drip Irrigation,None / Healthy,0.4,2.96,1.18,0.0,22.0,10.0,OPTIMAL_STANDBY,Low,0.0
Potato,Seedling,Sandy,7.8,33.7,25.1,Low,2.0,Drip Irrigation,None / Healthy,0.5,5.4,2.7,0.0,15.0,6.0,IRRIGATE_IMMEDIATELY,Immediate,3.55
Sugarcane,Flowering,Black Soil,29.1,35.9,89.1,None,0.0,Drip Irrigation,None / Healthy,1.25,3.31,4.14,0.0,40.0,22.0,IRRIGATE_IMMEDIATELY,Immediate,5.18
Cotton,Seedling,Black Soil,33.6,32.9,78.3,None,0.0,Drip Irrigation,None / Healthy,0.45,3.0,1.35,0.0,40.0,22.0,MAINTENANCE_DRIP,Normal,1.5
Pepper Bell,Fruiting,Black Soil,38.7,40.5,34.8,Moderate,16.6,Drip Irrigation,None / Healthy,1.1,6.4,7.04,10.8,40.0,22.0,DELAY_RAIN_EXPECTED,Low,0.0
Corn,Flowering,Black Soil,39.8,30.2,34.2,Moderate,16.9,Drip Irrigation,Tomato Early Blight,1.2,4.31,5.17,11.03,40.0,22.0,DELAY_RAIN_EXPECTED,Low,0.0
Sugarcane,Seedling,Loamy,29.2,33.1,57.6,None,0.0,Drip Irrigation,None / Healthy,0.45,3.91,1.76,0.0,28.0,14.0,OPTIMAL_STANDBY,Low,0.0
Potato,Vegetative,Sandy Loam,15.5,22.0,51.8,None,0.0,Drip Irrigation,None / Healthy,0.8,2.34,1.87,0.0,22.0,10.0,MAINTENANCE_DRIP,Normal,1.89
Wheat,Flowering,Loamy,14.6,22.4,66.9,None,0.0,Drip Irrigation,None / Healthy,1.15,2.03,2.33,0.0,28.0,14.0,IRRIGATE_IMMEDIATELY,Immediate,3.5
Wheat,Flowering,Clay Loam,27.7,16.0,26.7,Low,3.2,Sprinkler (Overhead),None / Healthy,1.15,2.0,2.3,0.04,34.0,18.0,MAINTENANCE_DRIP,Normal,2.46
Corn,Flowering,Black Soil,36.9,26.4,34.1,None,0.0,Drip Irrigation,None / Healthy,1.2,3.58,4.3,0.0,40.0,22.0,OPTIMAL_STANDBY,Low,0.0
Wheat,Fruiting,Sandy,5.8,33.7,36.2,None,0.0,Flood / Surface,None / Healthy,0.85,4.92,4.18,0.0,15.0,6.0,IRRIGATE_IMMEDIATELY,Immediate,5.0
Tomato,Flowering,Loamy,23.6,39.5,78.1,None,0.0,Drip Irrigation,Tomato Target Spot,1.15,3.86,4.44,0.0,28.0,14.0,MAINTENANCE_DRIP,Normal,4.51
Corn,Maturity,Black Soil,49.3,21.5,65.3,Low,5.4,Drip Irrigation,None / Healthy,0.6,2.0,1.2,1.79,40.0,22.0,OPTIMAL_STANDBY,Low,0.0
Tomato,Fruiting,Black Soil,34.8,31.1,23.0,High,42.4,Drip Irrigation,None / Healthy,1.2,4.92,5.9,31.45,40.0,22.0,DELAY_RAIN_EXPECTED,Low,0.0
Soybean,Flowering,Sandy,16.5,14.6,63.7,None,0.0,Drip Irrigation,None / Healthy,1.15,2.0,2.3,0.0,15.0,6.0,OPTIMAL_STANDBY,Low,0.0
Rice,Vegetative,Sandy,11.2,17.9,53.0,None,0.0,Flood / Surface,None / Healthy,1.15,2.0,2.3,0.0,15.0,6.0,MAINTENANCE_DRIP,Normal,2.39
Tomato,Vegetative,Sandy,4.8,40.1,84.4,High,37.0,Flood / Surface,None / Healthy,0.85,3.84,3.26,27.12,15.0,6.0,IRRIGATE_IMMEDIATELY,Immediate,4.17
Tomato,Maturity,Sandy,12.8,37.3,29.4,Low,1.6,Drip Irrigation,None / Healthy,0.8,5.99,4.79,0.0,15.0,6.0,MAINTENANCE_DRIP,Normal,4.59
Corn,Vegetative,Sandy,14.5,14.6,28.5,Moderate,13.7,Sub-surface Drip,None / Healthy,0.85,2.0,1.7,8.46,15.0,6.0,DELAY_RAIN_EXPECTED,Low,0.0
Tomato,Vegetative,Sandy,11.9,29.7,74.6,None,0.0,Drip Irrigation,None / Healthy,0.85,2.74,2.33,0.0,15.0,6.0,MAINTENANCE_DRIP,Normal,2.52
Potato,Maturity,Loamy,18.1,27.8,22.7,None,0.0,Flood / Surface,None / Healthy,0.75,4.22,3.17,0.0,28.0,14.0,IRRIGATE_IMMEDIATELY,Immediate,4.41
Wheat,Seedling,Sandy,8.1,41.7,32.5,None,0.0,Drip Irrigation,None / Healthy,0.4,6.79,2.72,0.0,15.0,6.0,IRRIGATE_IMMEDIATELY,Immediate,3.54
Pepper Bell,Flowering,Sandy Loam,17.5,31.7,53.7,Low,1.9,Drip Irrigation,None / Healthy,1.05,3.82,4.01,0.0,22.0,10.0,MAINTENANCE_DRIP,Normal,3.93
Rice,Flowering,Black Soil,36.2,39.0,89.0,Moderate,7.6,Drip Irrigation,None / Healthy,1.25,3.7,4.62,3.59,40.0,22.0,OPTIMAL_STANDBY,Low,0.0
Pepper Bell,Fruiting,Clay Loam,28.8,20.3,89.9,Moderate,12.4,Sprinkler (Overhead),Tomato Yellow Leaf Curl Virus,1.1,2.0,2.2,7.4,34.0,18.0,DELAY_RAIN_EXPECTED,Moderate,0.0
Pepper Bell,Maturity,Sandy,11.4,24.7,36.7,Moderate,16.1,Sprinkler (Overhead),None / Healthy,0.85,3.19,2.71,10.36,15.0,6.0,DELAY_RAIN_EXPECTED,Low,0.0
Sugarcane,Maturity,Loamy,26.7,36.7,48.1,High,25.0,Flood / Surface,None / Healthy,0.7,4.95,3.46,17.51,28.0,14.0,DELAY_RAIN_EXPECTED,Low,0.0
Pepper Bell,Vegetative,Sandy Loam,16.2,32.8,34.1,High,35.2,Sprinkler (Overhead),None / Healthy,0.8,4.82,3.86,25.7,22.0,10.0,DELAY_RAIN_EXPECTED,Low,0.0
Wheat,Seedling,Loamy,21.0,41.2,52.9,Low,5.3,Drip Irrigation,Tomato Target Spot,0.4,5.52,2.21,1.74,28.0,14.0,MAINTENANCE_DRIP,Normal,2.23
Potato,Fruiting,Sandy,25.0,27.7,65.2,High,27.5,Drip Irrigation,None / Healthy,1.15,2.8,3.22,19.47,15.0,6.0,DELAY_RAIN_EXPECTED,Low,0.0
Soybean,Vegetative,Black Soil,26.8,41.3,23.5,Low,2.8,Drip Irrigation,None / Healthy,0.7,7.21,5.05,0.0,40.0,22.0,IRRIGATE_IMMEDIATELY,Immediate,6.7
Tomato,Fruiting,Sandy,14.2,38.9,62.7,Low,5.1,Drip Irrigation,Tomato Target Spot,1.2,4.6,5.52,1.55,15.0,6.0,OPTIMAL_STANDBY,Low,0.0
Wheat,Maturity,Black Soil,36.2,37.6,42.4,Moderate,10.5,Drip Irrigation,None / Healthy,0.35,5.4,1.89,5.89,40.0,22.0,OPTIMAL_STANDBY,Low,0.0
Wheat,Vegetative,Sandy Loam,17.4,29.7,86.2,None,0.0,Flood / Surface,None / Healthy,0.75,2.55,1.91,0.0,22.0,10.0,MAINTENANCE_DRIP,Normal,2.14
Wheat,Maturity,Sandy,16.1,31.2,56.2,High,21.4,Drip Irrigation,None / Healthy,0.35,3.65,1.28,14.65,15.0,6.0,DELAY_RAIN_EXPECTED,Low,0.0
Tomato,Fruiting,Sandy,12.1,30.6,90.2,Moderate,14.5,Sprinkler (Overhead),Pepper Bell Bacterial Spot,1.2,2.65,3.18,9.07,15.0,6.0,SUSPEND_OVERHEAD_BLIGHT,Immediate,0.0
Corn,Seedling,Clay Loam,25.2,33.5,79.7,None,0.0,Flood / Surface,Tomato Yellow Leaf Curl Virus,0.4,3.01,1.2,0.0,34.0,18.0,MAINTENANCE_DRIP,Normal,1.5
Pepper Bell,Seedling,Black Soil,28.7,16.0,91.6,None,0.0,Drip Irrigation,Potato Late Blight,0.6,2.0,1.2,0.0,40.0,22.0,IRRIGATE_IMMEDIATELY,Immediate,3.5
Potato,Fruiting,Loamy,23.4,40.0,24.1,None,0.0,Drip Irrigation,None / Healthy,1.15,6.87,7.9,0.0,28.0,14.0,MAINTENANCE_DRIP,Normal,5.5
Pepper Bell,Flowering,Clay Loam,27.7,23.6,85.6,None,0.0,Sprinkler (Overhead),Potato Late Blight,1.05,2.0,2.1,0.0,34.0,18.0,SUSPEND_OVERHEAD_BLIGHT,Immediate,0.0
Pepper Bell,Fruiting,Clay Loam,32.2,27.0,65.0,Moderate,8.9,Drip Irrigation,None / Healthy,1.1,2.71,2.98,4.61,34.0,18.0,OPTIMAL_STANDBY,Low,0.0
Tomato,Fruiting,Sandy,24.2,28.5,62.4,Moderate,14.4,Drip Irrigation,None / Healthy,1.2,3.02,3.62,8.99,15.0,6.0,DELAY_RAIN_EXPECTED,Low,0.0
Potato,Fruiting,Black Soil,26.3,31.5,41.2,Moderate,11.2,Drip Irrigation,None / Healthy,1.15,4.29,4.93,6.43,40.0,22.0,IRRIGATE_IMMEDIATELY,Immediate,6.54
Tomato,Maturity,Black Soil,32.6,36.5,87.3,None,0.0,Drip Irrigation,None / Healthy,0.8,3.37,2.7,0.0,40.0,22.0,MAINTENANCE_DRIP,Normal,2.71
Rice,Fruiting,Sandy,14.9,37.9,57.5,None,0.0,Sprinkler (Overhead),Pepper Bell Bacterial Spot,1.2,4.69,5.63,0.0,15.0,6.0,SUSPEND_OVERHEAD_BLIGHT,Immediate,0.0
Tomato,Fruiting,Sandy Loam,13.1,38.0,71.1,Moderate,9.1,Sprinkler (Overhead),Tomato Yellow Leaf Curl Virus,1.2,4.01,4.81,4.74,22.0,10.0,IRRIGATE_IMMEDIATELY,Immediate,6.41
Wheat,Maturity,Clay Loam,27.5,20.7,51.1,Low,4.1,Drip Irrigation,None / Healthy,0.35,2.15,0.75,0.76,34.0,18.0,MAINTENANCE_DRIP,Normal,1.5
Wheat,Flowering,Clay Loam,29.4,24.7,50.9,Low,4.6,Sprinkler (Overhead),Potato Late Blight,1.15,2.78,3.2,1.21,34.0,18.0,SUSPEND_OVERHEAD_BLIGHT,Immediate,0.0
Pepper Bell,Flowering,Black Soil,24.1,17.5,81.0,None,0.0,Drip Irrigation,None / Healthy,1.05,2.0,2.1,0.0,40.0,22.0,IRRIGATE_IMMEDIATELY,Immediate,3.5
Cotton,Seedling,Sandy,8.7,33.0,83.2,None,0.0,Sprinkler (Overhead),Potato Late Blight,0.45,2.95,1.33,0.0,15.0,6.0,SUSPEND_OVERHEAD_BLIGHT,Immediate,0.0
Potato,Maturity,Clay Loam,26.3,22.3,57.2,Low,3.1,Drip Irrigation,Tomato Septoria Leaf Spot,0.75,2.25,1.69,0.0,34.0,18.0,MAINTENANCE_DRIP,Normal,1.78
Sugarcane,Flowering,Loamy,14.2,25.3,48.1,None,0.0,Drip Irrigation,Tomato Septoria Leaf Spot,1.25,2.96,3.7,0.0,28.0,14.0,IRRIGATE_IMMEDIATELY,Immediate,4.9
Soybean,Seedling,Loamy,25.7,20.3,49.1,Moderate,11.6,Sprinkler (Overhead),Tomato Septoria Leaf Spot,0.4,2.12,0.85,6.76,28.0,14.0,SUSPEND_OVERHEAD_BLIGHT,Immediate,0.0
Rice,Fruiting,Loamy,26.5,40.5,56.1,Moderate,13.3,Drip Irrigation,Pepper Bell Bacterial Spot,1.2,5.21,6.25,8.13,28.0,14.0,DELAY_RAIN_EXPECTED,Low,0.0
Pepper Bell,Fruiting,Black Soil,31.3,27.7,39.3,Moderate,16.7,Sprinkler (Overhead),None / Healthy,1.1,3.66,4.03,10.89,40.0,22.0,DELAY_RAIN_EXPECTED,Low,0.0
Soybean,Maturity,Clay Loam,27.8,27.8,86.0,None,0.0,Drip Irrigation,Tomato Septoria Leaf Spot,0.5,2.32,1.16,0.0,34.0,18.0,MAINTENANCE_DRIP,Normal,1.5
Tomato,Seedling,Sandy,17.5,32.0,28.1,Low,3.2,Drip Irrigation,Pepper Bell Bacterial Spot,0.6,4.92,2.95,0.04,15.0,6.0,OPTIMAL_STANDBY,Low,0.0
Soybean,Flowering,Sandy,15.6,35.6,32.7,Moderate,16.0,Drip Irrigation,None / Healthy,1.15,5.48,6.3,10.33,15.0,6.0,DELAY_RAIN_EXPECTED,Low,0.0
Rice,Seedling,Loamy,32.0,27.3,47.3,Low,4.2,Sprinkler (Overhead),None / Healthy,1.05,3.33,3.5,0.86,28.0,14.0,OPTIMAL_STANDBY,Low,0.0
Tomato,Fruiting,Black Soil,30.4,21.8,91.3,Moderate,7.7,Sprinkler (Overhead),None / Healthy,1.2,2.0,2.4,3.66,40.0,22.0,MAINTENANCE_DRIP,Normal,2.41
Potato,Fruiting,Loamy,12.7,17.6,55.1,Moderate,13.6,Drip Irrigation,None / Healthy,1.15,2.0,2.3,8.37,28.0,14.0,IRRIGATE_IMMEDIATELY,Immediate,3.5
Pepper Bell,Vegetative,Black Soil,30.2,15.0,88.6,Low,2.8,Sub-surface Drip,Pepper Bell Bacterial Spot,0.8,2.0,1.6,0.0,40.0,22.0,MAINTENANCE_DRIP,Normal,1.72
Wheat,Maturity,Loamy,23.8,35.9,78.8,None,0.0,Sprinkler (Overhead),None / Healthy,0.35,3.36,1.18,0.0,28.0,14.0,MAINTENANCE_DRIP,Normal,1.5
Sugarcane,Maturity,Clay Loam,34.6,31.6,39.5,Low,2.5,Sprinkler (Overhead),None / Healthy,0.7,4.37,3.06,0.0,34.0,18.0,OPTIMAL_STANDBY,Low,0.0
Potato,Vegetative,Loamy,25.4,24.2,76.7,High,25.7,Drip Irrigation,None / Healthy,0.8,2.0,1.6,18.05,28.0,14.0,DELAY_RAIN_EXPECTED,Low,0.0
Sugarcane,Fruiting,Sandy,11.4,35.6,55.5,None,0.0,Sprinkler (Overhead),None / Healthy,1.25,4.41,5.51,0.0,15.0,6.0,MAINTENANCE_DRIP,Normal,5.5
Pepper Bell,Fruiting,Sandy Loam,18.5,37.1,37.1,None,0.0,Drip Irrigation,None / Healthy,1.1,5.57,6.13,0.0,22.0,10.0,MAINTENANCE_DRIP,Normal,5.5
Potato,Flowering,Sandy Loam,15.6,35.8,40.2,Moderate,15.9,Flood / Surface,None / Healthy,1.15,5.15,5.92,10.24,22.0,10.0,DELAY_RAIN_EXPECTED,Low,0.0
Tomato,Vegetative,Sandy Loam,18.2,36.6,40.4,None,0.0,Flood / Surface,None / Healthy,0.85,5.3,4.5,0.0,22.0,10.0,MAINTENANCE_DRIP,Normal,4.35
Sugarcane,Fruiting,Black Soil,31.5,27.5,61.4,None,0.0,Flood / Surface,Tomato Target Spot,1.25,2.89,3.61,0.0,40.0,22.0,MAINTENANCE_DRIP,Normal,3.59
Wheat,Maturity,Sandy,7.7,19.9,38.1,None,0.0,Drip Irrigation,None / Healthy,0.35,2.28,0.8,0.0,15.0,6.0,IRRIGATE_IMMEDIATELY,Immediate,3.5
Sugarcane,Vegetative,Sandy Loam,23.6,40.6,47.1,Low,4.9,Flood / Surface,None / Healthy,0.85,5.74,4.88,1.41,22.0,10.0,OPTIMAL_STANDBY,Low,0.0
Corn,Flowering,Sandy,23.4,38.2,53.2,Moderate,13.4,Drip Irrigation,Tomato Yellow Leaf Curl Virus,1.2,4.96,5.95,8.26,15.0,6.0,DELAY_RAIN_EXPECTED,Low,0.0
Pepper Bell,Fruiting,Sandy Loam,15.6,36.9,94.1,None,0.0,Drip Irrigation,None / Healthy,1.1,3.42,3.76,0.0,22.0,10.0,MAINTENANCE_DRIP,Normal,3.68
Corn,Fruiting,Sandy Loam,32.0,35.6,57.5,Low,2.5,Drip Irrigation,None / Healthy,1.1,4.31,4.74,0.0,22.0,10.0,OPTIMAL_STANDBY,Low,0.0
Cotton,Fruiting,Loamy,38.1,30.7,79.5,None,0.0,Flood / Surface,None / Healthy,0.85,2.68,2.28,0.0,28.0,14.0,OPTIMAL_STANDBY,Low,0.0
Soybean,Seedling,Clay Loam,28.0,37.5,22.4,None,0.0,Drip Irrigation,Potato Late Blight,0.4,6.38,2.55,0.0,34.0,18.0,MAINTENANCE_DRIP,Normal,2.39
Corn,Maturity,Loamy,21.9,22.1,29.0,High,37.3,Drip Irrigation,None / Healthy,0.6,2.89,1.73,27.33,28.0,14.0,DELAY_RAIN_EXPECTED,Low,0.0
Tomato,Maturity,Sandy Loam,20.6,24.2,38.1,None,0.0,Drip Irrigation,None / Healthy,0.8,3.06,2.45,0.0,22.0,10.0,OPTIMAL_STANDBY,Low,0.0
Rice,Flowering,Clay Loam,27.6,35.9,92.2,Moderate,8.4,Sprinkler (Overhead),Tomato Yellow Leaf Curl Virus,1.25,3.3,4.12,4.21,34.0,18.0,DELAY_RAIN_EXPECTED,Moderate,0.0
Soybean,Flowering,Loamy,41.8,19.6,38.0,Low,4.3,Sub-surface Drip,None / Healthy,1.15,2.23,2.56,0.94,28.0,14.0,OPTIMAL_STANDBY,Low,0.0
Tomato,Flowering,Loamy,24.7,14.1,36.8,None,0.0,Drip Irrigation,Tomato Early Blight,1.15,2.0,2.3,0.0,28.0,14.0,MAINTENANCE_DRIP,Normal,2.7
Rice,Seedling,Black Soil,22.4,25.1,45.1,None,0.0,Drip Irrigation,Tomato Yellow Leaf Curl Virus,1.05,3.01,3.16,0.0,40.0,22.0,IRRIGATE_IMMEDIATELY,Immediate,4.18
Rice,Flowering,Loamy,13.0,32.6,39.1,High,22.3,Drip Irrigation,None / Healthy,1.25,4.58,5.72,15.34,28.0,14.0,IRRIGATE_IMMEDIATELY,Immediate,6.91
Corn,Maturity,Black Soil,26.5,29.8,43.5,None,0.0,Sprinkler (Overhead),None / Healthy,0.6,3.88,2.33,0.0,40.0,22.0,IRRIGATE_IMMEDIATELY,Immediate,3.5
Soybean,Maturity,Loamy,20.3,41.3,77.1,None,0.0,Drip Irrigation,None / Healthy,0.5,4.16,2.08,0.0,28.0,14.0,MAINTENANCE_DRIP,Normal,2.12
Rice,Maturity,Sandy,4.0,21.1,88.2,None,0.0,Drip Irrigation,None / Healthy,0.95,2.0,1.9,0.0,15.0,6.0,IRRIGATE_IMMEDIATELY,Immediate,3.5
Cotton,Maturity,Loamy,16.1,36.3,89.1,Low,5.9,Drip Irrigation,None / Healthy,0.55,3.35,1.84,2.21,28.0,14.0,IRRIGATE_IMMEDIATELY,Immediate,3.5
Tomato,Vegetative,Sandy,8.4,16.4,33.8,Low,4.8,Sub-surface Drip,None / Healthy,0.85,2.0,1.7,1.33,15.0,6.0,IRRIGATE_IMMEDIATELY,Immediate,3.5
Soybean,Fruiting,Sandy Loam,17.0,28.6,75.7,None,0.0,Drip Irrigation,None / Healthy,1.05,2.56,2.69,0.0,22.0,10.0,MAINTENANCE_DRIP,Normal,2.45
Sugarcane,Maturity,Sandy,15.0,23.2,64.1,None,0.0,Drip Irrigation,Pepper Bell Bacterial Spot,0.7,2.21,1.55,0.0,15.0,6.0,OPTIMAL_STANDBY,Low,0.0
Wheat,Vegetative,Clay Loam,44.4,37.4,82.3,None,0.0,Sprinkler (Overhead),Tomato Target Spot,0.75,3.49,2.62,0.0,34.0,18.0,SUSPEND_OVERHEAD_BLIGHT,Immediate,0.0
Potato,Seedling,Black Soil,20.1,20.0,23.0,None,0.0,Flood / Surface,None / Healthy,0.5,2.62,1.31,0.0,40.0,22.0,IRRIGATE_IMMEDIATELY,Immediate,3.5
Pepper Bell,Vegetative,Loamy,28.8,25.1,42.4,None,0.0,Drip Irrigation,None / Healthy,0.8,3.09,2.47,0.0,28.0,14.0,OPTIMAL_STANDBY,Low,0.0
Corn,Seedling,Sandy,15.1,17.5,87.7,None,0.0,Drip Irrigation,None / Healthy,0.4,2.0,0.8,0.0,15.0,6.0,OPTIMAL_STANDBY,Low,0.0
Cotton,Maturity,Black Soil,40.9,40.3,56.5,Moderate,12.1,Drip Irrigation,None / Healthy,0.55,5.17,2.84,7.17,40.0,22.0,OPTIMAL_STANDBY,Low,0.0
Soybean,Vegetative,Black Soil,35.3,38.4,27.4,None,0.0,Flood / Surface,None / Healthy,0.7,6.34,4.44,0.0,40.0,22.0,MAINTENANCE_DRIP,Normal,4.17
Corn,Seedling,Sandy Loam,7.4,21.9,59.8,None,0.0,Sprinkler (Overhead),None / Healthy,0.4,2.13,0.85,0.0,22.0,10.0,IRRIGATE_IMMEDIATELY,Immediate,3.5
Corn,Maturity,Black Soil,33.8,38.2,53.7,Low,1.3,Flood / Surface,None / Healthy,0.6,4.94,2.96,0.0,40.0,22.0,MAINTENANCE_DRIP,Normal,3.0
Sugarcane,Vegetative,Loamy,22.9,18.5,45.6,None,0.0,Sprinkler (Overhead),Pepper Bell Bacterial Spot,0.85,2.0,1.7,0.0,28.0,14.0,SUSPEND_OVERHEAD_BLIGHT,Immediate,0.0
Soybean,Fruiting,Sandy,10.3,23.3,64.6,Low,1.5,Drip Irrigation,None / Healthy,1.05,2.21,2.32,0.0,15.0,6.0,MAINTENANCE_DRIP,Normal,2.42
Cotton,Flowering,Black Soil,31.2,40.1,63.7,High,33.0,Flood / Surface,None / Healthy,1.2,4.72,5.66,23.9,40.0,22.0,DELAY_RAIN_EXPECTED,Low,0.0
Soybean,Maturity,Black Soil,40.6,23.6,94.8,None,0.0,Drip Irrigation,None / Healthy,0.5,2.0,1.0,0.0,40.0,22.0,OPTIMAL_STANDBY,Low,0.0
Corn,Fruiting,Loamy,11.3,21.1,37.1,None,0.0,Flood / Surface,None / Healthy,1.1,2.52,2.77,0.0,28.0,14.0,IRRIGATE_IMMEDIATELY,Immediate,3.66
Corn,Flowering,Loamy,29.8,30.5,24.8,None,0.0,Sub-surface Drip,Tomato Yellow Leaf Curl Virus,1.2,4.71,5.65,0.0,28.0,14.0,OPTIMAL_STANDBY,Low,0.0
Pepper Bell,Fruiting,Loamy,15.8,15.5,60.7,None,0.0,Sprinkler (Overhead),None / Healthy,1.1,2.0,2.2,0.0,28.0,14.0,IRRIGATE_IMMEDIATELY,Immediate,3.5
Potato,Seedling,Loamy,28.5,19.5,83.3,High,24.3,Drip Irrigation,Tomato Early Blight,0.5,2.0,1.0,16.94,28.0,14.0,DELAY_RAIN_EXPECTED,Low,0.0
Rice,Seedling,Loamy,10.2,31.1,92.3,None,0.0,Sub-surface Drip,None / Healthy,1.05,2.71,2.85,0.0,28.0,14.0,IRRIGATE_IMMEDIATELY,Immediate,3.5
Corn,Maturity,Loamy,12.4,32.3,91.7,None,0.0,Flood / Surface,None / Healthy,0.6,2.86,1.72,0.0,28.0,14.0,IRRIGATE_IMMEDIATELY,Immediate,3.5
Soybean,Maturity,Sandy,19.2,17.8,55.1,None,0.0,Drip Irrigation,None / Healthy,0.5,2.0,1.0,0.0,15.0,6.0,OPTIMAL_STANDBY,Low,0.0
Corn,Vegetative,Clay Loam,24.4,25.9,43.2,None,0.0,Drip Irrigation,Pepper Bell Bacterial Spot,0.85,3.21,2.73,0.0,34.0,18.0,IRRIGATE_IMMEDIATELY,Immediate,3.57
Cotton,Maturity,Sandy,4.0,38.8,53.9,High,41.3,Sprinkler (Overhead),Tomato Target Spot,0.55,5.03,2.77,30.53,15.0,6.0,SUSPEND_OVERHEAD_BLIGHT,Immediate,0.0
Sugarcane,Maturity,Sandy Loam,17.5,25.9,31.8,None,0.0,Drip Irrigation,Tomato Septoria Leaf Spot,0.7,3.55,2.48,0.0,22.0,10.0,MAINTENANCE_DRIP,Normal,2.47
Corn,Maturity,Black Soil,21.3,25.4,63.3,High,23.0,Sprinkler (Overhead),Tomato Early Blight,0.6,2.53,1.52,15.87,40.0,22.0,SUSPEND_OVERHEAD_BLIGHT,Immediate,0.0
Wheat,Fruiting,Sandy Loam,18.5,36.5,69.4,Low,3.0,Flood / Surface,None / Healthy,0.85,3.89,3.31,0.0,22.0,10.0,MAINTENANCE_DRIP,Normal,3.25
Soybean,Fruiting,Black Soil,32.0,15.8,32.5,High,44.8,Drip Irrigation,Tomato Yellow Leaf Curl Virus,1.05,2.0,2.1,33.35,40.0,22.0,DELAY_RAIN_EXPECTED,Low,0.0
Corn,Flowering,Black Soil,18.9,33.1,79.4,None,0.0,Sprinkler (Overhead),None / Healthy,1.2,2.99,3.59,0.0,40.0,22.0,IRRIGATE_IMMEDIATELY,Immediate,4.09
Sugarcane,Fruiting,Sandy,12.0,42.0,40.1,None,0.0,Drip Irrigation,Pepper Bell Bacterial Spot,1.25,6.41,8.01,0.0,15.0,6.0,MAINTENANCE_DRIP,Normal,5.5
Sugarcane,Fruiting,Clay Loam,34.7,20.2,54.8,Moderate,12.2,Drip Irrigation,None / Healthy,1.25,2.0,2.5,7.24,34.0,18.0,OPTIMAL_STANDBY,Low,0.0
Wheat,Flowering,Loamy,13.6,32.4,20.7,Moderate,17.2,Drip Irrigation,None / Healthy,1.15,5.29,6.08,11.26,28.0,14.0,IRRIGATE_IMMEDIATELY,Immediate,7.0
Rice,Fruiting,Sandy,11.7,18.3,47.7,Low,2.6,Drip Irrigation,Tomato Early Blight,1.2,2.0,2.4,0.0,15.0,6.0,MAINTENANCE_DRIP,Normal,2.4
Pepper Bell,Fruiting,Sandy Loam,31.6,37.6,63.7,None,0.0,Drip Irrigation,Tomato Early Blight,1.1,4.34,4.77,0.0,22.0,10.0,OPTIMAL_STANDBY,Low,0.0
Potato,Maturity,Sandy,5.7,32.9,36.6,None,0.0,Flood / Surface,None / Healthy,0.75,4.74,3.56,0.0,15.0,6.0,IRRIGATE_IMMEDIATELY,Immediate,4.63
Pepper Bell,Flowering,Sandy Loam,17.3,24.6,51.4,Moderate,13.0,Sprinkler (Overhead),None / Healthy,1.05,2.76,2.9,7.91,22.0,10.0,DELAY_RAIN_EXPECTED,Moderate,0.0
Rice,Maturity,Sandy,5.9,40.9,57.5,None,0.0,Flood / Surface,Pepper Bell Bacterial Spot,0.95,5.21,4.95,0.0,15.0,6.0,IRRIGATE_IMMEDIATELY,Immediate,6.07
Corn,Fruiting,Sandy Loam,17.6,25.5,22.7,Moderate,12.5,Drip Irrigation,None / Healthy,1.1,3.75,4.12,7.48,22.0,10.0,DELAY_RAIN_EXPECTED,Moderate,0.0
Cotton,Maturity,Sandy Loam,17.7,29.3,22.6,High,23.4,Flood / Surface,Tomato Septoria Leaf Spot,0.55,4.55,2.5,16.24,22.0,10.0,DELAY_RAIN_EXPECTED,Low,0.0
Tomato,Fruiting,Loamy,22.9,18.9,65.5,None,0.0,Drip Irrigation,None / Healthy,1.2,2.0,2.4,0.0,28.0,14.0,MAINTENANCE_DRIP,Normal,2.31
Wheat,Vegetative,Sandy,9.0,22.2,20.4,Low,2.9,Drip Irrigation,Pepper Bell Bacterial Spot,0.75,3.12,2.34,0.0,15.0,6.0,IRRIGATE_IMMEDIATELY,Immediate,3.5
Pepper Bell,Seedling,Clay Loam,34.2,32.1,76.1,Low,5.5,Drip Irrigation,None / Healthy,0.6,3.0,1.8,1.92,34.0,18.0,OPTIMAL_STANDBY,Low,0.0
Rice,Maturity,Sandy Loam,8.3,34.8,83.5,Moderate,7.7,Sprinkler (Overhead),None / Healthy,0.95,3.16,3.0,3.66,22.0,10.0,IRRIGATE_IMMEDIATELY,Immediate,3.98
Tomato,Fruiting,Clay Loam,32.0,22.0,33.2,None,0.0,Flood / Surface,Potato Late Blight,1.2,2.77,3.32,0.0,34.0,18.0,OPTIMAL_STANDBY,Low,0.0
Corn,Seedling,Clay Loam,16.5,22.1,32.0,None,0.0,Drip Irrigation,None / Healthy,0.4,2.82,1.13,0.0,34.0,18.0,IRRIGATE_IMMEDIATELY,Immediate,3.5
Pepper Bell,Fruiting,Sandy,4.1,31.1,34.7,None,0.0,Drip Irrigation,Pepper Bell Bacterial Spot,1.1,4.46,4.91,0.0,15.0,6.0,IRRIGATE_IMMEDIATELY,Immediate,5.99
Sugarcane,Maturity,Clay Loam,19.8,16.0,22.0,None,0.0,Drip Irrigation,None / Healthy,0.7,2.0,1.4,0.0,34.0,18.0,IRRIGATE_IMMEDIATELY,Immediate,3.5
Wheat,Flowering,Clay Loam,29.2,17.1,40.9,Moderate,15.5,Sprinkler (Overhead),None / Healthy,1.15,2.0,2.3,9.89,34.0,18.0,DELAY_RAIN_EXPECTED,Low,0.0
Corn,Vegetative,Black Soil,41.4,27.9,74.9,Low,1.4,Sprinkler (Overhead),None / Healthy,0.85,2.5,2.12,0.0,40.0,22.0,OPTIMAL_STANDBY,Low,0.0
Tomato,Vegetative,Clay Loam,33.3,27.5,31.8,None,0.0,Drip Irrigation,None / Healthy,0.85,3.87,3.29,0.0,34.0,18.0,OPTIMAL_STANDBY,Low,0.0
Cotton,Fruiting,Sandy Loam,9.6,35.5,23.0,Moderate,8.4,Sprinkler (Overhead),Tomato Yellow Leaf Curl Virus,0.85,5.89,5.01,4.18,22.0,10.0,IRRIGATE_IMMEDIATELY,Immediate,6.18
Tomato,Seedling,Clay Loam,29.9,26.9,37.8,Moderate,13.9,Drip Irrigation,None / Healthy,0.6,3.55,2.13,8.62,34.0,18.0,DELAY_RAIN_EXPECTED,Low,0.0
Soybean,Vegetative,Loamy,17.6,30.3,24.6,Low,4.3,Drip Irrigation,None / Healthy,0.7,4.69,3.28,0.92,28.0,14.0,IRRIGATE_IMMEDIATELY,Immediate,4.29
Soybean,Maturity,Black Soil,19.5,22.4,62.0,Moderate,7.1,Flood / Surface,None / Healthy,0.5,2.15,1.07,3.17,40.0,22.0,IRRIGATE_IMMEDIATELY,Immediate,3.5
Sugarcane,Maturity,Sandy Loam,17.8,39.8,53.1,Low,6.0,Sub-surface Drip,Tomato Early Blight,0.7,5.25,3.67,2.28,22.0,10.0,MAINTENANCE_DRIP,Normal,3.47
Sugarcane,Flowering,Sandy Loam,18.1,34.3,82.5,Moderate,9.2,Flood / Surface,None / Healthy,1.25,3.1,3.88,4.87,22.0,10.0,DELAY_RAIN_EXPECTED,Moderate,0.0
Potato,Flowering,Black Soil,41.5,29.7,31.5,None,0.0,Drip Irrigation,None / Healthy,1.15,4.31,4.96,0.0,40.0,22.0,OPTIMAL_STANDBY,Low,0.0
Tomato,Maturity,Sandy Loam,17.0,24.0,20.5,High,20.6,Sub-surface Drip,None / Healthy,0.8,3.49,2.79,13.97,22.0,10.0,DELAY_RAIN_EXPECTED,Low,0.0
Corn,Vegetative,Loamy,21.7,28.1,23.9,Low,5.7,Sub-surface Drip,Tomato Early Blight,0.85,4.24,3.6,2.07,28.0,14.0,MAINTENANCE_DRIP,Normal,3.53
Corn,Fruiting,Sandy Loam,23.1,31.6,61.5,Low,5.9,Sprinkler (Overhead),None / Healthy,1.1,3.5,3.85,2.25,22.0,10.0,OPTIMAL_STANDBY,Low,0.0
Cotton,Vegetative,Sandy,12.5,30.0,59.5,Moderate,7.4,Sprinkler (Overhead),None / Healthy,0.75,3.33,2.5,3.44,15.0,6.0,MAINTENANCE_DRIP,Normal,2.36
Cotton,Flowering,Sandy,13.9,24.0,28.1,Low,3.1,Drip Irrigation,None / Healthy,1.2,3.29,3.95,0.0,15.0,6.0,OPTIMAL_STANDBY,Low,0.0
Cotton,Vegetative,Clay Loam,35.6,22.8,54.7,Moderate,11.3,Drip Irrigation,None / Healthy,0.75,2.38,1.78,6.53,34.0,18.0,OPTIMAL_STANDBY,Low,0.0
Rice,Maturity,Loamy,28.9,21.8,49.9,High,23.4,Flood / Surface,Tomato Septoria Leaf Spot,0.95,2.35,2.23,16.24,28.0,14.0,DELAY_RAIN_EXPECTED,Low,0.0
Corn,Vegetative,Sandy Loam,18.0,36.0,34.4,None,0.0,Sprinkler (Overhead),None / Healthy,0.85,5.47,4.65,0.0,22.0,10.0,MAINTENANCE_DRIP,Normal,4.67
Cotton,Flowering,Sandy,12.1,21.4,32.6,Low,4.5,Sprinkler (Overhead),None / Healthy,1.2,2.69,3.23,1.08,15.0,6.0,MAINTENANCE_DRIP,Normal,3.44
Rice,Fruiting,Black Soil,35.2,29.5,20.9,Low,4.5,Flood / Surface,None / Healthy,1.2,4.65,5.58,1.09,40.0,22.0,MAINTENANCE_DRIP,Normal,5.5
Tomato,Maturity,Loamy,22.8,16.7,91.4,Low,5.0,Sprinkler (Overhead),None / Healthy,0.8,2.0,1.6,1.46,28.0,14.0,MAINTENANCE_DRIP,Normal,1.79
Wheat,Vegetative,Clay Loam,27.6,23.5,42.6,None,0.0,Flood / Surface,None / Healthy,0.75,2.82,2.11,0.0,34.0,18.0,MAINTENANCE_DRIP,Normal,1.86
Tomato,Seedling,Loamy,16.7,31.3,64.9,None,0.0,Drip Irrigation,Pepper Bell Bacterial Spot,0.6,3.32,1.99,0.0,28.0,14.0,IRRIGATE_IMMEDIATELY,Immediate,3.5
Pepper Bell,Flowering,Clay Loam,24.7,24.7,62.3,None,0.0,Sprinkler (Overhead),None / Healthy,1.05,2.46,2.58,0.0,34.0,18.0,IRRIGATE_IMMEDIATELY,Immediate,3.5
Cotton,Flowering,Sandy,18.7,30.2,72.7,Low,4.2,Drip Irrigation,None / Healthy,1.2,2.87,3.44,0.84,15.0,6.0,OPTIMAL_STANDBY,Low,0.0
Wheat,Vegetative,Sandy Loam,27.7,28.5,52.4,Low,6.0,Drip Irrigation,None / Healthy,0.75,3.35,2.51,2.27,22.0,10.0,OPTIMAL_STANDBY,Low,0.0
Potato,Seedling,Black Soil,38.4,39.8,83.9,None,0.0,Flood / Surface,Pepper Bell Bacterial Spot,0.5,3.8,1.9,0.0,40.0,22.0,OPTIMAL_STANDBY,Low,0.0
Rice,Vegetative,Black Soil,25.7,21.5,58.6,None,0.0,Sub-surface Drip,None / Healthy,1.15,2.09,2.4,0.0,40.0,22.0,IRRIGATE_IMMEDIATELY,Immediate,3.5
Rice,Vegetative,Clay Loam,25.9,27.2,44.8,Moderate,15.3,Flood / Surface,Tomato Yellow Leaf Curl Virus,1.15,3.38,3.89,9.74,34.0,18.0,DELAY_RAIN_EXPECTED,Low,0.0
Cotton,Maturity,Clay Loam,29.5,16.0,56.6,Low,4.5,Drip Irrigation,None / Healthy,0.55,2.0,1.1,1.11,34.0,18.0,MAINTENANCE_DRIP,Normal,1.5
Soybean,Fruiting,Sandy Loam,13.2,34.1,30.2,Moderate,10.2,Sprinkler (Overhead),None / Healthy,1.05,5.26,5.52,5.66,22.0,10.0,IRRIGATE_IMMEDIATELY,Immediate,6.85
Wheat,Seedling,Black Soil,32.3,20.7,23.1,Moderate,13.9,Drip Irrigation,None / Healthy,0.4,2.75,1.1,8.59,40.0,22.0,DELAY_RAIN_EXPECTED,Low,0.0
Rice,Fruiting,Sandy Loam,22.3,40.9,87.0,None,0.0,Drip Irrigation,None / Healthy,1.2,3.94,4.73,0.0,22.0,10.0,OPTIMAL_STANDBY,Low,0.0
Rice,Fruiting,Sandy,14.6,21.5,78.2,Moderate,13.1,Drip Irrigation,None / Healthy,1.2,2.0,2.4,7.96,15.0,6.0,OPTIMAL_STANDBY,Low,0.0
Potato,Fruiting,Sandy Loam,17.0,34.5,50.8,High,28.2,Drip Irrigation,None / Healthy,1.15,4.44,5.11,20.09,22.0,10.0,DELAY_RAIN_EXPECTED,Low,0.0
Potato,Seedling,Sandy Loam,31.3,18.7,29.5,None,0.0,Sprinkler (Overhead),None / Healthy,0.5,2.25,1.12,0.0,22.0,10.0,OPTIMAL_STANDBY,Low,0.0
Tomato,Fruiting,Black Soil,31.6,23.3,36.4,None,0.0,Sprinkler (Overhead),None / Healthy,1.2,2.94,3.53,0.0,40.0,22.0,MAINTENANCE_DRIP,Normal,3.21
Wheat,Fruiting,Black Soil,42.1,30.8,61.0,Moderate,13.5,Drip Irrigation,None / Healthy,0.85,3.41,2.9,8.29,40.0,22.0,DELAY_RAIN_EXPECTED,Low,0.0
Pepper Bell,Seedling,Sandy,13.5,33.7,74.1,None,0.0,Drip Irrigation,None / Healthy,0.6,3.28,1.97,0.0,15.0,6.0,OPTIMAL_STANDBY,Low,0.0
Tomato,Seedling,Clay Loam,44.1,37.4,27.0,High,38.2,Drip Irrigation,None / Healthy,0.6,6.14,3.68,28.07,34.0,18.0,DELAY_RAIN_EXPECTED,Low,0.0
Tomato,Vegetative,Clay Loam,33.7,16.1,57.6,Low,4.4,Sprinkler (Overhead),None / Healthy,0.85,2.0,1.7,1.05,34.0,18.0,OPTIMAL_STANDBY,Low,0.0
Wheat,Vegetative,Sandy,10.8,30.7,43.9,None,0.0,Flood / Surface,None / Healthy,0.75,4.04,3.03,0.0,15.0,6.0,MAINTENANCE_DRIP,Normal,3.1
Cotton,Maturity,Clay Loam,29.6,21.5,87.5,Low,5.6,Drip Irrigation,None / Healthy,0.55,2.0,1.1,2.01,34.0,18.0,MAINTENANCE_DRIP,Normal,1.5
Pepper Bell,Flowering,Clay Loam,28.6,24.3,21.4,Low,1.5,Sub-surface Drip,None / Healthy,1.05,3.53,3.71,0.0,34.0,18.0,MAINTENANCE_DRIP,Normal,3.6
Potato,Maturity,Loamy,24.0,19.3,40.1,None,0.0,Sprinkler (Overhead),Tomato Septoria Leaf Spot,0.75,2.14,1.6,0.0,28.0,14.0,SUSPEND_OVERHEAD_BLIGHT,Immediate,0.0
Soybean,Fruiting,Black Soil,27.0,41.7,39.7,None,0.0,Flood / Surface,Pepper Bell Bacterial Spot,1.05,6.38,6.7,0.0,40.0,22.0,IRRIGATE_IMMEDIATELY,Immediate,7.0
Rice,Seedling,Loamy,26.3,20.1,70.8,None,0.0,Drip Irrigation,Tomato Yellow Leaf Curl Virus,1.05,2.0,2.1,0.0,28.0,14.0,OPTIMAL_STANDBY,Low,0.0
Wheat,Seedling,Clay Loam,35.6,39.0,58.5,Low,5.1,Drip Irrigation,Tomato Yellow Leaf Curl Virus,0.4,4.83,1.93,1.6,34.0,18.0,OPTIMAL_STANDBY,Low,0.0
Sugarcane,Fruiting,Black Soil,33.2,20.2,58.4,Moderate,13.0,Sprinkler (Overhead),None / Healthy,1.25,2.0,2.5,7.93,40.0,22.0,DELAY_RAIN_EXPECTED,Moderate,0.0
Cotton,Seedling,Black Soil,39.0,16.8,39.9,Moderate,12.4,Flood / Surface,None / Healthy,0.45,2.0,0.9,7.46,40.0,22.0,OPTIMAL_STANDBY,Low,0.0
Wheat,Vegetative,Sandy Loam,21.3,21.4,46.2,None,0.0,Flood / Surface,None / Healthy,0.75,2.37,1.78,0.0,22.0,10.0,OPTIMAL_STANDBY,Low,0.0
Corn,Maturity,Loamy,28.2,34.3,35.7,None,0.0,Flood / Surface,None / Healthy,0.6,5.06,3.04,0.0,28.0,14.0,OPTIMAL_STANDBY,Low,0.0
Potato,Flowering,Loamy,24.3,19.0,87.8,High,27.9,Drip Irrigation,None / Healthy,1.15,2.0,2.3,19.79,28.0,14.0,DELAY_RAIN_EXPECTED,Low,0.0
Sugarcane,Maturity,Black Soil,41.3,33.5,45.8,None,0.0,Flood / Surface,None / Healthy,0.7,4.46,3.12,0.0,40.0,22.0,OPTIMAL_STANDBY,Low,0.0
Sugarcane,Flowering,Sandy Loam,16.3,23.1,49.7,Low,3.0,Drip Irrigation,None / Healthy,1.25,2.56,3.2,0.0,22.0,10.0,MAINTENANCE_DRIP,Normal,3.09
Soybean,Seedling,Sandy Loam,18.6,18.6,84.1,Moderate,14.6,Drip Irrigation,None / Healthy,0.4,2.0,0.8,9.14,22.0,10.0,DELAY_RAIN_EXPECTED,Low,0.0
Cotton,Maturity,Clay Loam,29.4,20.9,66.1,Moderate,11.9,Drip Irrigation,None / Healthy,0.55,2.0,1.1,7.0,34.0,18.0,DELAY_RAIN_EXPECTED,Moderate,0.0
Rice,Maturity,Clay Loam,14.1,25.5,85.7,None,0.0,Drip Irrigation,None / Healthy,0.95,2.05,1.95,0.0,34.0,18.0,IRRIGATE_IMMEDIATELY,Immediate,3.5
Tomato,Vegetative,Clay Loam,31.1,23.5,25.3,Moderate,13.4,Flood / Surface,None / Healthy,0.85,3.26,2.77,8.2,34.0,18.0,DELAY_RAIN_EXPECTED,Low,0.0
Rice,Seedling,Loamy,25.3,25.1,33.5,None,0.0,Sprinkler (Overhead),None / Healthy,1.05,3.35,3.52,0.0,28.0,14.0,OPTIMAL_STANDBY,Low,0.0
Tomato,Seedling,Black Soil,30.5,32.8,76.5,Low,1.6,Drip Irrigation,Tomato Yellow Leaf Curl Virus,0.6,3.06,1.84,0.0,40.0,22.0,MAINTENANCE_DRIP,Normal,1.58
Pepper Bell,Vegetative,Black Soil,29.6,24.5,93.8,None,0.0,Drip Irrigation,None / Healthy,0.8,2.0,1.6,0.0,40.0,22.0,IRRIGATE_IMMEDIATELY,Immediate,3.5
Corn,Vegetative,Black Soil,26.4,22.1,42.3,None,0.0,Flood / Surface,None / Healthy,0.85,2.58,2.19,0.0,40.0,22.0,IRRIGATE_IMMEDIATELY,Immediate,3.5
Cotton,Vegetative,Clay Loam,32.1,17.8,31.3,Low,5.0,Drip Irrigation,None / Healthy,0.75,2.03,1.52,1.47,34.0,18.0,OPTIMAL_STANDBY,Low,0.0
Rice,Fruiting,Black Soil,36.1,32.6,45.6,None,0.0,Drip Irrigation,None / Healthy,1.2,4.31,5.17,0.0,40.0,22.0,OPTIMAL_STANDBY,Low,0.0
Tomato,Fruiting,Clay Loam,32.3,34.2,41.2,None,0.0,Sprinkler (Overhead),None / Healthy,1.2,4.8,5.76,0.0,34.0,18.0,OPTIMAL_STANDBY,Low,0.0
Wheat,Seedling,Clay Loam,17.1,38.6,41.0,Moderate,8.2,Sub-surface Drip,None / Healthy,0.4,5.68,2.27,4.03,34.0,18.0,IRRIGATE_IMMEDIATELY,Immediate,3.5
Pepper Bell,Seedling,Clay Loam,20.9,15.2,46.1,None,0.0,Drip Irrigation,None / Healthy,0.6,2.0,1.2,0.0,34.0,18.0,IRRIGATE_IMMEDIATELY,Immediate,3.5
Wheat,Seedling,Sandy Loam,19.1,16.7,91.3,Low,5.9,Drip Irrigation,None / Healthy,0.4,2.0,0.8,2.22,22.0,10.0,MAINTENANCE_DRIP,Normal,1.5
Potato,Seedling,Sandy,6.2,21.7,36.3,None,0.0,Drip Irrigation,None / Healthy,0.5,2.66,1.33,0.0,15.0,6.0,IRRIGATE_IMMEDIATELY,Immediate,3.5
Soybean,Flowering,Black Soil,43.9,18.8,46.8,Low,4.6,Drip Irrigation,None / Healthy,1.15,2.0,2.3,1.22,40.0,22.0,OPTIMAL_STANDBY,Low,0.0
Pepper Bell,Flowering,Sandy,11.1,14.9,64.5,Low,1.9,Drip Irrigation,None / Healthy,1.05,2.0,2.1,0.0,15.0,6.0,MAINTENANCE_DRIP,Normal,1.79
Wheat,Vegetative,Sandy Loam,27.0,23.5,43.2,None,0.0,Flood / Surface,None / Healthy,0.75,2.79,2.09,0.0,22.0,10.0,OPTIMAL_STANDBY,Low,0.0
Tomato,Vegetative,Clay Loam,27.1,37.3,25.4,Low,4.5,Sprinkler (Overhead),None / Healthy,0.85,6.19,5.26,1.06,34.0,18.0,MAINTENANCE_DRIP,Normal,5.2
Tomato,Vegetative,Sandy Loam,21.3,38.4,31.7,Low,2.0,Flood / Surface,None / Healthy,0.85,6.11,5.19,0.0,22.0,10.0,OPTIMAL_STANDBY,Low,0.0
Potato,Seedling,Sandy Loam,15.7,23.4,21.1,High,23.0,Drip Irrigation,None / Healthy,0.5,3.36,1.68,15.89,22.0,10.0,DELAY_RAIN_EXPECTED,Low,0.0
Cotton,Fruiting,Black Soil,32.8,25.1,39.7,None,0.0,Sprinkler (Overhead),None / Healthy,0.85,3.17,2.69,0.0,40.0,22.0,MAINTENANCE_DRIP,Normal,2.51
Sugarcane,Fruiting,Black Soil,28.0,37.2,21.7,Low,2.2,Drip Irrigation,None / Healthy,1.25,6.34,7.92,0.0,40.0,22.0,IRRIGATE_IMMEDIATELY,Immediate,7.0
Rice,Maturity,Clay Loam,41.1,33.8,41.8,High,23.3,Drip Irrigation,None / Healthy,0.95,4.69,4.46,16.14,34.0,18.0,DELAY_RAIN_EXPECTED,Low,0.0
Pepper Bell,Seedling,Black Soil,52.1,26.0,37.5,Low,6.0,Drip Irrigation,None / Healthy,0.6,3.39,2.03,2.28,40.0,22.0,OPTIMAL_STANDBY,Low,0.0
Potato,Vegetative,Loamy,29.0,39.7,65.2,None,0.0,Sub-surface Drip,None / Healthy,0.8,4.58,3.66,0.0,28.0,14.0,OPTIMAL_STANDBY,Low,0.0
Rice,Seedling,Sandy Loam,7.4,28.9,64.2,Low,2.0,Drip Irrigation,Pepper Bell Bacterial Spot,1.05,3.0,3.15,0.0,22.0,10.0,IRRIGATE_IMMEDIATELY,Immediate,3.78
Wheat,Vegetative,Sandy Loam,17.7,21.6,50.0,High,41.6,Sub-surface Drip,None / Healthy,0.75,2.31,1.73,30.8,22.0,10.0,DELAY_RAIN_EXPECTED,Low,0.0
Tomato,Vegetative,Black Soil,32.4,30.2,58.6,Low,4.4,Drip Irrigation,None / Healthy,0.85,3.4,2.89,1.04,40.0,22.0,MAINTENANCE_DRIP,Normal,2.78
Corn,Vegetative,Clay Loam,33.6,28.2,21.8,Low,2.6,Drip Irrigation,None / Healthy,0.85,4.35,3.7,0.0,34.0,18.0,OPTIMAL_STANDBY,Low,0.0
Potato,Flowering,Sandy,10.7,25.0,83.5,High,30.1,Flood / Surface,None / Healthy,1.15,2.0,2.3,21.58,15.0,6.0,DELAY_RAIN_EXPECTED,Low,0.0
Corn,Flowering,Loamy,21.1,34.0,80.0,None,0.0,Drip Irrigation,Tomato Septoria Leaf Spot,1.2,3.07,3.68,0.0,28.0,14.0,MAINTENANCE_DRIP,Normal,3.68
Rice,Maturity,Sandy Loam,20.1,18.1,55.9,Low,1.1,Drip Irrigation,None / Healthy,0.95,2.0,1.9,0.0,22.0,10.0,OPTIMAL_STANDBY,Low,0.0
Sugarcane,Flowering,Clay Loam,31.7,34.6,30.4,Low,5.8,Flood / Surface,None / Healthy,1.25,5.36,6.7,2.16,34.0,18.0,OPTIMAL_STANDBY,Low,0.0
Cotton,Fruiting,Clay Loam,30.7,35.9,76.0,Moderate,13.7,Drip Irrigation,None / Healthy,0.85,3.49,2.97,8.42,34.0,18.0,DELAY_RAIN_EXPECTED,Low,0.0
Pepper Bell,Fruiting,Clay Loam,46.1,23.8,70.3,Low,4.2,Flood / Surface,Potato Late Blight,1.1,2.12,2.33,0.87,34.0,18.0,OPTIMAL_STANDBY,Low,0.0
Potato,Fruiting,Sandy Loam,19.1,20.9,26.0,Moderate,7.8,Sprinkler (Overhead),Tomato Septoria Leaf Spot,1.15,2.74,3.15,3.72,22.0,10.0,SUSPEND_OVERHEAD_BLIGHT,Immediate,0.0
Soybean,Seedling,Clay Loam,19.1,37.0,23.4,Moderate,15.3,Sprinkler (Overhead),None / Healthy,0.4,6.21,2.48,9.75,34.0,18.0,IRRIGATE_IMMEDIATELY,Immediate,3.5
Tomato,Flowering,Sandy Loam,28.8,27.0,60.3,None,0.0,Drip Irrigation,None / Healthy,1.15,2.86,3.29,0.0,22.0,10.0,OPTIMAL_STANDBY,Low,0.0
Corn,Seedling,Black Soil,23.8,29.2,77.6,Low,1.4,Drip Irrigation,None / Healthy,0.4,2.57,1.03,0.0,40.0,22.0,IRRIGATE_IMMEDIATELY,Immediate,3.5
Sugarcane,Fruiting,Clay Loam,21.2,40.0,78.9,Low,2.0,Sub-surface Drip,None / Healthy,1.25,3.89,4.86,0.0,34.0,18.0,IRRIGATE_IMMEDIATELY,Immediate,6.08
Corn,Seedling,Sandy Loam,19.9,14.4,39.5,None,0.0,Drip Irrigation,None / Healthy,0.4,2.0,0.8,0.0,22.0,10.0,OPTIMAL_STANDBY,Low,0.0
Wheat,Fruiting,Sandy,14.2,31.8,76.3,None,0.0,Sprinkler (Overhead),None / Healthy,0.85,2.94,2.5,0.0,15.0,6.0,OPTIMAL_STANDBY,Low,0.0
Pepper Bell,Maturity,Clay Loam,33.9,24.2,20.9,Low,2.2,Flood / Surface,None / Healthy,0.85,3.52,2.99,0.0,34.0,18.0,OPTIMAL_STANDBY,Low,0.0
Cotton,Maturity,Clay Loam,29.2,17.3,94.7,Moderate,15.7,Drip Irrigation,Tomato Yellow Leaf Curl Virus,0.55,2.0,1.1,10.03,34.0,18.0,DELAY_RAIN_EXPECTED,Low,0.0
Tomato,Maturity,Sandy,12.6,32.1,93.0,Low,1.3,Drip Irrigation,Tomato Septoria Leaf Spot,0.8,2.83,2.26,0.0,15.0,6.0,MAINTENANCE_DRIP,Normal,2.14
Rice,Maturity,Black Soil,31.2,36.6,72.0,Low,1.0,Flood / Surface,None / Healthy,0.95,3.77,3.58,0.0,40.0,22.0,MAINTENANCE_DRIP,Normal,3.57
Rice,Flowering,Clay Loam,29.0,18.8,39.6,Moderate,12.5,Drip Irrigation,None / Healthy,1.25,2.07,2.59,7.47,34.0,18.0,DELAY_RAIN_EXPECTED,Moderate,0.0
Rice,Vegetative,Sandy,4.2,20.1,73.6,Low,2.8,Flood / Surface,None / Healthy,1.15,2.0,2.3,0.0,15.0,6.0,IRRIGATE_IMMEDIATELY,Immediate,3.5
Rice,Vegetative,Loamy,27.2,30.1,36.5,Moderate,16.5,Flood / Surface,Potato Late Blight,1.15,4.19,4.82,10.69,28.0,14.0,DELAY_RAIN_EXPECTED,Low,0.0
Pepper Bell,Fruiting,Black Soil,32.1,39.5,67.3,None,0.0,Sub-surface Drip,None / Healthy,1.1,4.44,4.88,0.0,40.0,22.0,MAINTENANCE_DRIP,Normal,4.92
Soybean,Seedling,Loamy,21.5,19.9,22.2,None,0.0,Sprinkler (Overhead),Tomato Septoria Leaf Spot,0.4,2.62,1.05,0.0,28.0,14.0,SUSPEND_OVERHEAD_BLIGHT,Immediate,0.0
Wheat,Seedling,Sandy,11.7,32.1,71.5,Low,4.9,Sprinkler (Overhead),Tomato Septoria Leaf Spot,0.4,3.18,1.27,1.41,15.0,6.0,SUSPEND_OVERHEAD_BLIGHT,Immediate,0.0
Soybean,Vegetative,Clay Loam,35.7,33.0,85.6,None,0.0,Drip Irrigation,None / Healthy,0.7,2.94,2.06,0.0,34.0,18.0,OPTIMAL_STANDBY,Low,0.0
Rice,Fruiting,Black Soil,32.9,21.6,58.4,None,0.0,Drip Irrigation,None / Healthy,1.2,2.11,2.53,0.0,40.0,22.0,MAINTENANCE_DRIP,Normal,2.38
Corn,Vegetative,Clay Loam,45.4,36.4,79.4,None,0.0,Drip Irrigation,None / Healthy,0.85,3.4,2.89,0.0,34.0,18.0,OPTIMAL_STANDBY,Low,0.0
Cotton,Vegetative,Sandy Loam,16.7,30.8,33.3,None,0.0,Drip Irrigation,None / Healthy,0.75,4.46,3.34,0.0,22.0,10.0,MAINTENANCE_DRIP,Normal,3.58
Potato,Seedling,Black Soil,33.7,25.0,66.2,Low,1.6,Flood / Surface,None / Healthy,0.5,2.4,1.2,0.0,40.0,22.0,MAINTENANCE_DRIP,Normal,1.5
Cotton,Flowering,Sandy,15.0,39.4,82.6,High,22.8,Sprinkler (Overhead),None / Healthy,1.2,3.74,4.49,15.77,15.0,6.0,DELAY_RAIN_EXPECTED,Low,0.0
Rice,Fruiting,Sandy Loam,23.0,38.2,22.4,Low,4.2,Drip Irrigation,None / Healthy,1.2,6.55,7.86,0.88,22.0,10.0,OPTIMAL_STANDBY,Low,0.0
Cotton,Fruiting,Sandy,4.0,14.4,20.5,None,0.0,Sub-surface Drip,None / Healthy,0.85,2.0,1.7,0.0,15.0,6.0,IRRIGATE_IMMEDIATELY,Immediate,3.5
Rice,Fruiting,Sandy Loam,34.5,32.3,70.4,Moderate,7.1,Drip Irrigation,Tomato Septoria Leaf Spot,1.2,3.25,3.9,3.15,22.0,10.0,OPTIMAL_STANDBY,Low,0.0
Tomato,Vegetative,Clay Loam,36.1,38.3,58.9,None,0.0,Drip Irrigation,None / Healthy,0.85,4.68,3.98,0.0,34.0,18.0,OPTIMAL_STANDBY,Low,0.0
Rice,Flowering,Loamy,24.3,41.6,80.7,None,0.0,Drip Irrigation,Pepper Bell Bacterial Spot,1.25,4.03,5.04,0.0,28.0,14.0,MAINTENANCE_DRIP,Normal,5.14
Potato,Vegetative,Black Soil,33.9,29.0,74.6,Moderate,8.3,Drip Irrigation,None / Healthy,0.8,2.66,2.13,4.17,40.0,22.0,DELAY_RAIN_EXPECTED,Moderate,0.0
Cotton,Fruiting,Black Soil,30.8,41.7,34.4,Moderate,8.0,Flood / Surface,None / Healthy,0.85,6.69,5.69,3.86,40.0,22.0,MAINTENANCE_DRIP,Normal,5.32
Soybean,Fruiting,Sandy Loam,21.9,30.5,61.8,None,0.0,Drip Irrigation,None / Healthy,1.05,3.32,3.49,0.0,22.0,10.0,OPTIMAL_STANDBY,Low,0.0
Cotton,Seedling,Sandy Loam,19.2,22.7,46.1,None,0.0,Drip Irrigation,None / Healthy,0.45,2.59,1.17,0.0,22.0,10.0,MAINTENANCE_DRIP,Normal,1.5
Tomato,Seedling,Sandy,11.1,27.7,50.6,Low,2.1,Drip Irrigation,None / Healthy,0.6,3.28,1.97,0.0,15.0,6.0,MAINTENANCE_DRIP,Normal,2.04
Soybean,Seedling,Loamy,21.4,22.0,21.8,None,0.0,Drip Irrigation,Pepper Bell Bacterial Spot,0.4,3.04,1.22,0.0,28.0,14.0,MAINTENANCE_DRIP,Normal,1.5
Wheat,Fruiting,Loamy,25.3,14.4,84.6,Low,1.7,Sub-surface Drip,None / Healthy,0.85,2.0,1.7,0.0,28.0,14.0,OPTIMAL_STANDBY,Low,0.0
Sugarcane,Fruiting,Sandy Loam,17.6,15.1,21.1,Low,1.6,Drip Irrigation,None / Healthy,1.25,2.0,2.5,0.0,22.0,10.0,MAINTENANCE_DRIP,Normal,2.62
Rice,Vegetative,Black Soil,34.7,31.5,78.5,High,39.4,Sprinkler (Overhead),None / Healthy,1.15,2.82,3.24,29.01,40.0,22.0,DELAY_RAIN_EXPECTED,Low,0.0
Corn,Maturity,Sandy Loam,17.1,27.7,60.4,Low,2.3,Drip Irrigation,None / Healthy,0.6,2.96,1.78,0.0,22.0,10.0,MAINTENANCE_DRIP,Normal,1.76
Soybean,Vegetative,Clay Loam,27.7,25.7,45.8,Low,3.5,Drip Irrigation,Tomato Early Blight,0.7,3.1,2.17,0.29,34.0,18.0,MAINTENANCE_DRIP,Normal,2.01
Pepper Bell,Seedling,Sandy,11.3,29.2,71.7,None,0.0,Sprinkler (Overhead),None / Healthy,0.6,2.78,1.67,0.0,15.0,6.0,MAINTENANCE_DRIP,Normal,1.5
Tomato,Fruiting,Loamy,25.6,19.3,21.6,Moderate,12.7,Flood / Surface,Tomato Early Blight,1.2,2.5,3.0,7.68,28.0,14.0,OPTIMAL_STANDBY,Low,0.0
Wheat,Flowering,Clay Loam,32.9,34.1,64.8,Moderate,9.3,Flood / Surface,Pepper Bell Bacterial Spot,1.15,3.74,4.3,4.96,34.0,18.0,OPTIMAL_STANDBY,Low,0.0
Corn,Seedling,Loamy,29.5,28.1,83.8,Moderate,14.5,Sprinkler (Overhead),None / Healthy,0.4,2.36,0.94,9.09,28.0,14.0,DELAY_RAIN_EXPECTED,Low,0.0
Soybean,Maturity,Black Soil,24.3,34.3,92.4,Low,2.3,Drip Irrigation,Potato Late Blight,0.5,3.1,1.55,0.0,40.0,22.0,IRRIGATE_IMMEDIATELY,Immediate,3.5
Sugarcane,Seedling,Loamy,22.3,24.7,64.2,None,0.0,Sprinkler (Overhead),None / Healthy,0.45,2.41,1.08,0.0,28.0,14.0,MAINTENANCE_DRIP,Normal,1.5
Sugarcane,Flowering,Clay Loam,31.1,34.3,58.2,Low,1.6,Drip Irrigation,None / Healthy,1.25,4.07,5.09,0.0,34.0,18.0,OPTIMAL_STANDBY,Low,0.0
Sugarcane,Vegetative,Sandy Loam,20.6,39.8,70.0,High,25.1,Drip Irrigation,None / Healthy,0.85,4.34,3.69,17.6,22.0,10.0,DELAY_RAIN_EXPECTED,Low,0.0
Soybean,Flowering,Sandy,11.2,40.4,81.7,Low,1.2,Sprinkler (Overhead),None / Healthy,1.15,3.87,4.45,0.0,15.0,6.0,MAINTENANCE_DRIP,Normal,4.18
Pepper Bell,Maturity,Sandy Loam,17.0,31.5,82.3,High,28.4,Drip Irrigation,None / Healthy,0.85,2.76,2.35,20.2,22.0,10.0,DELAY_RAIN_EXPECTED,Low,0.0
Soybean,Seedling,Sandy Loam,20.0,18.6,91.7,None,0.0,Flood / Surface,Tomato Target Spot,0.4,2.0,0.8,0.0,22.0,10.0,OPTIMAL_STANDBY,Low,0.0
Cotton,Flowering,Black Soil,20.9,35.9,60.8,None,0.0,Sprinkler (Overhead),None / Healthy,1.2,4.21,5.05,0.0,40.0,22.0,IRRIGATE_IMMEDIATELY,Immediate,6.47
Pepper Bell,Vegetative,Sandy Loam,14.5,22.7,93.2,None,0.0,Flood / Surface,Tomato Target Spot,0.8,2.0,1.6,0.0,22.0,10.0,IRRIGATE_IMMEDIATELY,Immediate,3.5
Tomato,Maturity,Loamy,30.3,19.3,61.5,Low,2.3,Drip Irrigation,Tomato Early Blight,0.8,2.0,1.6,0.0,28.0,14.0,OPTIMAL_STANDBY,Low,0.0
Soybean,Vegetative,Sandy Loam,16.7,22.1,66.0,None,0.0,Flood / Surface,None / Healthy,0.7,2.01,1.41,0.0,22.0,10.0,MAINTENANCE_DRIP,Normal,1.5
Cotton,Vegetative,Sandy,11.5,26.2,56.6,Moderate,17.2,Drip Irrigation,None / Healthy,0.75,2.85,2.14,11.26,15.0,6.0,DELAY_RAIN_EXPECTED,Low,0.0
Corn,Seedling,Clay Loam,20.8,16.0,79.0,Moderate,11.1,Drip Irrigation,None / Healthy,0.4,2.0,0.8,6.42,34.0,18.0,IRRIGATE_IMMEDIATELY,Immediate,3.5
Rice,Flowering,Loamy,23.0,36.9,47.5,None,0.0,Flood / Surface,None / Healthy,1.25,5.02,6.27,0.0,28.0,14.0,MAINTENANCE_DRIP,Normal,5.5
Sugarcane,Fruiting,Loamy,26.4,36.8,78.3,Low,4.9,Sprinkler (Overhead),Tomato Septoria Leaf Spot,1.25,3.5,4.38,1.45,28.0,14.0,SUSPEND_OVERHEAD_BLIGHT,Immediate,0.0
Sugarcane,Flowering,Black Soil,33.6,38.3,87.0,Moderate,16.8,Drip Irrigation,Tomato Target Spot,1.25,3.61,4.51,10.9,40.0,22.0,DELAY_RAIN_EXPECTED,Low,0.0
Rice,Fruiting,Clay Loam,24.4,25.9,67.0,None,0.0,Flood / Surface,None / Healthy,1.2,2.49,2.99,0.0,34.0,18.0,IRRIGATE_IMMEDIATELY,Immediate,3.69
Sugarcane,Flowering,Loamy,18.5,29.9,23.1,None,0.0,Sprinkler (Overhead),None / Healthy,1.25,4.66,5.83,0.0,28.0,14.0,IRRIGATE_IMMEDIATELY,Immediate,7.0
Tomato,Fruiting,Clay Loam,18.8,16.3,51.4,Moderate,13.2,Sub-surface Drip,None / Healthy,1.2,2.0,2.4,8.02,34.0,18.0,IRRIGATE_IMMEDIATELY,Immediate,3.5
Corn,Vegetative,Black Soil,19.0,37.5,27.8,Moderate,16.2,Flood / Surface,None / Healthy,0.85,6.11,5.19,10.47,40.0,22.0,IRRIGATE_IMMEDIATELY,Immediate,6.4
Potato,Flowering,Sandy Loam,27.2,35.3,84.0,None,0.0,Sprinkler (Overhead),None / Healthy,1.15,3.22,3.7,0.0,22.0,10.0,OPTIMAL_STANDBY,Low,0.0
Soybean,Flowering,Sandy,26.8,34.4,91.4,Low,5.2,Sprinkler (Overhead),None / Healthy,1.15,3.11,3.58,1.64,15.0,6.0,OPTIMAL_STANDBY,Low,0.0
Potato,Maturity,Black Soil,24.0,26.9,21.5,None,0.0,Sprinkler (Overhead),None / Healthy,0.75,4.07,3.05,0.0,40.0,22.0,IRRIGATE_IMMEDIATELY,Immediate,4.25
Pepper Bell,Seedling,Loamy,21.6,36.6,29.9,Low,4.6,Sprinkler (Overhead),None / Healthy,0.6,5.8,3.48,1.16,28.0,14.0,MAINTENANCE_DRIP,Normal,3.48
Corn,Seedling,Loamy,18.2,16.3,65.5,None,0.0,Flood / Surface,None / Healthy,0.4,2.0,0.8,0.0,28.0,14.0,IRRIGATE_IMMEDIATELY,Immediate,3.5
Potato,Vegetative,Loamy,27.4,22.5,58.2,None,0.0,Drip Irrigation,Tomato Yellow Leaf Curl Virus,0.8,2.26,1.81,0.0,28.0,14.0,OPTIMAL_STANDBY,Low,0.0
Soybean,Flowering,Sandy,16.6,15.7,77.5,None,0.0,Drip Irrigation,None / Healthy,1.15,2.0,2.3,0.0,15.0,6.0,OPTIMAL_STANDBY,Low,0.0
Wheat,Seedling,Sandy Loam,20.7,23.2,44.2,Low,3.8,Drip Irrigation,None / Healthy,0.4,2.73,1.09,0.53,22.0,10.0,OPTIMAL_STANDBY,Low,0.0
Rice,Flowering,Clay Loam,30.8,30.3,25.3,None,0.0,Drip Irrigation,None / Healthy,1.25,4.66,5.83,0.0,34.0,18.0,OPTIMAL_STANDBY,Low,0.0
Wheat,Fruiting,Sandy Loam,15.8,23.3,26.8,Low,3.8,Drip Irrigation,None / Healthy,0.85,3.18,2.7,0.55,22.0,10.0,MAINTENANCE_DRIP,Normal,2.92
Corn,Seedling,Sandy,11.4,27.8,35.8,Low,2.9,Drip Irrigation,None / Healthy,0.4,3.8,1.52,0.0,15.0,6.0,MAINTENANCE_DRIP,Normal,1.62
Soybean,Flowering,Loamy,11.9,14.6,62.7,Low,2.7,Flood / Surface,Potato Late Blight,1.15,2.0,2.3,0.0,28.0,14.0,IRRIGATE_IMMEDIATELY,Immediate,3.5
Sugarcane,Seedling,Clay Loam,32.2,30.5,67.3,None,0.0,Flood / Surface,None / Healthy,0.45,3.13,1.41,0.0,34.0,18.0,OPTIMAL_STANDBY,Low,0.0
Rice,Fruiting,Black Soil,22.4,38.0,41.5,None,0.0,Drip Irrigation,None / Healthy,1.2,5.52,6.62,0.0,40.0,22.0,IRRIGATE_IMMEDIATELY,Immediate,7.0
Rice,Seedling,Sandy Loam,12.9,16.1,87.2,Low,5.0,Sprinkler (Overhead),None / Healthy,1.05,2.0,2.1,1.51,22.0,10.0,IRRIGATE_IMMEDIATELY,Immediate,3.5
Sugarcane,Seedling,Black Soil,25.7,16.5,55.5,Low,2.0,Flood / Surface,None / Healthy,0.45,2.0,0.9,0.0,40.0,22.0,IRRIGATE_IMMEDIATELY,Immediate,3.5
Potato,Vegetative,Loamy,13.4,38.3,60.2,Moderate,15.3,Sprinkler (Overhead),None / Healthy,0.8,4.62,3.7,9.72,28.0,14.0,IRRIGATE_IMMEDIATELY,Immediate,4.67
Rice,Fruiting,Clay Loam,18.2,14.2,28.2,High,33.9,Sub-surface Drip,None / Healthy,1.2,2.0,2.4,24.62,34.0,18.0,IRRIGATE_IMMEDIATELY,Immediate,3.5
Tomato,Fruiting,Sandy Loam,23.7,22.5,71.2,Low,5.2,Sprinkler (Overhead),None / Healthy,1.2,2.0,2.4,1.69,22.0,10.0,OPTIMAL_STANDBY,Low,0.0
Sugarcane,Fruiting,Loamy,29.3,40.5,36.1,Moderate,7.8,Sprinkler (Overhead),None / Healthy,1.25,6.32,7.9,3.75,28.0,14.0,OPTIMAL_STANDBY,Low,0.0
Potato,Flowering,Black Soil,31.1,39.1,57.3,None,0.0,Drip Irrigation,None / Healthy,1.15,4.9,5.63,0.0,40.0,22.0,MAINTENANCE_DRIP,Normal,5.37
Tomato,Maturity,Sandy Loam,17.2,21.3,25.2,None,0.0,Flood / Surface,None / Healthy,0.8,2.82,2.26,0.0,22.0,10.0,MAINTENANCE_DRIP,Normal,2.31
Sugarcane,Flowering,Black Soil,35.2,26.2,72.9,None,0.0,Drip Irrigation,None / Healthy,1.25,2.36,2.95,0.0,40.0,22.0,MAINTENANCE_DRIP,Normal,2.92
Soybean,Seedling,Sandy,13.7,36.4,38.2,None,0.0,Drip Irrigation,Tomato Target Spot,0.4,5.36,2.14,0.0,15.0,6.0,OPTIMAL_STANDBY,Low,0.0
Potato,Flowering,Black Soil,31.0,34.4,47.8,High,23.8,Flood / Surface,None / Healthy,1.15,4.54,5.22,16.53,40.0,22.0,DELAY_RAIN_EXPECTED,Low,0.0
Soybean,Maturity,Loamy,39.1,17.3,61.6,Low,2.4,Sprinkler (Overhead),None / Healthy,0.5,2.0,1.0,0.0,28.0,14.0,OPTIMAL_STANDBY,Low,0.0
Rice,Seedling,Clay Loam,39.2,23.2,27.1,None,0.0,Sprinkler (Overhead),None / Healthy,1.05,3.16,3.32,0.0,34.0,18.0,OPTIMAL_STANDBY,Low,0.0
Rice,Vegetative,Black Soil,27.3,29.5,21.9,Low,4.0,Drip Irrigation,Tomato Septoria Leaf Spot,1.15,4.61,5.3,0.72,40.0,22.0,IRRIGATE_IMMEDIATELY,Immediate,6.63
Sugarcane,Flowering,Black Soil,36.5,25.0,65.8,Low,1.2,Flood / Surface,Tomato Target Spot,1.25,2.41,3.01,0.0,40.0,22.0,OPTIMAL_STANDBY,Low,0.0
Rice,Flowering,Clay Loam,28.8,21.3,74.2,None,0.0,Flood / Surface,None / Healthy,1.25,2.0,2.5,0.0,34.0,18.0,MAINTENANCE_DRIP,Normal,2.65
Wheat,Maturity,Loamy,16.3,41.4,75.5,Moderate,9.8,Drip Irrigation,Tomato Target Spot,0.35,4.26,1.49,5.32,28.0,14.0,IRRIGATE_IMMEDIATELY,Immediate,3.5
Wheat,Seedling,Sandy Loam,11.9,35.6,20.2,High,42.1,Drip Irrigation,None / Healthy,0.4,6.05,2.42,31.19,22.0,10.0,IRRIGATE_IMMEDIATELY,Immediate,3.5
Potato,Maturity,Loamy,29.3,31.7,37.4,None,0.0,Drip Irrigation,None / Healthy,0.75,4.48,3.36,0.0,28.0,14.0,OPTIMAL_STANDBY,Low,0.0
Sugarcane,Maturity,Black Soil,22.1,25.4,46.2,Low,4.8,Flood / Surface,Potato Late Blight,0.7,3.04,2.13,1.35,40.0,22.0,IRRIGATE_IMMEDIATELY,Immediate,3.5
Cotton,Flowering,Sandy Loam,18.4,24.4,78.2,Low,4.0,Sprinkler (Overhead),Pepper Bell Bacterial Spot,1.2,2.0,2.4,0.68,22.0,10.0,SUSPEND_OVERHEAD_BLIGHT,Immediate,0.0
Pepper Bell,Flowering,Black Soil,30.4,33.6,35.1,Low,3.1,Flood / Surface,None / Healthy,1.05,4.95,5.2,0.02,40.0,22.0,MAINTENANCE_DRIP,Normal,5.21
Corn,Seedling,Loamy,36.6,19.6,24.5,None,0.0,Drip Irrigation,None / Healthy,0.4,2.51,1.0,0.0,28.0,14.0,OPTIMAL_STANDBY,Low,0.0
Sugarcane,Maturity,Clay Loam,15.4,28.6,61.3,None,0.0,Drip Irrigation,None / Healthy,0.7,3.07,2.15,0.0,34.0,18.0,IRRIGATE_IMMEDIATELY,Immediate,3.5
Soybean,Vegetative,Sandy Loam,21.0,24.5,66.9,None,0.0,Sub-surface Drip,None / Healthy,0.7,2.31,1.62,0.0,22.0,10.0,OPTIMAL_STANDBY,Low,0.0
Wheat,Seedling,Clay Loam,24.4,23.5,28.1,Low,3.5,Flood / Surface,None / Healthy,0.4,3.19,1.28,0.33,34.0,18.0,IRRIGATE_IMMEDIATELY,Immediate,3.5
Potato,Seedling,Clay Loam,25.6,29.2,27.5,Moderate,17.3,Flood / Surface,Tomato Target Spot,0.5,4.36,2.18,11.3,34.0,18.0,DELAY_RAIN_EXPECTED,Low,0.0
Corn,Fruiting,Loamy,16.8,34.5,39.3,None,0.0,Sprinkler (Overhead),Potato Late Blight,1.1,4.94,5.43,0.0,28.0,14.0,SUSPEND_OVERHEAD_BLIGHT,Immediate,0.0
Pepper Bell,Fruiting,Sandy,15.2,36.4,70.1,Low,3.7,Drip Irrigation,Tomato Early Blight,1.1,3.84,4.22,0.45,15.0,6.0,OPTIMAL_STANDBY,Low,0.0
Corn,Maturity,Sandy,14.2,20.4,20.4,None,0.0,Sprinkler (Overhead),None / Healthy,0.6,2.76,1.66,0.0,15.0,6.0,OPTIMAL_STANDBY,Low,0.0
Potato,Flowering,Clay Loam,26.8,21.7,73.8,None,0.0,Sprinkler (Overhead),Tomato Septoria Leaf Spot,1.15,2.0,2.3,0.0,34.0,18.0,SUSPEND_OVERHEAD_BLIGHT,Immediate,0.0
Corn,Seedling,Sandy Loam,16.2,38.4,84.8,None,0.0,Flood / Surface,None / Healthy,0.4,3.62,1.45,0.0,22.0,10.0,MAINTENANCE_DRIP,Normal,1.51
Soybean,Vegetative,Black Soil,52.9,14.1,38.2,Moderate,10.6,Sprinkler (Overhead),None / Healthy,0.7,2.0,1.4,5.95,40.0,22.0,OPTIMAL_STANDBY,Low,0.0
Potato,Flowering,Loamy,10.3,23.8,39.5,High,33.2,Drip Irrigation,Pepper Bell Bacterial Spot,1.15,2.94,3.38,24.08,28.0,14.0,IRRIGATE_IMMEDIATELY,Immediate,4.16
Potato,Fruiting,Sandy Loam,11.1,23.9,86.9,Low,1.8,Drip Irrigation,None / Healthy,1.15,2.0,2.3,0.0,22.0,10.0,IRRIGATE_IMMEDIATELY,Immediate,3.5
Soybean,Fruiting,Sandy Loam,14.0,18.4,89.2,None,0.0,Drip Irrigation,None / Healthy,1.05,2.0,2.1,0.0,22.0,10.0,IRRIGATE_IMMEDIATELY,Immediate,3.5
Corn,Seedling,Black Soil,27.3,17.7,62.9,None,0.0,Flood / Surface,Tomato Septoria Leaf Spot,0.4,2.0,0.8,0.0,40.0,22.0,IRRIGATE_IMMEDIATELY,Immediate,3.5
Pepper Bell,Flowering,Sandy,15.6,35.1,76.5,Low,3.6,Drip Irrigation,None / Healthy,1.05,3.37,3.54,0.37,15.0,6.0,OPTIMAL_STANDBY,Low,0.0
Sugarcane,Fruiting,Sandy,14.7,32.0,85.8,None,0.0,Sprinkler (Overhead),Potato Late Blight,1.25,2.82,3.52,0.0,15.0,6.0,SUSPEND_OVERHEAD_BLIGHT,Immediate,0.0
Corn,Vegetative,Black Soil,28.3,38.1,59.1,None,0.0,Flood / Surface,None / Healthy,0.85,4.64,3.94,0.0,40.0,22.0,IRRIGATE_IMMEDIATELY,Immediate,4.95
Tomato,Fruiting,Loamy,10.2,16.6,73.0,Low,3.4,Sprinkler (Overhead),Tomato Early Blight,1.2,2.0,2.4,0.26,28.0,14.0,SUSPEND_OVERHEAD_BLIGHT,Immediate,0.0
Cotton,Maturity,Clay Loam,15.3,15.9,92.6,Low,5.4,Drip Irrigation,None / Healthy,0.55,2.0,1.1,1.85,34.0,18.0,IRRIGATE_IMMEDIATELY,Immediate,3.5
Sugarcane,Vegetative,Sandy,12.6,18.7,77.6,Low,4.7,Drip Irrigation,None / Healthy,0.85,2.0,1.7,1.3,15.0,6.0,MAINTENANCE_DRIP,Normal,1.74
Corn,Seedling,Black Soil,19.1,38.1,81.0,None,0.0,Drip Irrigation,Tomato Septoria Leaf Spot,0.4,3.58,1.43,0.0,40.0,22.0,IRRIGATE_IMMEDIATELY,Immediate,3.5
Sugarcane,Maturity,Black Soil,47.3,24.0,92.4,None,0.0,Drip Irrigation,None / Healthy,0.7,2.0,1.4,0.0,40.0,22.0,OPTIMAL_STANDBY,Low,0.0
Corn,Vegetative,Clay Loam,27.4,18.4,53.1,Moderate,12.6,Sprinkler (Overhead),Tomato Septoria Leaf Spot,0.85,2.0,1.7,7.56,34.0,18.0,SUSPEND_OVERHEAD_BLIGHT,Immediate,0.0
Wheat,Flowering,Sandy Loam,10.8,34.8,75.1,Moderate,12.2,Drip Irrigation,None / Healthy,1.15,3.38,3.89,7.24,22.0,10.0,IRRIGATE_IMMEDIATELY,Immediate,4.88
Wheat,Flowering,Clay Loam,33.5,24.1,75.1,Moderate,8.1,Drip Irrigation,None / Healthy,1.15,2.04,2.35,4.02,34.0,18.0,OPTIMAL_STANDBY,Low,0.0
Potato,Seedling,Loamy,36.3,29.9,85.7,None,0.0,Drip Irrigation,None / Healthy,0.5,2.57,1.28,0.0,28.0,14.0,OPTIMAL_STANDBY,Low,0.0
Wheat,Fruiting,Black Soil,38.4,14.5,74.2,None,0.0,Drip Irrigation,None / Healthy,0.85,2.0,1.7,0.0,40.0,22.0,OPTIMAL_STANDBY,Low,0.0
Cotton,Seedling,Sandy Loam,18.9,29.8,32.2,None,0.0,Drip Irrigation,None / Healthy,0.45,4.3,1.94,0.0,22.0,10.0,MAINTENANCE_DRIP,Normal,2.02
Rice,Vegetative,Sandy Loam,16.8,14.6,70.3,None,0.0,Drip Irrigation,Tomato Yellow Leaf Curl Virus,1.15,2.0,2.3,0.0,22.0,10.0,MAINTENANCE_DRIP,Normal,2.31
Potato,Flowering,Black Soil,34.6,32.8,38.9,None,0.0,Sub-surface Drip,None / Healthy,1.15,4.63,5.32,0.0,40.0,22.0,MAINTENANCE_DRIP,Normal,5.28
Rice,Seedling,Black Soil,33.3,31.4,35.8,Low,2.7,Drip Irrigation,None / Healthy,1.05,4.49,4.71,0.0,40.0,22.0,MAINTENANCE_DRIP,Normal,4.5
Sugarcane,Flowering,Sandy,25.2,23.1,37.8,Low,3.7,Sprinkler (Overhead),None / Healthy,1.25,2.87,3.59,0.44,15.0,6.0,OPTIMAL_STANDBY,Low,0.0
Corn,Maturity,Sandy,12.5,35.9,42.6,Low,3.6,Drip Irrigation,None / Healthy,0.6,5.07,3.04,0.35,15.0,6.0,MAINTENANCE_DRIP,Normal,2.92
Tomato,Vegetative,Black Soil,36.3,24.7,30.6,Moderate,14.8,Sub-surface Drip,Tomato Septoria Leaf Spot,0.85,3.36,2.86,9.35,40.0,22.0,DELAY_RAIN_EXPECTED,Low,0.0
Soybean,Maturity,Loamy,20.7,40.1,41.4,None,0.0,Drip Irrigation,None / Healthy,0.5,5.95,2.98,0.0,28.0,14.0,MAINTENANCE_DRIP,Normal,3.27
Soybean,Vegetative,Black Soil,41.0,25.0,42.4,None,0.0,Flood / Surface,None / Healthy,0.7,3.08,2.16,0.0,40.0,22.0,OPTIMAL_STANDBY,Low,0.0
Pepper Bell,Flowering,Black Soil,22.9,21.8,37.3,Moderate,16.6,Sprinkler (Overhead),None / Healthy,1.05,2.65,2.78,10.79,40.0,22.0,IRRIGATE_IMMEDIATELY,Immediate,3.5
Cotton,Flowering,Black Soil,41.4,29.5,73.8,None,0.0,Drip Irrigation,None / Healthy,1.2,2.74,3.29,0.0,40.0,22.0,OPTIMAL_STANDBY,Low,0.0
Soybean,Maturity,Sandy,10.8,15.0,81.6,Moderate,13.0,Drip Irrigation,None / Healthy,0.5,2.0,1.0,7.9,15.0,6.0,DELAY_RAIN_EXPECTED,Moderate,0.0
Corn,Fruiting,Loamy,26.4,28.9,76.9,Low,4.8,Drip Irrigation,None / Healthy,1.1,2.56,2.82,1.35,28.0,14.0,OPTIMAL_STANDBY,Low,0.0
Soybean,Flowering,Clay Loam,14.6,33.4,86.9,Moderate,14.0,Flood / Surface,Pepper Bell Bacterial Spot,1.15,3.0,3.45,8.68,34.0,18.0,IRRIGATE_IMMEDIATELY,Immediate,4.21
Corn,Flowering,Black Soil,25.7,15.2,20.8,Low,3.3,Drip Irrigation,None / Healthy,1.2,2.0,2.4,0.13,40.0,22.0,IRRIGATE_IMMEDIATELY,Immediate,3.5
Tomato,Vegetative,Clay Loam,24.1,32.1,41.2,None,0.0,Drip Irrigation,None / Healthy,0.85,4.4,3.74,0.0,34.0,18.0,IRRIGATE_IMMEDIATELY,Immediate,4.67
Soybean,Maturity,Sandy Loam,23.4,32.6,29.8,Moderate,14.0,Drip Irrigation,None / Healthy,0.5,4.97,2.48,8.73,22.0,10.0,DELAY_RAIN_EXPECTED,Low,0.0
Wheat,Seedling,Sandy,8.8,37.4,22.1,Low,5.2,Flood / Surface,Tomato Early Blight,0.4,6.38,2.55,1.64,15.0,6.0,IRRIGATE_IMMEDIATELY,Immediate,3.5
Tomato,Seedling,Clay Loam,18.1,25.3,49.9,None,0.0,Sprinkler (Overhead),Pepper Bell Bacterial Spot,0.6,2.91,1.75,0.0,34.0,18.0,SUSPEND_OVERHEAD_BLIGHT,Immediate,0.0
Corn,Flowering,Sandy,9.3,30.7,74.3,None,0.0,Drip Irrigation,None / Healthy,1.2,2.88,3.46,0.0,15.0,6.0,IRRIGATE_IMMEDIATELY,Immediate,4.67
Soybean,Flowering,Sandy Loam,21.6,24.4,38.3,None,0.0,Flood / Surface,None / Healthy,1.15,3.09,3.55,0.0,22.0,10.0,OPTIMAL_STANDBY,Low,0.0
Tomato,Maturity,Sandy,8.8,26.2,30.1,High,26.1,Sub-surface Drip,Potato Late Blight,0.8,3.65,2.92,18.37,15.0,6.0,IRRIGATE_IMMEDIATELY,Immediate,3.5
Corn,Vegetative,Clay Loam,26.7,14.5,74.4,None,0.0,Drip Irrigation,None / Healthy,0.85,2.0,1.7,0.0,34.0,18.0,MAINTENANCE_DRIP,Normal,1.5
Potato,Flowering,Black Soil,37.9,36.1,39.0,Low,4.8,Drip Irrigation,None / Healthy,1.15,5.26,6.05,1.35,40.0,22.0,OPTIMAL_STANDBY,Low,0.0
Rice,Seedling,Sandy Loam,23.4,31.6,56.7,None,0.0,Flood / Surface,None / Healthy,1.05,3.7,3.89,0.0,22.0,10.0,OPTIMAL_STANDBY,Low,0.0
Corn,Seedling,Sandy,12.1,24.5,76.8,None,0.0,Drip Irrigation,None / Healthy,0.4,2.04,0.82,0.0,15.0,6.0,MAINTENANCE_DRIP,Normal,1.5
Tomato,Flowering,Clay Loam,27.4,30.5,71.3,None,0.0,Sprinkler (Overhead),None / Healthy,1.15,2.97,3.42,0.0,34.0,18.0,MAINTENANCE_DRIP,Normal,3.58
Potato,Seedling,Sandy,5.0,23.3,87.6,Moderate,8.1,Sprinkler (Overhead),None / Healthy,0.5,2.0,1.0,3.97,15.0,6.0,IRRIGATE_IMMEDIATELY,Immediate,3.5
Soybean,Flowering,Sandy,7.1,25.6,21.3,Moderate,16.5,Sprinkler (Overhead),None / Healthy,1.15,3.81,4.38,10.68,15.0,6.0,IRRIGATE_IMMEDIATELY,Immediate,5.46
Rice,Fruiting,Clay Loam,26.6,18.0,61.8,Low,2.6,Drip Irrigation,None / Healthy,1.2,2.0,2.4,0.0,34.0,18.0,MAINTENANCE_DRIP,Normal,2.35
Tomato,Maturity,Black Soil,47.2,15.6,36.2,None,0.0,Sprinkler (Overhead),None / Healthy,0.8,2.0,1.6,0.0,40.0,22.0,OPTIMAL_STANDBY,Low,0.0
Corn,Maturity,Sandy,11.8,30.9,49.2,None,0.0,Flood / Surface,None / Healthy,0.6,3.87,2.32,0.0,15.0,6.0,MAINTENANCE_DRIP,Normal,2.27
Corn,Flowering,Sandy Loam,9.1,33.3,92.6,High,39.8,Sprinkler (Overhead),None / Healthy,1.2,2.98,3.58,29.32,22.0,10.0,IRRIGATE_IMMEDIATELY,Immediate,4.24
Pepper Bell,Seedling,Sandy Loam,18.7,38.8,70.7,High,27.9,Drip Irrigation,None / Healthy,0.6,4.15,2.49,19.79,22.0,10.0,DELAY_RAIN_EXPECTED,Low,0.0
Cotton,Seedling,Sandy Loam,16.1,40.1,47.1,None,0.0,Drip Irrigation,Potato Late Blight,0.45,5.63,2.53,0.0,22.0,10.0,MAINTENANCE_DRIP,Normal,2.71
Soybean,Maturity,Sandy,10.8,36.5,73.4,Moderate,11.0,Drip Irrigation,None / Healthy,0.5,3.69,1.84,6.34,15.0,6.0,DELAY_RAIN_EXPECTED,Moderate,0.0
Rice,Seedling,Sandy,16.7,17.5,49.5,None,0.0,Sub-surface Drip,None / Healthy,1.05,2.0,2.1,0.0,15.0,6.0,OPTIMAL_STANDBY,Low,0.0
Potato,Fruiting,Sandy Loam,19.1,26.6,51.8,None,0.0,Sprinkler (Overhead),Tomato Septoria Leaf Spot,1.15,3.07,3.53,0.0,22.0,10.0,SUSPEND_OVERHEAD_BLIGHT,Immediate,0.0
Cotton,Vegetative,Sandy,5.2,27.0,77.1,Moderate,12.8,Sprinkler (Overhead),None / Healthy,0.75,2.32,1.74,7.72,15.0,6.0,IRRIGATE_IMMEDIATELY,Immediate,3.5
Corn,Maturity,Sandy,6.2,36.6,39.8,None,0.0,Drip Irrigation,Tomato Yellow Leaf Curl Virus,0.6,5.34,3.2,0.0,15.0,6.0,IRRIGATE_IMMEDIATELY,Immediate,4.05
Soybean,Seedling,Loamy,22.5,40.5,62.9,Moderate,10.4,Drip Irrigation,Tomato Early Blight,0.4,4.84,1.94,5.79,28.0,14.0,DELAY_RAIN_EXPECTED,Moderate,0.0
Soybean,Maturity,Loamy,24.5,38.2,59.4,None,0.0,Sprinkler (Overhead),None / Healthy,0.5,4.64,2.32,0.0,28.0,14.0,MAINTENANCE_DRIP,Normal,2.26
Cotton,Seedling,Black Soil,34.6,17.7,36.1,Moderate,14.2,Flood / Surface,None / Healthy,0.45,2.0,0.9,8.87,40.0,22.0,DELAY_RAIN_EXPECTED,Low,0.0
Potato,Flowering,Black Soil,41.0,17.6,26.6,Low,5.2,Flood / Surface,None / Healthy,1.15,2.08,2.39,1.65,40.0,22.0,OPTIMAL_STANDBY,Low,0.0
Sugarcane,Flowering,Sandy Loam,17.6,16.0,79.3,None,0.0,Sprinkler (Overhead),None / Healthy,1.25,2.0,2.5,0.0,22.0,10.0,MAINTENANCE_DRIP,Normal,2.24
Tomato,Fruiting,Clay Loam,28.2,34.0,86.4,High,27.3,Drip Irrigation,None / Healthy,1.2,3.07,3.68,19.35,34.0,18.0,DELAY_RAIN_EXPECTED,Low,0.0
Cotton,Fruiting,Black Soil,36.1,28.1,86.4,None,0.0,Flood / Surface,None / Healthy,0.85,2.36,2.01,0.0,40.0,22.0,OPTIMAL_STANDBY,Low,0.0
Soybean,Vegetative,Clay Loam,23.5,30.3,25.5,None,0.0,Sprinkler (Overhead),Pepper Bell Bacterial Spot,0.7,4.64,3.25,0.0,34.0,18.0,SUSPEND_OVERHEAD_BLIGHT,Immediate,0.0
Potato,Maturity,Sandy,19.6,29.1,86.9,None,0.0,Sub-surface Drip,Tomato Septoria Leaf Spot,0.75,2.47,1.85,0.0,15.0,6.0,OPTIMAL_STANDBY,Low,0.0
Cotton,Flowering,Clay Loam,27.2,38.8,76.1,Low,6.0,Flood / Surface,Tomato Early Blight,1.2,3.87,4.64,2.27,34.0,18.0,MAINTENANCE_DRIP,Normal,4.59
Cotton,Flowering,Sandy,9.2,20.6,57.7,None,0.0,Sprinkler (Overhead),Potato Late Blight,1.2,2.0,2.4,0.0,15.0,6.0,SUSPEND_OVERHEAD_BLIGHT,Immediate,0.0
Sugarcane,Vegetative,Clay Loam,35.6,21.8,62.8,None,0.0,Flood / Surface,None / Healthy,0.85,2.05,1.74,0.0,34.0,18.0,OPTIMAL_STANDBY,Low,0.0
Sugarcane,Maturity,Loamy,26.8,27.1,93.8,High,33.5,Sub-surface Drip,Tomato Septoria Leaf Spot,0.7,2.24,1.57,24.28,28.0,14.0,DELAY_RAIN_EXPECTED,Low,0.0
Corn,Vegetative,Sandy,14.0,29.7,48.8,Moderate,10.0,Sprinkler (Overhead),Tomato Yellow Leaf Curl Virus,0.85,3.68,3.13,5.46,15.0,6.0,OPTIMAL_STANDBY,Low,0.0
Wheat,Maturity,Black Soil,32.3,27.8,62.9,None,0.0,Drip Irrigation,None / Healthy,0.35,2.89,1.01,0.0,40.0,22.0,MAINTENANCE_DRIP,Normal,1.5
Tomato,Flowering,Sandy Loam,13.8,39.3,80.4,None,0.0,Sprinkler (Overhead),None / Healthy,1.15,3.73,4.29,0.0,22.0,10.0,IRRIGATE_IMMEDIATELY,Immediate,5.21
Sugarcane,Maturity,Loamy,25.5,41.8,22.9,Low,1.8,Flood / Surface,None / Healthy,0.7,7.38,5.17,0.0,28.0,14.0,OPTIMAL_STANDBY,Low,0.0
Soybean,Seedling,Clay Loam,32.4,30.3,90.2,None,0.0,Drip Irrigation,None / Healthy,0.4,2.62,1.05,0.0,34.0,18.0,OPTIMAL_STANDBY,Low,0.0
Cotton,Vegetative,Sandy,12.0,38.3,68.0,None,0.0,Sprinkler (Overhead),None / Healthy,0.75,4.23,3.17,0.0,15.0,6.0,MAINTENANCE_DRIP,Normal,3.26
Tomato,Flowering,Black Soil,34.7,41.6,43.0,High,22.3,Flood / Surface,Pepper Bell Bacterial Spot,1.15,6.17,7.1,15.35,40.0,22.0,DELAY_RAIN_EXPECTED,Low,0.0
Soybean,Maturity,Sandy,14.3,16.7,74.9,Moderate,15.1,Sub-surface Drip,None / Healthy,0.5,2.0,1.0,9.61,15.0,6.0,DELAY_RAIN_EXPECTED,Low,0.0
Sugarcane,Maturity,Sandy,17.0,26.6,76.9,High,20.8,Drip Irrigation,Pepper Bell Bacterial Spot,0.7,2.28,1.6,14.11,15.0,6.0,DELAY_RAIN_EXPECTED,Low,0.0
Tomato,Seedling,Clay Loam,30.9,41.9,28.6,None,0.0,Drip Irrigation,None / Healthy,0.6,7.05,4.23,0.0,34.0,18.0,OPTIMAL_STANDBY,Low,0.0
Corn,Flowering,Clay Loam,31.8,26.2,61.9,None,0.0,Sub-surface Drip,None / Healthy,1.2,2.69,3.23,0.0,34.0,18.0,OPTIMAL_STANDBY,Low,0.0
Sugarcane,Maturity,Clay Loam,22.6,30.4,88.2,None,0.0,Sprinkler (Overhead),None / Healthy,0.7,2.63,1.84,0.0,34.0,18.0,IRRIGATE_IMMEDIATELY,Immediate,3.5
Rice,Vegetative,Sandy Loam,20.9,34.7,85.3,High,35.5,Sprinkler (Overhead),None / Healthy,1.15,3.15,3.62,25.89,22.0,10.0,DELAY_RAIN_EXPECTED,Low,0.0
Rice,Vegetative,Sandy,12.9,15.8,87.7,Low,5.1,Flood / Surface,None / Healthy,1.15,2.0,2.3,1.56,15.0,6.0,MAINTENANCE_DRIP,Normal,2.39
Corn,Vegetative,Black Soil,38.9,21.6,67.0,Low,5.1,Drip Irrigation,None / Healthy,0.85,2.0,1.7,1.61,40.0,22.0,OPTIMAL_STANDBY,Low,0.0
Tomato,Flowering,Clay Loam,25.4,34.1,54.1,Moderate,12.2,Flood / Surface,None / Healthy,1.15,4.21,4.84,7.27,34.0,18.0,DELAY_RAIN_EXPECTED,Moderate,0.0
Soybean,Fruiting,Loamy,11.7,38.0,56.8,None,0.0,Flood / Surface,None / Healthy,1.05,4.74,4.98,0.0,28.0,14.0,IRRIGATE_IMMEDIATELY,Immediate,6.16
Soybean,Flowering,Sandy,11.4,32.0,65.0,None,0.0,Drip Irrigation,Tomato Yellow Leaf Curl Virus,1.15,3.43,3.94,0.0,15.0,6.0,MAINTENANCE_DRIP,Normal,3.9
Corn,Fruiting,Loamy,24.5,28.7,27.2,None,0.0,Sprinkler (Overhead),Potato Late Blight,1.1,4.27,4.7,0.0,28.0,14.0,SUSPEND_OVERHEAD_BLIGHT,Immediate,0.0
Pepper Bell,Fruiting,Clay Loam,33.9,38.0,74.1,None,0.0,Sprinkler (Overhead),Tomato Septoria Leaf Spot,1.1,3.86,4.25,0.0,34.0,18.0,SUSPEND_OVERHEAD_BLIGHT,Immediate,0.0
Potato,Fruiting,Loamy,11.0,34.6,71.5,High,27.3,Flood / Surface,Potato Late Blight,1.15,3.52,4.05,19.32,28.0,14.0,IRRIGATE_IMMEDIATELY,Immediate,4.74
Tomato,Vegetative,Loamy,23.4,26.3,48.4,Moderate,15.5,Flood / Surface,None / Healthy,0.85,3.12,2.65,9.89,28.0,14.0,DELAY_RAIN_EXPECTED,Low,0.0
Cotton,Fruiting,Loamy,23.5,37.1,45.1,Moderate,10.0,Drip Irrigation,None / Healthy,0.85,5.18,4.4,5.5,28.0,14.0,DELAY_RAIN_EXPECTED,Moderate,0.0
Potato,Maturity,Loamy,24.3,37.7,70.9,Low,5.8,Drip Irrigation,None / Healthy,0.75,3.99,2.99,2.12,28.0,14.0,MAINTENANCE_DRIP,Normal,2.84
Wheat,Fruiting,Clay Loam,28.3,16.7,44.1,None,0.0,Drip Irrigation,None / Healthy,0.85,2.0,1.7,0.0,34.0,18.0,MAINTENANCE_DRIP,Normal,1.61
Tomato,Fruiting,Sandy Loam,15.8,21.7,30.6,High,19.1,Drip Irrigation,None / Healthy,1.2,2.78,3.34,12.78,22.0,10.0,DELAY_RAIN_EXPECTED,Low,0.0
Wheat,Maturity,Clay Loam,34.4,14.5,22.6,Moderate,14.5,Sub-surface Drip,None / Healthy,0.35,2.0,0.7,9.13,34.0,18.0,DELAY_RAIN_EXPECTED,Low,0.0
Cotton,Vegetative,Sandy,8.9,34.2,26.4,Moderate,8.2,Sprinkler (Overhead),None / Healthy,0.75,5.45,4.09,4.04,15.0,6.0,IRRIGATE_IMMEDIATELY,Immediate,5.4
Tomato,Vegetative,Sandy Loam,18.2,39.5,88.7,None,0.0,Flood / Surface,Pepper Bell Bacterial Spot,0.85,3.76,3.2,0.0,22.0,10.0,MAINTENANCE_DRIP,Normal,3.22
Wheat,Maturity,Clay Loam,27.7,29.8,53.6,None,0.0,Drip Irrigation,None / Healthy,0.35,3.53,1.24,0.0,34.0,18.0,MAINTENANCE_DRIP,Normal,1.5
Wheat,Flowering,Loamy,27.4,19.8,66.8,Moderate,10.9,Drip Irrigation,None / Healthy,1.15,2.0,2.3,6.25,28.0,14.0,OPTIMAL_STANDBY,Low,0.0
Pepper Bell,Flowering,Clay Loam,27.2,28.6,87.4,Low,4.6,Sub-surface Drip,Potato Late Blight,1.05,2.42,2.54,1.21,34.0,18.0,MAINTENANCE_DRIP,Normal,2.43
Tomato,Fruiting,Sandy Loam,16.7,30.2,68.5,Low,5.7,Drip Irrigation,Pepper Bell Bacterial Spot,1.2,3.03,3.64,2.02,22.0,10.0,MAINTENANCE_DRIP,Normal,3.58
Cotton,Flowering,Loamy,15.7,32.5,53.1,High,36.4,Sprinkler (Overhead),None / Healthy,1.2,3.99,4.79,26.66,28.0,14.0,IRRIGATE_IMMEDIATELY,Immediate,5.59
Tomato,Vegetative,Sandy Loam,8.2,31.1,61.2,None,0.0,Flood / Surface,Tomato Target Spot,0.85,3.45,2.93,0.0,22.0,10.0,IRRIGATE_IMMEDIATELY,Immediate,3.5
Sugarcane,Flowering,Sandy Loam,9.8,17.3,22.2,None,0.0,Flood / Surface,None / Healthy,1.25,2.1,2.62,0.0,22.0,10.0,IRRIGATE_IMMEDIATELY,Immediate,3.5
Potato,Fruiting,Sandy,14.3,35.7,89.9,High,37.4,Drip Irrigation,None / Healthy,1.15,3.27,3.76,27.41,15.0,6.0,DELAY_RAIN_EXPECTED,Low,0.0
Rice,Flowering,Sandy Loam,19.0,26.7,64.6,Moderate,17.7,Flood / Surface,None / Healthy,1.25,2.68,3.35,11.67,22.0,10.0,DELAY_RAIN_EXPECTED,Low,0.0
Wheat,Flowering,Black Soil,37.4,22.9,37.4,Moderate,16.7,Drip Irrigation,None / Healthy,1.15,2.84,3.27,10.83,40.0,22.0,DELAY_RAIN_EXPECTED,Low,0.0
Tomato,Vegetative,Loamy,19.4,35.7,35.7,Low,3.3,Drip Irrigation,None / Healthy,0.85,5.35,4.55,0.11,28.0,14.0,IRRIGATE_IMMEDIATELY,Immediate,5.83
Cotton,Seedling,Black Soil,34.3,20.0,44.3,None,0.0,Sub-surface Drip,None / Healthy,0.45,2.18,0.98,0.0,40.0,22.0,MAINTENANCE_DRIP,Normal,1.5
Cotton,Vegetative,Sandy Loam,23.0,20.5,45.8,Low,4.1,Drip Irrigation,None / Healthy,0.75,2.23,1.67,0.76,22.0,10.0,OPTIMAL_STANDBY,Low,0.0
Sugarcane,Vegetative,Sandy,11.3,17.0,40.8,Low,5.5,Sprinkler (Overhead),Tomato Early Blight,0.85,2.0,1.7,1.86,15.0,6.0,SUSPEND_OVERHEAD_BLIGHT,Immediate,0.0
Tomato,Flowering,Loamy,10.5,15.7,88.0,Low,1.9,Sub-surface Drip,None / Healthy,1.15,2.0,2.3,0.0,28.0,14.0,IRRIGATE_IMMEDIATELY,Immediate,3.5
Rice,Seedling,Black Soil,37.6,40.1,87.0,Moderate,15.5,Drip Irrigation,Tomato Target Spot,1.05,3.84,4.03,9.93,40.0,22.0,DELAY_RAIN_EXPECTED,Low,0.0
Pepper Bell,Flowering,Loamy,10.7,33.1,27.6,Low,2.6,Flood / Surface,Potato Late Blight,1.05,5.17,5.43,0.0,28.0,14.0,IRRIGATE_IMMEDIATELY,Immediate,6.78
Potato,Seedling,Loamy,11.7,21.2,83.8,Low,2.8,Drip Irrigation,None / Healthy,0.5,2.0,1.0,0.0,28.0,14.0,IRRIGATE_IMMEDIATELY,Immediate,3.5
Corn,Maturity,Sandy,8.8,16.7,70.6,None,0.0,Flood / Surface,None / Healthy,0.6,2.0,1.2,0.0,15.0,6.0,IRRIGATE_IMMEDIATELY,Immediate,3.5
Rice,Seedling,Sandy,14.6,20.0,48.1,Moderate,7.1,Drip Irrigation,None / Healthy,1.05,2.09,2.19,3.17,15.0,6.0,OPTIMAL_STANDBY,Low,0.0
Cotton,Fruiting,Clay Loam,17.9,16.8,78.3,Low,2.9,Sub-surface Drip,Pepper Bell Bacterial Spot,0.85,2.0,1.7,0.0,34.0,18.0,IRRIGATE_IMMEDIATELY,Immediate,3.5
Cotton,Vegetative,Sandy Loam,21.4,24.9,75.6,High,34.6,Flood / Surface,Tomato Yellow Leaf Curl Virus,0.75,2.12,1.59,25.21,22.0,10.0,DELAY_RAIN_EXPECTED,Low,0.0
Pepper Bell,Vegetative,Loamy,22.0,30.7,78.5,None,0.0,Drip Irrigation,Tomato Septoria Leaf Spot,0.8,2.73,2.18,0.0,28.0,14.0,MAINTENANCE_DRIP,Normal,2.22
Tomato,Flowering,Sandy Loam,15.8,21.2,86.8,High,31.8,Drip Irrigation,None / Healthy,1.15,2.0,2.3,22.91,22.0,10.0,DELAY_RAIN_EXPECTED,Low,0.0
Rice,Maturity,Loamy,24.5,39.5,40.5,None,0.0,Sprinkler (Overhead),None / Healthy,0.95,5.87,5.58,0.0,28.0,14.0,MAINTENANCE_DRIP,Normal,5.5
Rice,Vegetative,Black Soil,41.8,26.9,88.0,None,0.0,Sprinkler (Overhead),None / Healthy,1.15,2.22,2.55,0.0,40.0,22.0,OPTIMAL_STANDBY,Low,0.0
Wheat,Vegetative,Clay Loam,15.0,32.3,23.7,Low,1.5,Drip Irrigation,None / Healthy,0.75,5.16,3.87,0.0,34.0,18.0,IRRIGATE_IMMEDIATELY,Immediate,4.68
Tomato,Flowering,Clay Loam,29.3,19.6,93.0,None,0.0,Flood / Surface,None / Healthy,1.15,2.0,2.3,0.0,34.0,18.0,MAINTENANCE_DRIP,Normal,2.33
Wheat,Seedling,Clay Loam,22.7,21.1,44.5,Low,3.7,Drip Irrigation,None / Healthy,0.4,2.35,0.94,0.45,34.0,18.0,IRRIGATE_IMMEDIATELY,Immediate,3.5
Sugarcane,Vegetative,Loamy,18.2,18.3,82.3,Low,2.8,Drip Irrigation,Tomato Septoria Leaf Spot,0.85,2.0,1.7,0.0,28.0,14.0,IRRIGATE_IMMEDIATELY,Immediate,3.5
Wheat,Fruiting,Sandy,7.9,38.2,72.0,High,35.2,Drip Irrigation,None / Healthy,0.85,4.0,3.4,25.7,15.0,6.0,IRRIGATE_IMMEDIATELY,Immediate,4.14
Sugarcane,Fruiting,Sandy Loam,12.1,26.6,91.9,None,0.0,Sprinkler (Overhead),None / Healthy,1.25,2.19,2.74,0.0,22.0,10.0,IRRIGATE_IMMEDIATELY,Immediate,3.5
Sugarcane,Maturity,Clay Loam,27.2,20.5,75.8,None,0.0,Sprinkler (Overhead),None / Healthy,0.7,2.0,1.4,0.0,34.0,18.0,MAINTENANCE_DRIP,Normal,1.5
Potato,Vegetative,Clay Loam,20.0,33.2,29.0,None,0.0,Drip Irrigation,None / Healthy,0.8,5.12,4.1,0.0,34.0,18.0,IRRIGATE_IMMEDIATELY,Immediate,4.99
Potato,Seedling,Loamy,38.0,33.3,61.0,Moderate,14.7,Drip Irrigation,None / Healthy,0.5,3.79,1.9,9.27,28.0,14.0,DELAY_RAIN_EXPECTED,Low,0.0
Cotton,Seedling,Sandy Loam,15.5,32.3,34.2,Low,1.3,Sprinkler (Overhead),Pepper Bell Bacterial Spot,0.45,4.72,2.12,0.0,22.0,10.0,SUSPEND_OVERHEAD_BLIGHT,Immediate,0.0
Corn,Fruiting,Sandy Loam,6.1,39.6,37.4,None,0.0,Drip Irrigation,Tomato Septoria Leaf Spot,1.1,6.06,6.67,0.0,22.0,10.0,IRRIGATE_IMMEDIATELY,Immediate,7.0
Tomato,Fruiting,Black Soil,37.8,35.9,21.2,None,0.0,Sprinkler (Overhead),None / Healthy,1.2,6.07,7.28,0.0,40.0,22.0,OPTIMAL_STANDBY,Low,0.0
Corn,Fruiting,Sandy,14.5,35.3,94.3,None,0.0,Sprinkler (Overhead),Pepper Bell Bacterial Spot,1.1,3.23,3.55,0.0,15.0,6.0,SUSPEND_OVERHEAD_BLIGHT,Immediate,0.0
Cotton,Vegetative,Sandy,12.1,33.8,71.0,Low,2.5,Drip Irrigation,None / Healthy,0.75,3.42,2.56,0.0,15.0,6.0,MAINTENANCE_DRIP,Normal,2.39
Cotton,Vegetative,Sandy Loam,8.0,19.9,49.5,None,0.0,Drip Irrigation,None / Healthy,0.75,2.06,1.54,0.0,22.0,10.0,IRRIGATE_IMMEDIATELY,Immediate,3.5
Wheat,Vegetative,Loamy,29.2,41.8,69.2,Low,3.7,Sprinkler (Overhead),Tomato Septoria Leaf Spot,0.75,4.68,3.51,0.47,28.0,14.0,SUSPEND_OVERHEAD_BLIGHT,Immediate,0.0
Soybean,Fruiting,Black Soil,28.0,32.6,91.7,None,0.0,Sprinkler (Overhead),None / Healthy,1.05,2.9,3.04,0.0,40.0,22.0,IRRIGATE_IMMEDIATELY,Immediate,3.81
Soybean,Flowering,Black Soil,37.6,38.9,45.6,Moderate,12.1,Drip Irrigation,None / Healthy,1.15,5.49,6.31,7.19,40.0,22.0,OPTIMAL_STANDBY,Low,0.0
Potato,Fruiting,Black Soil,32.2,23.3,62.4,None,0.0,Sprinkler (Overhead),Tomato Early Blight,1.15,2.27,2.61,0.0,40.0,22.0,SUSPEND_OVERHEAD_BLIGHT,Immediate,0.0
Wheat,Maturity,Clay Loam,15.1,40.5,36.3,None,0.0,Drip Irrigation,None / Healthy,0.35,6.31,2.21,0.0,34.0,18.0,IRRIGATE_IMMEDIATELY,Immediate,3.5
Wheat,Seedling,Black Soil,33.0,17.8,41.7,Moderate,14.3,Sprinkler (Overhead),None / Healthy,0.4,2.0,0.8,8.93,40.0,22.0,DELAY_RAIN_EXPECTED,Low,0.0
Wheat,Seedling,Black Soil,34.3,21.0,70.9,Low,5.5,Flood / Surface,None / Healthy,0.4,2.0,0.8,1.91,40.0,22.0,MAINTENANCE_DRIP,Normal,1.5
Cotton,Seedling,Loamy,22.0,23.7,22.6,None,0.0,Flood / Surface,Tomato Target Spot,0.45,3.37,1.52,0.0,28.0,14.0,MAINTENANCE_DRIP,Normal,1.53
Wheat,Flowering,Black Soil,33.8,39.4,25.4,None,0.0,Drip Irrigation,None / Healthy,1.15,6.67,7.67,0.0,40.0,22.0,MAINTENANCE_DRIP,Normal,5.5
Rice,Flowering,Sandy Loam,18.4,27.9,40.6,None,0.0,Drip Irrigation,None / Healthy,1.25,3.64,4.55,0.0,22.0,10.0,MAINTENANCE_DRIP,Normal,4.61
Rice,Fruiting,Sandy,12.7,24.9,81.6,Low,3.3,Drip Irrigation,None / Healthy,1.2,2.0,2.4,0.1,15.0,6.0,MAINTENANCE_DRIP,Normal,2.27
Tomato,Maturity,Sandy,19.4,34.6,84.5,None,0.0,Drip Irrigation,None / Healthy,0.8,3.14,2.51,0.0,15.0,6.0,OPTIMAL_STANDBY,Low,0.0
Corn,Seedling,Sandy,12.2,14.8,24.8,None,0.0,Sprinkler (Overhead),Potato Late Blight,0.4,2.0,0.8,0.0,15.0,6.0,SUSPEND_OVERHEAD_BLIGHT,Immediate,0.0
Sugarcane,Maturity,Black Soil,32.3,35.4,94.4,None,0.0,Flood / Surface,None / Healthy,0.7,3.24,2.27,0.0,40.0,22.0,MAINTENANCE_DRIP,Normal,2.13
Rice,Vegetative,Sandy Loam,34.2,15.9,23.6,Moderate,7.7,Drip Irrigation,None / Healthy,1.15,2.0,2.3,3.64,22.0,10.0,OPTIMAL_STANDBY,Low,0.0
Pepper Bell,Seedling,Black Soil,33.0,34.1,85.7,None,0.0,Sprinkler (Overhead),None / Healthy,0.6,3.08,1.85,0.0,40.0,22.0,MAINTENANCE_DRIP,Normal,1.83
Rice,Seedling,Black Soil,28.2,38.2,69.5,Low,4.6,Sprinkler (Overhead),None / Healthy,1.05,4.13,4.34,1.18,40.0,22.0,IRRIGATE_IMMEDIATELY,Immediate,5.45
Wheat,Vegetative,Black Soil,39.7,21.1,48.0,None,0.0,Drip Irrigation,None / Healthy,0.75,2.27,1.7,0.0,40.0,22.0,OPTIMAL_STANDBY,Low,0.0
Pepper Bell,Fruiting,Sandy Loam,25.6,31.2,31.3,Moderate,16.2,Sprinkler (Overhead),None / Healthy,1.1,4.62,5.08,10.46,22.0,10.0,DELAY_RAIN_EXPECTED,Low,0.0
Sugarcane,Flowering,Sandy Loam,17.0,34.8,55.7,Moderate,7.5,Flood / Surface,Tomato Yellow Leaf Curl Virus,1.25,4.26,5.32,3.54,22.0,10.0,MAINTENANCE_DRIP,Normal,5.48
Cotton,Seedling,Loamy,40.9,15.6,62.0,Moderate,7.9,Drip Irrigation,None / Healthy,0.45,2.0,0.9,3.85,28.0,14.0,OPTIMAL_STANDBY,Low,0.0
Sugarcane,Flowering,Black Soil,31.0,22.6,36.3,Moderate,10.6,Flood / Surface,None / Healthy,1.25,2.81,3.51,5.98,40.0,22.0,DELAY_RAIN_EXPECTED,Moderate,0.0
Pepper Bell,Vegetative,Clay Loam,28.9,16.3,20.4,Moderate,7.3,Sprinkler (Overhead),None / Healthy,0.8,2.0,1.6,3.36,34.0,18.0,MAINTENANCE_DRIP,Normal,1.5
Tomato,Seedling,Sandy Loam,23.3,14.5,28.3,None,0.0,Sprinkler (Overhead),None / Healthy,0.6,2.0,1.2,0.0,22.0,10.0,OPTIMAL_STANDBY,Low,0.0
Pepper Bell,Maturity,Black Soil,37.8,32.7,58.6,Low,2.8,Flood / Surface,None / Healthy,0.85,3.79,3.22,0.0,40.0,22.0,OPTIMAL_STANDBY,Low,0.0
Wheat,Maturity,Clay Loam,29.2,18.5,81.7,High,34.3,Drip Irrigation,Tomato Early Blight,0.35,2.0,0.7,24.9,34.0,18.0,DELAY_RAIN_EXPECTED,Low,0.0
Cotton,Flowering,Black Soil,41.4,35.3,56.1,None,0.0,Drip Irrigation,None / Healthy,1.2,4.33,5.2,0.0,40.0,22.0,OPTIMAL_STANDBY,Low,0.0
Corn,Fruiting,Black Soil,43.9,26.0,71.8,Moderate,12.7,Sprinkler (Overhead),Tomato Yellow Leaf Curl Virus,1.1,2.37,2.61,7.69,40.0,22.0,OPTIMAL_STANDBY,Low,0.0
Cotton,Maturity,Sandy,7.6,32.9,52.6,Moderate,13.1,Drip Irrigation,Pepper Bell Bacterial Spot,0.55,4.07,2.24,8.02,15.0,6.0,IRRIGATE_IMMEDIATELY,Immediate,3.5
Cotton,Flowering,Loamy,11.0,22.3,24.2,None,0.0,Sprinkler (Overhead),None / Healthy,1.2,3.06,3.67,0.0,28.0,14.0,IRRIGATE_IMMEDIATELY,Immediate,4.72
Wheat,Fruiting,Sandy,17.0,20.0,41.9,None,0.0,Drip Irrigation,None / Healthy,0.85,2.23,1.9,0.0,15.0,6.0,OPTIMAL_STANDBY,Low,0.0
Cotton,Vegetative,Clay Loam,26.7,18.9,48.0,None,0.0,Drip Irrigation,None / Healthy,0.75,2.0,1.5,0.0,34.0,18.0,MAINTENANCE_DRIP,Normal,1.59
Potato,Flowering,Loamy,19.2,26.7,31.2,Low,3.2,Sprinkler (Overhead),Pepper Bell Bacterial Spot,1.15,3.73,4.29,0.1,28.0,14.0,SUSPEND_OVERHEAD_BLIGHT,Immediate,0.0
Wheat,Vegetative,Clay Loam,26.2,38.6,59.6,None,0.0,Sprinkler (Overhead),None / Healthy,0.75,4.7,3.53,0.0,34.0,18.0,MAINTENANCE_DRIP,Normal,3.57
Soybean,Flowering,Loamy,27.1,41.2,78.6,Moderate,8.5,Sprinkler (Overhead),None / Healthy,1.15,4.06,4.67,4.33,28.0,14.0,OPTIMAL_STANDBY,Low,0.0
Wheat,Flowering,Loamy,23.2,16.1,91.9,Moderate,11.8,Flood / Surface,None / Healthy,1.15,2.0,2.3,6.93,28.0,14.0,DELAY_RAIN_EXPECTED,Moderate,0.0
Potato,Vegetative,Clay Loam,22.0,41.0,25.4,Moderate,10.0,Sprinkler (Overhead),None / Healthy,0.8,7.03,5.62,5.46,34.0,18.0,IRRIGATE_IMMEDIATELY,Immediate,6.62
Cotton,Fruiting,Loamy,10.4,38.8,20.8,Low,5.4,Drip Irrigation,None / Healthy,0.85,6.78,5.76,1.85,28.0,14.0,IRRIGATE_IMMEDIATELY,Immediate,7.0
Rice,Seedling,Clay Loam,26.6,30.3,70.2,Moderate,10.6,Drip Irrigation,None / Healthy,1.05,2.98,3.13,5.97,34.0,18.0,DELAY_RAIN_EXPECTED,Moderate,0.0
Sugarcane,Vegetative,Loamy,23.4,40.4,71.1,None,0.0,Flood / Surface,None / Healthy,0.85,4.36,3.71,0.0,28.0,14.0,MAINTENANCE_DRIP,Normal,3.69
Corn,Flowering,Clay Loam,25.6,38.7,79.3,None,0.0,Drip Irrigation,None / Healthy,1.2,3.69,4.43,0.0,34.0,18.0,MAINTENANCE_DRIP,Normal,4.47
Cotton,Flowering,Black Soil,37.2,33.8,79.8,None,0.0,Drip Irrigation,Tomato Septoria Leaf Spot,1.2,3.04,3.65,0.0,40.0,22.0,OPTIMAL_STANDBY,Low,0.0
Sugarcane,Flowering,Black Soil,22.9,26.4,83.7,Low,4.1,Sprinkler (Overhead),Tomato Target Spot,1.25,2.17,2.71,0.76,40.0,22.0,SUSPEND_OVERHEAD_BLIGHT,Immediate,0.0
Rice,Seedling,Sandy Loam,15.9,41.3,23.7,Low,1.9,Sprinkler (Overhead),None / Healthy,1.05,7.21,7.57,0.0,22.0,10.0,MAINTENANCE_DRIP,Normal,5.5
Soybean,Seedling,Sandy,4.1,41.5,73.1,Moderate,7.7,Drip Irrigation,Tomato Target Spot,0.4,4.41,1.76,3.65,15.0,6.0,IRRIGATE_IMMEDIATELY,Immediate,3.5
Potato,Flowering,Clay Loam,31.2,16.1,46.7,None,0.0,Drip Irrigation,None / Healthy,1.15,2.0,2.3,0.0,34.0,18.0,OPTIMAL_STANDBY,Low,0.0
Corn,Fruiting,Loamy,19.7,39.8,90.1,Low,1.8,Sub-surface Drip,Pepper Bell Bacterial Spot,1.1,3.79,4.17,0.0,28.0,14.0,IRRIGATE_IMMEDIATELY,Immediate,5.75
Potato,Flowering,Clay Loam,15.9,41.5,92.4,None,0.0,Flood / Surface,Tomato Yellow Leaf Curl Virus,1.15,4.01,4.61,0.0,34.0,18.0,IRRIGATE_IMMEDIATELY,Immediate,5.63
Wheat,Flowering,Clay Loam,16.6,35.4,92.0,None,0.0,Drip Irrigation,None / Healthy,1.15,3.23,3.71,0.0,34.0,18.0,IRRIGATE_IMMEDIATELY,Immediate,4.9
Potato,Flowering,Clay Loam,27.0,19.2,39.1,None,0.0,Sprinkler (Overhead),Potato Late Blight,1.15,2.15,2.47,0.0,34.0,18.0,SUSPEND_OVERHEAD_BLIGHT,Immediate,0.0
Cotton,Seedling,Sandy,11.9,26.4,67.6,Low,5.1,Drip Irrigation,None / Healthy,0.45,2.55,1.15,1.61,15.0,6.0,MAINTENANCE_DRIP,Normal,1.5
Rice,Maturity,Clay Loam,40.9,41.5,58.9,None,0.0,Sprinkler (Overhead),None / Healthy,0.95,5.23,4.97,0.0,34.0,18.0,OPTIMAL_STANDBY,Low,0.0
Pepper Bell,Vegetative,Loamy,11.5,30.2,51.3,None,0.0,Sprinkler (Overhead),Tomato Septoria Leaf Spot,0.8,3.67,2.94,0.0,28.0,14.0,SUSPEND_OVERHEAD_BLIGHT,Immediate,0.0
Rice,Seedling,Sandy Loam,23.8,28.2,40.2,Moderate,12.8,Drip Irrigation,Tomato Septoria Leaf Spot,1.05,3.72,3.91,7.76,22.0,10.0,OPTIMAL_STANDBY,Low,0.0
Potato,Fruiting,Black Soil,23.6,37.5,90.8,Moderate,10.0,Sprinkler (Overhead),None / Healthy,1.15,3.5,4.02,5.5,40.0,22.0,IRRIGATE_IMMEDIATELY,Immediate,4.82
Pepper Bell,Vegetative,Black Soil,54.0,24.0,32.7,Low,1.5,Flood / Surface,Tomato Yellow Leaf Curl Virus,0.8,3.16,2.53,0.0,40.0,22.0,OPTIMAL_STANDBY,Low,0.0
Sugarcane,Maturity,Black Soil,39.8,19.6,78.1,None,0.0,Sprinkler (Overhead),None / Healthy,0.7,2.0,1.4,0.0,40.0,22.0,OPTIMAL_STANDBY,Low,0.0
Cotton,Flowering,Loamy,23.5,23.6,26.6,None,0.0,Sub-surface Drip,Tomato Target Spot,1.2,3.26,3.91,0.0,28.0,14.0,MAINTENANCE_DRIP,Normal,4.02
Corn,Seedling,Clay Loam,27.0,18.1,71.9,Low,5.6,Sprinkler (Overhead),None / Healthy,0.4,2.0,0.8,1.95,34.0,18.0,MAINTENANCE_DRIP,Normal,1.5
Rice,Fruiting,Black Soil,53.3,25.5,69.0,None,0.0,Sprinkler (Overhead),None / Healthy,1.2,2.39,2.87,0.0,40.0,22.0,OPTIMAL_STANDBY,Low,0.0
Pepper Bell,Flowering,Black Soil,31.0,40.7,72.3,Low,3.7,Sprinkler (Overhead),None / Healthy,1.05,4.35,4.57,0.46,40.0,22.0,MAINTENANCE_DRIP,Normal,4.55
Soybean,Seedling,Loamy,11.2,20.8,24.7,None,0.0,Drip Irrigation,None / Healthy,0.4,2.73,1.09,0.0,28.0,14.0,IRRIGATE_IMMEDIATELY,Immediate,3.5
Soybean,Flowering,Sandy Loam,18.0,39.4,24.4,Moderate,13.5,Sprinkler (Overhead),None / Healthy,1.15,6.73,7.74,8.28,22.0,10.0,DELAY_RAIN_EXPECTED,Low,0.0
Pepper Bell,Maturity,Sandy,4.0,25.7,42.3,Moderate,12.2,Drip Irrigation,None / Healthy,0.85,3.21,2.73,7.24,15.0,6.0,IRRIGATE_IMMEDIATELY,Immediate,3.6
Tomato,Vegetative,Black Soil,32.1,25.0,94.0,Moderate,11.7,Sprinkler (Overhead),Pepper Bell Bacterial Spot,0.85,2.01,1.71,6.89,40.0,22.0,SUSPEND_OVERHEAD_BLIGHT,Immediate,0.0
Cotton,Seedling,Sandy,12.5,19.2,20.4,High,32.2,Drip Irrigation,Pepper Bell Bacterial Spot,0.45,2.51,1.13,23.29,15.0,6.0,DELAY_RAIN_EXPECTED,Low,0.0
Soybean,Flowering,Clay Loam,25.6,16.4,36.2,Low,5.2,Drip Irrigation,None / Healthy,1.15,2.0,2.3,1.68,34.0,18.0,MAINTENANCE_DRIP,Normal,2.08
Sugarcane,Flowering,Sandy Loam,9.7,35.9,87.3,Low,3.2,Flood / Surface,Potato Late Blight,1.25,3.31,4.14,0.06,22.0,10.0,IRRIGATE_IMMEDIATELY,Immediate,5.16
Pepper Bell,Vegetative,Clay Loam,28.4,18.1,74.5,Moderate,9.3,Drip Irrigation,None / Healthy,0.8,2.0,1.6,4.93,34.0,18.0,DELAY_RAIN_EXPECTED,Moderate,0.0
Tomato,Maturity,Clay Loam,27.3,14.3,45.4,High,29.4,Sub-surface Drip,Pepper Bell Bacterial Spot,0.8,2.0,1.6,20.99,34.0,18.0,DELAY_RAIN_EXPECTED,Low,0.0
Tomato,Flowering,Clay Loam,24.1,38.4,87.2,High,40.7,Drip Irrigation,None / Healthy,1.15,3.61,4.15,30.09,34.0,18.0,DELAY_RAIN_EXPECTED,Low,0.0
Corn,Seedling,Loamy,29.8,40.8,21.6,None,0.0,Drip Irrigation,Tomato Yellow Leaf Curl Virus,0.4,7.21,2.88,0.0,28.0,14.0,OPTIMAL_STANDBY,Low,0.0
Potato,Seedling,Sandy Loam,16.9,18.0,87.6,High,23.5,Flood / Surface,None / Healthy,0.5,2.0,1.0,16.33,22.0,10.0,DELAY_RAIN_EXPECTED,Low,0.0
Corn,Maturity,Clay Loam,25.8,25.3,41.9,High,25.1,Sprinkler (Overhead),None / Healthy,0.6,3.15,1.89,17.58,34.0,18.0,DELAY_RAIN_EXPECTED,Low,0.0
Soybean,Vegetative,Sandy Loam,18.0,37.5,43.5,High,33.8,Sprinkler (Overhead),None / Healthy,0.7,5.32,3.72,24.56,22.0,10.0,DELAY_RAIN_EXPECTED,Low,0.0
Tomato,Maturity,Clay Loam,20.8,28.4,42.9,High,30.9,Sprinkler (Overhead),None / Healthy,0.8,3.65,2.92,22.26,34.0,18.0,IRRIGATE_IMMEDIATELY,Immediate,3.5
Potato,Seedling,Sandy,13.7,23.5,62.9,Low,3.2,Flood / Surface,None / Healthy,0.5,2.28,1.14,0.09,15.0,6.0,OPTIMAL_STANDBY,Low,0.0
Pepper Bell,Flowering,Sandy,8.9,33.0,68.9,Moderate,7.4,Sprinkler (Overhead),None / Healthy,1.05,3.41,3.58,3.44,15.0,6.0,IRRIGATE_IMMEDIATELY,Immediate,4.48
Rice,Maturity,Sandy,15.5,15.2,43.1,None,0.0,Drip Irrigation,None / Healthy,0.95,2.0,1.9,0.0,15.0,6.0,OPTIMAL_STANDBY,Low,0.0
Pepper Bell,Maturity,Loamy,40.3,32.7,53.5,None,0.0,Drip Irrigation,None / Healthy,0.85,4.0,3.4,0.0,28.0,14.0,OPTIMAL_STANDBY,Low,0.0
Tomato,Seedling,Clay Loam,30.8,20.4,55.9,Moderate,11.5,Drip Irrigation,None / Healthy,0.6,2.0,1.2,6.67,34.0,18.0,OPTIMAL_STANDBY,Low,0.0
Rice,Maturity,Sandy Loam,17.6,20.9,21.3,Low,4.1,Flood / Surface,None / Healthy,0.95,2.84,2.7,0.78,22.0,10.0,MAINTENANCE_DRIP,Normal,2.89
Potato,Vegetative,Sandy Loam,22.9,38.4,85.8,Low,4.5,Drip Irrigation,None / Healthy,0.8,3.62,2.9,1.1,22.0,10.0,OPTIMAL_STANDBY,Low,0.0
Soybean,Seedling,Clay Loam,24.6,27.5,23.4,None,0.0,Drip Irrigation,None / Healthy,0.4,4.13,1.65,0.0,34.0,18.0,IRRIGATE_IMMEDIATELY,Immediate,3.5
Corn,Fruiting,Sandy,13.9,38.7,33.8,None,0.0,Drip Irrigation,None / Healthy,1.1,6.07,6.68,0.0,15.0,6.0,OPTIMAL_STANDBY,Low,0.0
Corn,Maturity,Sandy,16.8,16.2,92.0,High,41.9,Drip Irrigation,None / Healthy,0.6,2.0,1.2,30.98,15.0,6.0,DELAY_RAIN_EXPECTED,Low,0.0
Wheat,Vegetative,Loamy,20.8,23.7,78.1,Moderate,9.9,Sprinkler (Overhead),None / Healthy,0.75,2.0,1.5,5.41,28.0,14.0,DELAY_RAIN_EXPECTED,Moderate,0.0
Sugarcane,Maturity,Black Soil,38.4,27.8,42.1,None,0.0,Drip Irrigation,None / Healthy,0.7,3.57,2.5,0.0,40.0,22.0,OPTIMAL_STANDBY,Low,0.0
Potato,Vegetative,Black Soil,30.1,36.9,54.2,Moderate,15.8,Sub-surface Drip,Tomato Target Spot,0.8,4.69,3.75,10.14,40.0,22.0,DELAY_RAIN_EXPECTED,Low,0.0
Soybean,Flowering,Black Soil,26.5,22.2,64.6,Moderate,7.3,Drip Irrigation,Tomato Septoria Leaf Spot,1.15,2.05,2.36,3.34,40.0,22.0,IRRIGATE_IMMEDIATELY,Immediate,3.5
Potato,Vegetative,Clay Loam,17.6,18.4,64.7,None,0.0,Flood / Surface,None / Healthy,0.8,2.0,1.6,0.0,34.0,18.0,IRRIGATE_IMMEDIATELY,Immediate,3.5
Rice,Seedling,Black Soil,52.4,19.4,79.5,Moderate,7.4,Drip Irrigation,None / Healthy,1.05,2.0,2.1,3.4,40.0,22.0,OPTIMAL_STANDBY,Low,0.0
Pepper Bell,Seedling,Clay Loam,34.3,40.4,53.3,None,0.0,Drip Irrigation,Pepper Bell Bacterial Spot,0.6,5.36,3.22,0.0,34.0,18.0,OPTIMAL_STANDBY,Low,0.0
Soybean,Seedling,Clay Loam,25.4,40.0,72.7,High,25.4,Drip Irrigation,Tomato Target Spot,0.4,4.22,1.69,17.8,34.0,18.0,DELAY_RAIN_EXPECTED,Low,0.0
Potato,Maturity,Sandy Loam,22.9,30.6,57.1,Moderate,17.4,Sprinkler (Overhead),None / Healthy,0.75,3.52,2.64,11.42,22.0,10.0,DELAY_RAIN_EXPECTED,Low,0.0
Sugarcane,Flowering,Sandy Loam,32.1,15.1,91.0,High,44.9,Sub-surface Drip,None / Healthy,1.25,2.0,2.5,33.45,22.0,10.0,DELAY_RAIN_EXPECTED,Low,0.0
Soybean,Fruiting,Loamy,22.0,16.3,88.6,None,0.0,Flood / Surface,None / Healthy,1.05,2.0,2.1,0.0,28.0,14.0,MAINTENANCE_DRIP,Normal,2.04
Wheat,Seedling,Sandy Loam,13.9,27.1,85.5,None,0.0,Drip Irrigation,Potato Late Blight,0.4,2.25,0.9,0.0,22.0,10.0,IRRIGATE_IMMEDIATELY,Immediate,3.5
Corn,Maturity,Sandy,8.3,29.1,80.8,None,0.0,Flood / Surface,None / Healthy,0.6,2.47,1.48,0.0,15.0,6.0,IRRIGATE_IMMEDIATELY,Immediate,3.5
Pepper Bell,Fruiting,Clay Loam,27.3,30.8,61.7,None,0.0,Sprinkler (Overhead),None / Healthy,1.1,3.38,3.72,0.0,34.0,18.0,MAINTENANCE_DRIP,Normal,3.66
Potato,Fruiting,Loamy,20.7,22.0,69.0,Moderate,14.2,Drip Irrigation,None / Healthy,1.15,2.0,2.3,8.87,28.0,14.0,DELAY_RAIN_EXPECTED,Low,0.0
Potato,Fruiting,Clay Loam,29.6,41.2,46.9,None,0.0,Drip Irrigation,Potato Late Blight,1.15,5.86,6.74,0.0,34.0,18.0,MAINTENANCE_DRIP,Normal,5.5
Pepper Bell,Maturity,Sandy,14.3,14.5,31.1,Low,2.9,Drip Irrigation,None / Healthy,0.85,2.0,1.7,0.0,15.0,6.0,OPTIMAL_STANDBY,Low,0.0
Sugarcane,Flowering,Black Soil,31.5,28.9,82.0,High,44.7,Flood / Surface,None / Healthy,1.25,2.46,3.08,33.3,40.0,22.0,DELAY_RAIN_EXPECTED,Low,0.0
Soybean,Seedling,Sandy,8.8,26.7,50.6,Moderate,12.5,Drip Irrigation,None / Healthy,0.4,3.12,1.25,7.48,15.0,6.0,IRRIGATE_IMMEDIATELY,Immediate,3.5
Rice,Seedling,Loamy,12.2,29.2,63.3,High,37.3,Drip Irrigation,None / Healthy,1.05,3.08,3.23,27.36,28.0,14.0,IRRIGATE_IMMEDIATELY,Immediate,3.9
Cotton,Flowering,Clay Loam,26.4,32.0,59.0,Low,4.4,Sprinkler (Overhead),None / Healthy,1.2,3.67,4.4,1.03,34.0,18.0,MAINTENANCE_DRIP,Normal,4.45
Tomato,Maturity,Sandy,4.2,24.7,43.9,Low,5.3,Sprinkler (Overhead),None / Healthy,0.8,2.98,2.38,1.71,15.0,6.0,IRRIGATE_IMMEDIATELY,Immediate,3.54
Soybean,Seedling,Black Soil,30.8,39.2,89.5,Moderate,15.8,Flood / Surface,None / Healthy,0.4,3.72,1.49,10.12,40.0,22.0,DELAY_RAIN_EXPECTED,Low,0.0
Sugarcane,Flowering,Sandy Loam,10.2,22.4,41.4,Low,2.9,Sprinkler (Overhead),Potato Late Blight,1.25,2.66,3.33,0.0,22.0,10.0,SUSPEND_OVERHEAD_BLIGHT,Immediate,0.0
Rice,Vegetative,Sandy,12.4,30.0,55.4,None,0.0,Drip Irrigation,None / Healthy,1.15,3.49,4.01,0.0,15.0,6.0,MAINTENANCE_DRIP,Normal,4.21
Wheat,Maturity,Clay Loam,35.9,30.3,76.8,Moderate,9.9,Drip Irrigation,None / Healthy,0.35,2.73,0.96,5.44,34.0,18.0,OPTIMAL_STANDBY,Low,0.0
Rice,Flowering,Clay Loam,19.0,36.0,43.6,None,0.0,Drip Irrigation,Pepper Bell Bacterial Spot,1.25,5.04,6.3,0.0,34.0,18.0,IRRIGATE_IMMEDIATELY,Immediate,7.0
Cotton,Fruiting,Clay Loam,26.8,19.3,35.9,None,0.0,Sprinkler (Overhead),Tomato Yellow Leaf Curl Virus,0.85,2.22,1.89,0.0,34.0,18.0,MAINTENANCE_DRIP,Normal,2.0
Pepper Bell,Flowering,Sandy,14.5,37.2,32.3,None,0.0,Flood / Surface,None / Healthy,1.05,5.82,6.11,0.0,15.0,6.0,OPTIMAL_STANDBY,Low,0.0
Wheat,Maturity,Sandy,11.8,26.6,84.5,Low,1.7,Sub-surface Drip,None / Healthy,0.35,2.18,0.76,0.0,15.0,6.0,MAINTENANCE_DRIP,Normal,1.5
Potato,Vegetative,Sandy Loam,16.5,35.7,90.3,Moderate,8.6,Drip Irrigation,Tomato Target Spot,0.8,3.27,2.62,4.35,22.0,10.0,DELAY_RAIN_EXPECTED,Moderate,0.0
Wheat,Maturity,Clay Loam,40.9,35.5,80.2,Low,5.4,Drip Irrigation,None / Healthy,0.35,3.25,1.14,1.82,34.0,18.0,OPTIMAL_STANDBY,Low,0.0
Corn,Flowering,Sandy,16.2,22.3,77.6,High,30.1,Sprinkler (Overhead),Tomato Yellow Leaf Curl Virus,1.2,2.0,2.4,21.59,15.0,6.0,DELAY_RAIN_EXPECTED,Low,0.0
Tomato,Maturity,Loamy,12.6,41.8,29.4,Moderate,13.7,Drip Irrigation,None / Healthy,0.8,7.0,5.6,8.5,28.0,14.0,IRRIGATE_IMMEDIATELY,Immediate,7.0
Cotton,Vegetative,Sandy Loam,8.6,36.3,29.5,Moderate,11.4,Sprinkler (Overhead),Tomato Septoria Leaf Spot,0.75,5.78,4.33,6.58,22.0,10.0,SUSPEND_OVERHEAD_BLIGHT,Immediate,0.0
Rice,Flowering,Sandy Loam,17.9,21.1,39.4,None,0.0,Drip Irrigation,None / Healthy,1.25,2.48,3.1,0.0,22.0,10.0,MAINTENANCE_DRIP,Normal,3.09
Sugarcane,Fruiting,Black Soil,23.4,27.7,25.6,None,0.0,Sub-surface Drip,Potato Late Blight,1.25,4.12,5.15,0.0,40.0,22.0,IRRIGATE_IMMEDIATELY,Immediate,6.42
Tomato,Fruiting,Sandy,12.2,41.0,82.4,None,0.0,Sub-surface Drip,None / Healthy,1.2,3.95,4.74,0.0,15.0,6.0,MAINTENANCE_DRIP,Normal,4.75
Tomato,Vegetative,Loamy,31.2,18.1,30.5,Moderate,13.4,Flood / Surface,Pepper Bell Bacterial Spot,0.85,2.11,1.79,8.23,28.0,14.0,DELAY_RAIN_EXPECTED,Low,0.0
Sugarcane,Seedling,Clay Loam,29.5,25.4,43.2,Moderate,10.3,Drip Irrigation,None / Healthy,0.45,3.13,1.41,5.71,34.0,18.0,DELAY_RAIN_EXPECTED,Moderate,0.0
Soybean,Maturity,Black Soil,33.6,26.9,78.7,None,0.0,Flood / Surface,None / Healthy,0.5,2.26,1.13,0.0,40.0,22.0,MAINTENANCE_DRIP,Normal,1.5
Cotton,Flowering,Black Soil,33.6,32.8,91.3,Low,3.4,Drip Irrigation,None / Healthy,1.2,2.92,3.5,0.24,40.0,22.0,MAINTENANCE_DRIP,Normal,3.46
Cotton,Fruiting,Sandy,9.1,35.4,83.0,None,0.0,Drip Irrigation,None / Healthy,0.85,3.24,2.75,0.0,15.0,6.0,IRRIGATE_IMMEDIATELY,Immediate,3.5
Potato,Seedling,Loamy,28.2,17.4,39.1,None,0.0,Sprinkler (Overhead),None / Healthy,0.5,2.0,1.0,0.0,28.0,14.0,OPTIMAL_STANDBY,Low,0.0
Rice,Flowering,Sandy Loam,21.8,37.8,30.4,Low,3.9,Sprinkler (Overhead),Tomato Early Blight,1.25,6.04,7.55,0.62,22.0,10.0,SUSPEND_OVERHEAD_BLIGHT,Immediate,0.0
Wheat,Fruiting,Sandy,6.7,18.8,23.6,High,25.4,Flood / Surface,None / Healthy,0.85,2.38,2.02,17.83,15.0,6.0,IRRIGATE_IMMEDIATELY,Immediate,3.5
Sugarcane,Vegetative,Sandy,14.0,35.4,52.2,None,0.0,Sprinkler (Overhead),None / Healthy,0.85,4.52,3.84,0.0,15.0,6.0,OPTIMAL_STANDBY,Low,0.0
Potato,Flowering,Sandy,12.7,16.2,52.1,None,0.0,Drip Irrigation,None / Healthy,1.15,2.0,2.3,0.0,15.0,6.0,MAINTENANCE_DRIP,Normal,2.47
Pepper Bell,Flowering,Clay Loam,26.5,16.2,50.1,Moderate,14.1,Drip Irrigation,Tomato Yellow Leaf Curl Virus,1.05,2.0,2.1,8.79,34.0,18.0,DELAY_RAIN_EXPECTED,Low,0.0
Tomato,Fruiting,Sandy,13.6,20.2,69.0,Low,4.4,Sub-surface Drip,None / Healthy,1.2,2.0,2.4,1.04,15.0,6.0,OPTIMAL_STANDBY,Low,0.0
Pepper Bell,Flowering,Sandy Loam,20.2,25.1,65.6,Moderate,7.4,Flood / Surface,None / Healthy,1.05,2.42,2.54,3.45,22.0,10.0,OPTIMAL_STANDBY,Low,0.0
Pepper Bell,Maturity,Sandy Loam,7.8,17.7,69.5,Low,3.9,Sprinkler (Overhead),None / Healthy,0.85,2.0,1.7,0.6,22.0,10.0,IRRIGATE_IMMEDIATELY,Immediate,3.5
Pepper Bell,Fruiting,Black Soil,31.2,28.1,40.2,None,0.0,Sprinkler (Overhead),Tomato Yellow Leaf Curl Virus,1.1,3.7,4.07,0.0,40.0,22.0,MAINTENANCE_DRIP,Normal,4.05
Tomato,Maturity,Sandy,6.8,34.6,72.0,High,27.8,Flood / Surface,None / Healthy,0.8,3.5,2.8,19.71,15.0,6.0,IRRIGATE_IMMEDIATELY,Immediate,3.62
Potato,Maturity,Black Soil,18.7,23.7,69.3,None,0.0,Drip Irrigation,None / Healthy,0.75,2.14,1.6,0.0,40.0,22.0,IRRIGATE_IMMEDIATELY,Immediate,3.5
Tomato,Vegetative,Loamy,14.0,30.1,77.6,None,0.0,Sprinkler (Overhead),Tomato Early Blight,0.85,2.68,2.28,0.0,28.0,14.0,SUSPEND_OVERHEAD_BLIGHT,Immediate,0.0
Potato,Maturity,Sandy,10.3,16.1,34.2,None,0.0,Drip Irrigation,None / Healthy,0.75,2.0,1.5,0.0,15.0,6.0,MAINTENANCE_DRIP,Normal,1.73
Tomato,Maturity,Black Soil,32.7,35.6,92.4,None,0.0,Flood / Surface,None / Healthy,0.8,3.26,2.61,0.0,40.0,22.0,MAINTENANCE_DRIP,Normal,2.45
Rice,Maturity,Loamy,18.5,20.8,59.6,None,0.0,Drip Irrigation,None / Healthy,0.95,2.0,1.9,0.0,28.0,14.0,IRRIGATE_IMMEDIATELY,Immediate,3.5
Sugarcane,Flowering,Clay Loam,32.1,20.0,34.0,Low,3.3,Drip Irrigation,Pepper Bell Bacterial Spot,1.25,2.39,2.99,0.12,34.0,18.0,OPTIMAL_STANDBY,Low,0.0
Tomato,Seedling,Black Soil,39.4,41.1,72.1,None,0.0,Sub-surface Drip,None / Healthy,0.6,4.42,2.65,0.0,40.0,22.0,OPTIMAL_STANDBY,Low,0.0
Rice,Seedling,Sandy,6.7,22.1,42.8,Low,4.9,Flood / Surface,None / Healthy,1.05,2.57,2.7,1.43,15.0,6.0,IRRIGATE_IMMEDIATELY,Immediate,3.58
Pepper Bell,Vegetative,Loamy,30.5,25.8,28.0,None,0.0,Drip Irrigation,None / Healthy,0.8,3.65,2.92,0.0,28.0,14.0,OPTIMAL_STANDBY,Low,0.0
Cotton,Vegetative,Black Soil,40.4,32.1,46.7,None,0.0,Sprinkler (Overhead),Pepper Bell Bacterial Spot,0.75,4.18,3.13,0.0,40.0,22.0,SUSPEND_OVERHEAD_BLIGHT,Immediate,0.0
Sugarcane,Seedling,Black Soil,22.3,22.0,38.6,Moderate,15.3,Sprinkler (Overhead),None / Healthy,0.45,2.65,1.19,9.78,40.0,22.0,IRRIGATE_IMMEDIATELY,Immediate,3.5
Rice,Fruiting,Loamy,26.6,27.1,58.3,Moderate,14.0,Drip Irrigation,None / Healthy,1.2,2.94,3.53,8.7,28.0,14.0,DELAY_RAIN_EXPECTED,Low,0.0
Rice,Seedling,Loamy,28.4,23.0,83.0,None,0.0,Flood / Surface,Tomato Septoria Leaf Spot,1.05,2.0,2.1,0.0,28.0,14.0,OPTIMAL_STANDBY,Low,0.0
Pepper Bell,Seedling,Clay Loam,25.8,23.3,90.9,Moderate,7.1,Drip Irrigation,Tomato Early Blight,0.6,2.0,1.2,3.22,34.0,18.0,MAINTENANCE_DRIP,Normal,1.5
Rice,Fruiting,Clay Loam,30.8,20.1,30.6,Moderate,12.7,Sub-surface Drip,None / Healthy,1.2,2.47,2.96,7.68,34.0,18.0,OPTIMAL_STANDBY,Low,0.0
Soybean,Fruiting,Clay Loam,39.6,29.7,52.5,Moderate,12.0,Drip Irrigation,None / Healthy,1.05,3.55,3.73,7.14,34.0,18.0,OPTIMAL_STANDBY,Low,0.0
Tomato,Flowering,Sandy,6.6,16.5,68.4,Low,4.1,Sprinkler (Overhead),None / Healthy,1.15,2.0,2.3,0.77,15.0,6.0,IRRIGATE_IMMEDIATELY,Immediate,3.5
Cotton,Vegetative,Clay Loam,36.6,33.7,22.9,None,0.0,Drip Irrigation,None / Healthy,0.75,5.49,4.12,0.0,34.0,18.0,OPTIMAL_STANDBY,Low,0.0
Sugarcane,Fruiting,Loamy,22.1,31.6,84.3,None,0.0,Drip Irrigation,Pepper Bell Bacterial Spot,1.25,2.77,3.46,0.0,28.0,14.0,MAINTENANCE_DRIP,Normal,3.4
Tomato,Flowering,Loamy,22.9,33.3,72.9,Low,2.6,Flood / Surface,None / Healthy,1.15,3.28,3.77,0.0,28.0,14.0,MAINTENANCE_DRIP,Normal,3.61
Sugarcane,Flowering,Sandy Loam,23.4,18.9,80.5,None,0.0,Sub-surface Drip,None / Healthy,1.25,2.0,2.5,0.0,22.0,10.0,OPTIMAL_STANDBY,Low,0.0
Sugarcane,Flowering,Clay Loam,29.3,41.9,27.3,Moderate,16.4,Drip Irrigation,None / Healthy,1.25,7.13,8.91,10.63,34.0,18.0,DELAY_RAIN_EXPECTED,Low,0.0
Pepper Bell,Fruiting,Clay Loam,42.5,16.7,28.3,None,0.0,Flood / Surface,None / Healthy,1.1,2.0,2.2,0.0,34.0,18.0,OPTIMAL_STANDBY,Low,0.0
Tomato,Flowering,Loamy,21.1,22.5,57.5,None,0.0,Sub-surface Drip,None / Healthy,1.15,2.28,2.62,0.0,28.0,14.0,MAINTENANCE_DRIP,Normal,2.42
Soybean,Seedling,Sandy,17.3,34.8,38.5,Low,2.2,Sprinkler (Overhead),None / Healthy,0.4,5.03,2.01,0.0,15.0,6.0,OPTIMAL_STANDBY,Low,0.0
Sugarcane,Maturity,Sandy Loam,8.1,41.4,72.8,Low,5.2,Flood / Surface,None / Healthy,0.7,4.42,3.09,1.63,22.0,10.0,IRRIGATE_IMMEDIATELY,Immediate,3.63
Pepper Bell,Vegetative,Sandy,6.1,18.4,68.7,Low,1.4,Drip Irrigation,None / Healthy,0.8,2.0,1.6,0.0,15.0,6.0,IRRIGATE_IMMEDIATELY,Immediate,3.5
Rice,Flowering,Sandy Loam,12.1,29.8,59.4,Low,4.6,Flood / Surface,None / Healthy,1.25,3.31,4.14,1.2,22.0,10.0,IRRIGATE_IMMEDIATELY,Immediate,5.21
Rice,Maturity,Black Soil,37.9,37.6,84.8,High,22.2,Flood / Surface,None / Healthy,0.95,3.51,3.33,15.26,40.0,22.0,DELAY_RAIN_EXPECTED,Low,0.0
Soybean,Vegetative,Loamy,20.5,38.9,80.7,Moderate,15.6,Sprinkler (Overhead),None / Healthy,0.7,3.68,2.58,10.01,28.0,14.0,DELAY_RAIN_EXPECTED,Low,0.0
Rice,Vegetative,Clay Loam,29.3,33.0,64.0,Moderate,14.9,Sub-surface Drip,None / Healthy,1.15,3.61,4.15,9.44,34.0,18.0,DELAY_RAIN_EXPECTED,Low,0.0
Potato,Flowering,Loamy,29.8,23.2,85.7,None,0.0,Drip Irrigation,None / Healthy,1.15,2.0,2.3,0.0,28.0,14.0,OPTIMAL_STANDBY,Low,0.0
Tomato,Fruiting,Sandy Loam,22.8,35.5,92.2,Low,4.9,Drip Irrigation,None / Healthy,1.2,3.26,3.91,1.42,22.0,10.0,OPTIMAL_STANDBY,Low,0.0
Rice,Maturity,Sandy Loam,16.6,22.5,22.7,Moderate,17.3,Flood / Surface,None / Healthy,0.95,3.14,2.98,11.33,22.0,10.0,DELAY_RAIN_EXPECTED,Low,0.0
Rice,Seedling,Loamy,20.3,35.7,80.7,None,0.0,Sub-surface Drip,None / Healthy,1.05,3.28,3.44,0.0,28.0,14.0,MAINTENANCE_DRIP,Normal,3.49
Corn,Seedling,Black Soil,31.2,32.1,42.8,High,42.4,Sprinkler (Overhead),Tomato Septoria Leaf Spot,0.4,4.34,1.74,31.39,40.0,22.0,SUSPEND_OVERHEAD_BLIGHT,Immediate,0.0
Wheat,Flowering,Sandy Loam,11.4,25.4,74.5,None,0.0,Drip Irrigation,None / Healthy,1.15,2.21,2.54,0.0,22.0,10.0,IRRIGATE_IMMEDIATELY,Immediate,3.5
Sugarcane,Maturity,Sandy Loam,16.1,17.7,41.6,Low,3.5,Flood / Surface,None / Healthy,0.7,2.0,1.4,0.27,22.0,10.0,MAINTENANCE_DRIP,Normal,1.5
Pepper Bell,Fruiting,Black Soil,20.0,23.7,67.1,None,0.0,Sprinkler (Overhead),None / Healthy,1.1,2.2,2.42,0.0,40.0,22.0,IRRIGATE_IMMEDIATELY,Immediate,3.5
Sugarcane,Fruiting,Sandy Loam,33.9,26.8,40.5,None,0.0,Flood / Surface,None / Healthy,1.25,3.46,4.33,0.0,22.0,10.0,OPTIMAL_STANDBY,Low,0.0
Rice,Flowering,Sandy,7.8,24.4,47.9,Low,2.0,Drip Irrigation,None / Healthy,1.25,2.83,3.54,0.0,15.0,6.0,IRRIGATE_IMMEDIATELY,Immediate,4.24
Cotton,Vegetative,Sandy,24.0,23.5,43.4,None,0.0,Drip Irrigation,None / Healthy,0.75,2.8,2.1,0.0,15.0,6.0,OPTIMAL_STANDBY,Low,0.0
Cotton,Seedling,Loamy,41.7,24.9,59.3,None,0.0,Sub-surface Drip,None / Healthy,0.45,2.58,1.16,0.0,28.0,14.0,OPTIMAL_STANDBY,Low,0.0
Wheat,Seedling,Sandy Loam,20.2,41.6,88.4,None,0.0,Drip Irrigation,None / Healthy,0.4,4.04,1.62,0.0,22.0,10.0,OPTIMAL_STANDBY,Low,0.0
Wheat,Maturity,Clay Loam,43.7,22.9,70.8,None,0.0,Flood / Surface,Tomato Early Blight,0.35,2.0,0.7,0.0,34.0,18.0,OPTIMAL_STANDBY,Low,0.0
Soybean,Vegetative,Black Soil,35.1,38.8,47.1,Low,5.7,Drip Irrigation,Tomato Early Blight,0.7,5.39,3.77,2.03,40.0,22.0,MAINTENANCE_DRIP,Normal,3.71
Potato,Fruiting,Sandy Loam,21.1,40.3,20.9,None,0.0,Flood / Surface,Tomato Target Spot,1.15,7.11,8.18,0.0,22.0,10.0,OPTIMAL_STANDBY,Low,0.0
Cotton,Seedling,Black Soil,30.9,27.0,72.6,Low,4.6,Drip Irrigation,None / Healthy,0.45,2.47,1.11,1.17,40.0,22.0,MAINTENANCE_DRIP,Normal,1.5
Tomato,Flowering,Black Soil,37.7,23.4,89.0,None,0.0,Sprinkler (Overhead),None / Healthy,1.15,2.0,2.3,0.0,40.0,22.0,OPTIMAL_STANDBY,Low,0.0
Cotton,Vegetative,Loamy,29.3,32.3,43.1,Low,1.6,Sprinkler (Overhead),None / Healthy,0.75,4.37,3.28,0.0,28.0,14.0,OPTIMAL_STANDBY,Low,0.0
Potato,Fruiting,Sandy,12.1,30.8,46.0,Moderate,9.1,Sprinkler (Overhead),None / Healthy,1.15,3.98,4.58,4.75,15.0,6.0,DELAY_RAIN_EXPECTED,Moderate,0.0
Sugarcane,Seedling,Sandy,23.3,37.9,45.7,High,27.7,Drip Irrigation,None / Healthy,0.45,5.29,2.38,19.67,15.0,6.0,DELAY_RAIN_EXPECTED,Low,0.0
Potato,Vegetative,Black Soil,22.9,41.7,85.9,None,0.0,Drip Irrigation,None / Healthy,0.8,4.05,3.24,0.0,40.0,22.0,IRRIGATE_IMMEDIATELY,Immediate,4.11
Rice,Vegetative,Clay Loam,16.7,41.7,49.7,Low,6.0,Sprinkler (Overhead),Pepper Bell Bacterial Spot,1.15,5.79,6.66,2.26,34.0,18.0,SUSPEND_OVERHEAD_BLIGHT,Immediate,0.0
Sugarcane,Seedling,Loamy,28.5,28.4,73.2,Low,3.0,Drip Irrigation,Tomato Yellow Leaf Curl Virus,0.45,2.63,1.18,0.0,28.0,14.0,OPTIMAL_STANDBY,Low,0.0
Corn,Fruiting,Black Soil,23.1,22.8,64.1,High,36.7,Drip Irrigation,Tomato Yellow Leaf Curl Virus,1.1,2.15,2.37,26.83,40.0,22.0,IRRIGATE_IMMEDIATELY,Immediate,3.5
Potato,Seedling,Sandy,10.6,35.8,34.3,Low,4.5,Drip Irrigation,Tomato Yellow Leaf Curl Virus,0.5,5.44,2.72,1.08,15.0,6.0,MAINTENANCE_DRIP,Normal,2.63
Tomato,Maturity,Sandy Loam,17.9,40.6,73.7,None,0.0,Drip Irrigation,None / Healthy,0.8,4.25,3.4,0.0,22.0,10.0,MAINTENANCE_DRIP,Normal,3.16
Wheat,Seedling,Clay Loam,34.9,33.2,36.3,Moderate,17.8,Sprinkler (Overhead),None / Healthy,0.4,4.81,1.92,11.76,34.0,18.0,DELAY_RAIN_EXPECTED,Low,0.0
Corn,Maturity,Sandy Loam,18.8,32.2,49.3,None,0.0,Sprinkler (Overhead),None / Healthy,0.6,4.09,2.45,0.0,22.0,10.0,MAINTENANCE_DRIP,Normal,2.48
Potato,Maturity,Sandy Loam,19.0,15.2,71.2,Moderate,10.4,Sprinkler (Overhead),Potato Late Blight,0.75,2.0,1.5,5.81,22.0,10.0,SUSPEND_OVERHEAD_BLIGHT,Immediate,0.0
Soybean,Flowering,Clay Loam,34.0,18.4,49.4,Moderate,16.3,Sprinkler (Overhead),None / Healthy,1.15,2.0,2.3,10.53,34.0,18.0,DELAY_RAIN_EXPECTED,Low,0.0
Corn,Vegetative,Sandy Loam,9.6,23.9,70.1,Low,2.9,Sprinkler (Overhead),None / Healthy,0.85,2.14,1.82,0.0,22.0,10.0,IRRIGATE_IMMEDIATELY,Immediate,3.5
Pepper Bell,Flowering,Black Soil,51.5,41.7,52.9,Low,1.3,Flood / Surface,None / Healthy,1.05,5.61,5.89,0.0,40.0,22.0,OPTIMAL_STANDBY,Low,0.0
Wheat,Maturity,Sandy Loam,35.6,30.2,59.0,Low,5.7,Drip Irrigation,Tomato Septoria Leaf Spot,0.35,3.39,1.19,2.02,22.0,10.0,OPTIMAL_STANDBY,Low,0.0
Wheat,Maturity,Sandy,12.4,38.3,46.8,Low,5.5,Sprinkler (Overhead),Tomato Yellow Leaf Curl Virus,0.35,5.32,1.86,1.86,15.0,6.0,MAINTENANCE_DRIP,Normal,1.72
Rice,Maturity,Loamy,11.4,27.8,85.4,High,26.8,Drip Irrigation,Tomato Yellow Leaf Curl Virus,0.95,2.32,2.2,18.97,28.0,14.0,IRRIGATE_IMMEDIATELY,Immediate,3.5
Sugarcane,Maturity,Black Soil,33.9,25.2,93.3,Moderate,12.6,Sprinkler (Overhead),Tomato Septoria Leaf Spot,0.7,2.02,1.41,7.57,40.0,22.0,SUSPEND_OVERHEAD_BLIGHT,Immediate,0.0
Potato,Fruiting,Black Soil,23.6,37.4,75.4,Low,2.3,Flood / Surface,None / Healthy,1.15,3.72,4.28,0.0,40.0,22.0,IRRIGATE_IMMEDIATELY,Immediate,5.06
Tomato,Fruiting,Black Soil,33.7,26.8,47.3,None,0.0,Sprinkler (Overhead),None / Healthy,1.2,3.23,3.88,0.0,40.0,22.0,MAINTENANCE_DRIP,Normal,4.2
Soybean,Fruiting,Black Soil,41.6,34.5,92.4,None,0.0,Drip Irrigation,None / Healthy,1.05,3.12,3.28,0.0,40.0,22.0,OPTIMAL_STANDBY,Low,0.0
Potato,Maturity,Sandy,10.8,41.2,39.1,Moderate,12.3,Drip Irrigation,None / Healthy,0.75,6.3,4.72,7.37,15.0,6.0,DELAY_RAIN_EXPECTED,Moderate,0.0
Rice,Maturity,Clay Loam,34.9,28.0,81.8,None,0.0,Drip Irrigation,Tomato Septoria Leaf Spot,0.95,2.34,2.22,0.0,34.0,18.0,OPTIMAL_STANDBY,Low,0.0
Tomato,Fruiting,Clay Loam,32.1,22.3,89.9,Low,3.3,Sprinkler (Overhead),None / Healthy,1.2,2.0,2.4,0.1,34.0,18.0,OPTIMAL_STANDBY,Low,0.0
Corn,Maturity,Clay Loam,17.8,18.9,45.4,None,0.0,Drip Irrigation,None / Healthy,0.6,2.0,1.2,0.0,34.0,18.0,IRRIGATE_IMMEDIATELY,Immediate,3.5
Potato,Seedling,Black Soil,37.2,25.2,82.7,High,38.0,Drip Irrigation,None / Healthy,0.5,2.02,1.01,27.88,40.0,22.0,DELAY_RAIN_EXPECTED,Low,0.0
Cotton,Flowering,Black Soil,26.0,37.6,41.3,Low,3.9,Sprinkler (Overhead),None / Healthy,1.2,5.45,6.54,0.6,40.0,22.0,IRRIGATE_IMMEDIATELY,Immediate,7.0
Potato,Flowering,Clay Loam,15.2,35.4,21.7,Moderate,12.8,Sub-surface Drip,None / Healthy,1.15,5.93,6.82,7.73,34.0,18.0,IRRIGATE_IMMEDIATELY,Immediate,7.0
Corn,Fruiting,Sandy Loam,17.0,19.6,63.4,None,0.0,Sprinkler (Overhead),None / Healthy,1.1,2.0,2.2,0.0,22.0,10.0,MAINTENANCE_DRIP,Normal,2.24
Soybean,Fruiting,Loamy,26.1,16.1,56.1,None,0.0,Drip Irrigation,None / Healthy,1.05,2.0,2.1,0.0,28.0,14.0,OPTIMAL_STANDBY,Low,0.0
Potato,Vegetative,Black Soil,36.2,23.7,34.3,None,0.0,Drip Irrigation,Tomato Target Spot,0.8,3.07,2.46,0.0,40.0,22.0,OPTIMAL_STANDBY,Low,0.0
Potato,Seedling,Clay Loam,25.8,29.2,75.5,Low,4.0,Drip Irrigation,Potato Late Blight,0.5,2.65,1.32,0.72,34.0,18.0,MAINTENANCE_DRIP,Normal,1.5
Sugarcane,Maturity,Clay Loam,41.5,29.0,58.4,High,25.9,Flood / Surface,None / Healthy,0.7,3.22,2.25,18.23,34.0,18.0,DELAY_RAIN_EXPECTED,Low,0.0
Cotton,Maturity,Sandy,15.9,32.3,88.4,None,0.0,Sub-surface Drip,None / Healthy,0.55,2.85,1.57,0.0,15.0,6.0,OPTIMAL_STANDBY,Low,0.0
Corn,Flowering,Sandy,11.3,39.7,58.4,Moderate,13.9,Sub-surface Drip,None / Healthy,1.2,4.96,5.95,8.64,15.0,6.0,DELAY_RAIN_EXPECTED,Low,0.0
Sugarcane,Fruiting,Black Soil,32.8,38.9,82.7,Low,4.0,Drip Irrigation,None / Healthy,1.25,3.68,4.6,0.73,40.0,22.0,MAINTENANCE_DRIP,Normal,4.79
Rice,Flowering,Clay Loam,32.0,38.2,70.4,None,0.0,Sprinkler (Overhead),None / Healthy,1.25,4.08,5.1,0.0,34.0,18.0,OPTIMAL_STANDBY,Low,0.0
Soybean,Seedling,Black Soil,30.9,31.9,83.9,None,0.0,Flood / Surface,None / Healthy,0.4,2.8,1.12,0.0,40.0,22.0,MAINTENANCE_DRIP,Normal,1.5
Cotton,Flowering,Clay Loam,43.0,35.5,70.1,Low,5.3,Flood / Surface,None / Healthy,1.2,3.72,4.46,1.72,34.0,18.0,OPTIMAL_STANDBY,Low,0.0
Tomato,Seedling,Black Soil,37.2,25.1,31.5,None,0.0,Sprinkler (Overhead),Tomato Yellow Leaf Curl Virus,0.6,3.41,2.05,0.0,40.0,22.0,OPTIMAL_STANDBY,Low,0.0
Corn,Fruiting,Loamy,19.6,28.1,35.2,Low,1.3,Flood / Surface,Tomato Yellow Leaf Curl Virus,1.1,3.87,4.26,0.0,28.0,14.0,IRRIGATE_IMMEDIATELY,Immediate,4.93
Corn,Seedling,Loamy,31.2,33.5,47.8,Low,1.9,Flood / Surface,None / Healthy,0.4,4.39,1.76,0.0,28.0,14.0,OPTIMAL_STANDBY,Low,0.0
Corn,Seedling,Sandy Loam,31.3,32.1,91.1,Low,1.2,Sprinkler (Overhead),None / Healthy,0.4,2.83,1.13,0.0,22.0,10.0,OPTIMAL_STANDBY,Low,0.0
Cotton,Seedling,Sandy,13.7,33.4,20.7,High,23.9,Flood / Surface,None / Healthy,0.45,5.53,2.49,16.62,15.0,6.0,DELAY_RAIN_EXPECTED,Low,0.0
Potato,Seedling,Clay Loam,14.3,29.1,23.9,Low,4.7,Flood / Surface,None / Healthy,0.5,4.46,2.23,1.27,34.0,18.0,IRRIGATE_IMMEDIATELY,Immediate,3.5
Potato,Seedling,Sandy Loam,22.7,19.4,80.1,None,0.0,Drip Irrigation,Tomato Target Spot,0.5,2.0,1.0,0.0,22.0,10.0,OPTIMAL_STANDBY,Low,0.0
Sugarcane,Seedling,Sandy,5.2,14.8,89.9,High,32.6,Sub-surface Drip,Tomato Septoria Leaf Spot,0.45,2.0,0.9,23.58,15.0,6.0,IRRIGATE_IMMEDIATELY,Immediate,3.5
Sugarcane,Maturity,Sandy,14.0,17.3,38.4,Low,1.5,Sprinkler (Overhead),None / Healthy,0.7,2.0,1.4,0.0,15.0,6.0,OPTIMAL_STANDBY,Low,0.0
Potato,Vegetative,Loamy,29.3,17.8,90.2,Low,5.8,Drip Irrigation,None / Healthy,0.8,2.0,1.6,2.12,28.0,14.0,OPTIMAL_STANDBY,Low,0.0
Cotton,Flowering,Black Soil,30.9,38.7,25.2,Low,3.1,Drip Irrigation,None / Healthy,1.2,6.52,7.82,0.0,40.0,22.0,MAINTENANCE_DRIP,Normal,5.5
Pepper Bell,Fruiting,Sandy Loam,15.5,39.0,24.3,Moderate,13.6,Drip Irrigation,None / Healthy,1.1,6.64,7.3,8.35,22.0,10.0,DELAY_RAIN_EXPECTED,Low,0.0
Corn,Vegetative,Sandy,17.3,23.6,40.0,High,44.6,Sprinkler (Overhead),Tomato Early Blight,0.85,2.89,2.46,33.19,15.0,6.0,SUSPEND_OVERHEAD_BLIGHT,Immediate,0.0
Soybean,Maturity,Black Soil,28.7,36.1,28.6,None,0.0,Drip Irrigation,None / Healthy,0.5,5.77,2.88,0.0,40.0,22.0,IRRIGATE_IMMEDIATELY,Immediate,3.77
Rice,Seedling,Black Soil,32.1,16.2,64.7,None,0.0,Drip Irrigation,None / Healthy,1.05,2.0,2.1,0.0,40.0,22.0,MAINTENANCE_DRIP,Normal,2.09
Tomato,Seedling,Sandy,6.1,22.8,75.0,High,27.6,Drip Irrigation,None / Healthy,0.6,2.0,1.2,19.57,15.0,6.0,IRRIGATE_IMMEDIATELY,Immediate,3.5
Pepper Bell,Maturity,Loamy,24.5,18.7,28.1,Low,4.7,Drip Irrigation,None / Healthy,0.85,2.27,1.93,1.3,28.0,14.0,MAINTENANCE_DRIP,Normal,1.78
Wheat,Fruiting,Sandy,10.7,14.3,70.5,Moderate,11.7,Drip Irrigation,None / Healthy,0.85,2.0,1.7,6.83,15.0,6.0,DELAY_RAIN_EXPECTED,Moderate,0.0
Pepper Bell,Maturity,Clay Loam,28.2,39.0,62.2,None,0.0,Drip Irrigation,Tomato Early Blight,0.85,4.63,3.94,0.0,34.0,18.0,MAINTENANCE_DRIP,Normal,4.12
Rice,Fruiting,Sandy Loam,20.4,25.2,79.7,None,0.0,Drip Irrigation,None / Healthy,1.2,2.04,2.45,0.0,22.0,10.0,OPTIMAL_STANDBY,Low,0.0
Sugarcane,Fruiting,Black Soil,21.4,21.9,80.5,None,0.0,Sub-surface Drip,None / Healthy,1.25,2.0,2.5,0.0,40.0,22.0,IRRIGATE_IMMEDIATELY,Immediate,3.5
Corn,Maturity,Clay Loam,29.3,14.2,23.6,High,22.8,Sub-surface Drip,None / Healthy,0.6,2.0,1.2,15.77,34.0,18.0,DELAY_RAIN_EXPECTED,Low,0.0
Pepper Bell,Flowering,Loamy,22.2,16.9,54.3,High,28.8,Sprinkler (Overhead),None / Healthy,1.05,2.0,2.1,20.52,28.0,14.0,DELAY_RAIN_EXPECTED,Low,0.0
Wheat,Maturity,Black Soil,41.7,34.0,51.7,Moderate,7.7,Drip Irrigation,None / Healthy,0.35,4.29,1.5,3.68,40.0,22.0,OPTIMAL_STANDBY,Low,0.0
Corn,Flowering,Black Soil,39.9,39.9,78.7,Moderate,9.0,Drip Irrigation,None / Healthy,1.2,3.87,4.64,4.69,40.0,22.0,OPTIMAL_STANDBY,Low,0.0
Wheat,Fruiting,Clay Loam,32.8,18.4,25.5,High,38.2,Flood / Surface,None / Healthy,0.85,2.24,1.9,28.06,34.0,18.0,DELAY_RAIN_EXPECTED,Low,0.0
Corn,Flowering,Loamy,24.5,25.4,68.8,None,0.0,Flood / Surface,None / Healthy,1.2,2.37,2.84,0.0,28.0,14.0,MAINTENANCE_DRIP,Normal,2.72
Potato,Maturity,Loamy,34.2,33.5,86.8,Low,4.6,Drip Irrigation,Tomato Yellow Leaf Curl Virus,0.75,3.0,2.25,1.17,28.0,14.0,OPTIMAL_STANDBY,Low,0.0
Cotton,Fruiting,Sandy,11.2,39.2,36.4,None,0.0,Sprinkler (Overhead),None / Healthy,0.85,6.04,5.13,0.0,15.0,6.0,MAINTENANCE_DRIP,Normal,5.13
Sugarcane,Seedling,Sandy,11.0,23.8,52.6,None,0.0,Flood / Surface,None / Healthy,0.45,2.59,1.17,0.0,15.0,6.0,MAINTENANCE_DRIP,Normal,1.5
Tomato,Flowering,Loamy,22.4,14.8,48.6,None,0.0,Drip Irrigation,None / Healthy,1.15,2.0,2.3,0.0,28.0,14.0,MAINTENANCE_DRIP,Normal,2.13
Corn,Flowering,Sandy Loam,17.9,23.6,40.8,None,0.0,Sub-surface Drip,None / Healthy,1.2,2.87,3.44,0.0,22.0,10.0,MAINTENANCE_DRIP,Normal,3.66
Wheat,Seedling,Sandy,11.0,14.5,52.4,None,0.0,Sprinkler (Overhead),None / Healthy,0.4,2.0,0.8,0.0,15.0,6.0,MAINTENANCE_DRIP,Normal,1.5
Corn,Flowering,Sandy Loam,10.3,29.8,37.1,Moderate,13.8,Flood / Surface,None / Healthy,1.2,4.13,4.96,8.58,22.0,10.0,IRRIGATE_IMMEDIATELY,Immediate,6.19
Rice,Seedling,Clay Loam,14.9,38.8,23.7,None,0.0,Sub-surface Drip,None / Healthy,1.05,6.63,6.96,0.0,34.0,18.0,IRRIGATE_IMMEDIATELY,Immediate,7.0
Pepper Bell,Seedling,Black Soil,41.0,15.1,69.2,Moderate,16.3,Sprinkler (Overhead),Tomato Target Spot,0.6,2.0,1.2,10.51,40.0,22.0,SUSPEND_OVERHEAD_BLIGHT,Immediate,0.0
Corn,Flowering,Sandy,13.6,30.4,87.7,High,40.6,Flood / Surface,None / Healthy,1.2,2.62,3.14,29.95,15.0,6.0,DELAY_RAIN_EXPECTED,Low,0.0
Wheat,Maturity,Sandy,12.4,39.8,52.1,None,0.0,Sprinkler (Overhead),Potato Late Blight,0.35,5.31,1.86,0.0,15.0,6.0,SUSPEND_OVERHEAD_BLIGHT,Immediate,0.0
Pepper Bell,Flowering,Loamy,21.7,21.0,75.0,Moderate,10.1,Drip Irrigation,Tomato Septoria Leaf Spot,1.05,2.0,2.1,5.6,28.0,14.0,DELAY_RAIN_EXPECTED,Moderate,0.0
Soybean,Seedling,Sandy Loam,17.3,35.1,31.4,None,0.0,Flood / Surface,None / Healthy,0.4,5.42,2.17,0.0,22.0,10.0,MAINTENANCE_DRIP,Normal,2.34
Potato,Vegetative,Loamy,18.5,29.8,65.9,None,0.0,Sprinkler (Overhead),Tomato Septoria Leaf Spot,0.8,3.08,2.46,0.0,28.0,14.0,SUSPEND_OVERHEAD_BLIGHT,Immediate,0.0
Tomato,Seedling,Loamy,24.5,25.0,47.4,None,0.0,Flood / Surface,None / Healthy,0.6,2.93,1.76,0.0,28.0,14.0,MAINTENANCE_DRIP,Normal,1.75
Cotton,Fruiting,Black Soil,33.2,22.7,52.9,None,0.0,Sprinkler (Overhead),None / Healthy,0.85,2.42,2.06,0.0,40.0,22.0,MAINTENANCE_DRIP,Normal,2.2
Rice,Seedling,Sandy Loam,22.1,38.3,21.6,None,0.0,Sprinkler (Overhead),None / Healthy,1.05,6.6,6.93,0.0,22.0,10.0,OPTIMAL_STANDBY,Low,0.0
Rice,Seedling,Clay Loam,30.9,39.2,67.2,Moderate,15.1,Drip Irrigation,None / Healthy,1.05,4.39,4.61,9.62,34.0,18.0,DELAY_RAIN_EXPECTED,Low,0.0
Cotton,Fruiting,Sandy Loam,11.4,29.3,91.5,None,0.0,Sprinkler (Overhead),None / Healthy,0.85,2.5,2.12,0.0,22.0,10.0,IRRIGATE_IMMEDIATELY,Immediate,3.5
Sugarcane,Vegetative,Sandy Loam,21.3,39.7,60.5,None,0.0,Drip Irrigation,None / Healthy,0.85,4.84,4.11,0.0,22.0,10.0,OPTIMAL_STANDBY,Low,0.0
Corn,Fruiting,Black Soil,18.8,25.9,86.7,None,0.0,Flood / Surface,Tomato Target Spot,1.1,2.11,2.32,0.0,40.0,22.0,IRRIGATE_IMMEDIATELY,Immediate,3.5
Pepper Bell,Vegetative,Sandy,16.6,27.4,34.0,Moderate,10.2,Flood / Surface,None / Healthy,0.8,3.77,3.02,5.67,15.0,6.0,OPTIMAL_STANDBY,Low,0.0
Sugarcane,Fruiting,Loamy,25.5,22.1,94.4,Low,5.1,Sprinkler (Overhead),Tomato Septoria Leaf Spot,1.25,2.0,2.5,1.57,28.0,14.0,SUSPEND_OVERHEAD_BLIGHT,Immediate,0.0
Pepper Bell,Seedling,Clay Loam,35.5,28.4,26.6,None,0.0,Drip Irrigation,Tomato Septoria Leaf Spot,0.6,4.22,2.53,0.0,34.0,18.0,OPTIMAL_STANDBY,Low,0.0
Wheat,Flowering,Sandy Loam,12.2,39.8,94.4,None,0.0,Drip Irrigation,None / Healthy,1.15,3.79,4.36,0.0,22.0,10.0,IRRIGATE_IMMEDIATELY,Immediate,5.39
Soybean,Flowering,Sandy,16.8,20.8,32.6,Low,3.0,Sprinkler (Overhead),Potato Late Blight,1.15,2.57,2.96,0.0,15.0,6.0,SUSPEND_OVERHEAD_BLIGHT,Immediate,0.0
Tomato,Fruiting,Clay Loam,27.6,36.3,35.2,None,0.0,Sprinkler (Overhead),None / Healthy,1.2,5.5,6.6,0.0,34.0,18.0,MAINTENANCE_DRIP,Normal,5.5
Soybean,Seedling,Clay Loam,29.5,18.3,54.0,Low,5.4,Drip Irrigation,None / Healthy,0.4,2.0,0.8,1.8,34.0,18.0,MAINTENANCE_DRIP,Normal,1.5
Tomato,Fruiting,Loamy,20.8,40.4,49.9,Moderate,9.3,Sprinkler (Overhead),None / Healthy,1.2,5.54,6.65,4.92,28.0,14.0,DELAY_RAIN_EXPECTED,Moderate,0.0
Corn,Seedling,Black Soil,40.0,32.4,65.8,None,0.0,Sprinkler (Overhead),Tomato Septoria Leaf Spot,0.4,3.45,1.38,0.0,40.0,22.0,SUSPEND_OVERHEAD_BLIGHT,Immediate,0.0
Potato,Flowering,Loamy,23.8,19.6,45.6,Moderate,17.6,Drip Irrigation,None / Healthy,1.15,2.09,2.4,11.61,28.0,14.0,DELAY_RAIN_EXPECTED,Low,0.0
Potato,Vegetative,Black Soil,37.9,34.6,40.3,Low,2.8,Sprinkler (Overhead),None / Healthy,0.8,4.92,3.94,0.0,40.0,22.0,OPTIMAL_STANDBY,Low,0.0
Pepper Bell,Flowering,Black Soil,34.6,21.7,89.5,None,0.0,Sprinkler (Overhead),None / Healthy,1.05,2.0,2.1,0.0,40.0,22.0,MAINTENANCE_DRIP,Normal,2.04
Corn,Maturity,Loamy,21.2,24.3,86.1,Low,1.6,Drip Irrigation,None / Healthy,0.6,2.0,1.2,0.0,28.0,14.0,MAINTENANCE_DRIP,Normal,1.5
Cotton,Flowering,Sandy Loam,33.7,39.1,41.6,Moderate,9.7,Drip Irrigation,Tomato Septoria Leaf Spot,1.2,5.74,6.89,5.29,22.0,10.0,OPTIMAL_STANDBY,Low,0.0
Potato,Flowering,Black Soil,35.4,34.4,38.9,None,0.0,Drip Irrigation,Pepper Bell Bacterial Spot,1.15,4.94,5.68,0.0,40.0,22.0,MAINTENANCE_DRIP,Normal,5.5
Tomato,Maturity,Sandy,7.1,33.5,81.3,Low,3.7,Drip Irrigation,None / Healthy,0.8,3.0,2.4,0.48,15.0,6.0,IRRIGATE_IMMEDIATELY,Immediate,3.5
Sugarcane,Seedling,Sandy,13.5,30.4,88.6,Moderate,10.5,Sub-surface Drip,None / Healthy,0.45,2.63,1.18,5.92,15.0,6.0,OPTIMAL_STANDBY,Low,0.0
Cotton,Maturity,Loamy,16.4,29.4,78.8,None,0.0,Drip Irrigation,None / Healthy,0.55,2.55,1.4,0.0,28.0,14.0,IRRIGATE_IMMEDIATELY,Immediate,3.5
Rice,Vegetative,Loamy,35.5,33.5,25.5,None,0.0,Sprinkler (Overhead),None / Healthy,1.15,5.35,6.15,0.0,28.0,14.0,OPTIMAL_STANDBY,Low,0.0
Potato,Flowering,Sandy,8.2,40.3,37.5,None,0.0,Sub-surface Drip,None / Healthy,1.15,6.2,7.13,0.0,15.0,6.0,IRRIGATE_IMMEDIATELY,Immediate,7.0
Corn,Maturity,Sandy,13.7,25.2,25.3,None,0.0,Flood / Surface,None / Healthy,0.6,3.62,2.17,0.0,15.0,6.0,OPTIMAL_STANDBY,Low,0.0
Sugarcane,Fruiting,Sandy,11.5,19.1,46.9,None,0.0,Sprinkler (Overhead),None / Healthy,1.25,2.0,2.5,0.0,15.0,6.0,MAINTENANCE_DRIP,Normal,2.88
Potato,Maturity,Black Soil,50.0,25.3,73.4,None,0.0,Flood / Surface,None / Healthy,0.75,2.23,1.67,0.0,40.0,22.0,OPTIMAL_STANDBY,Low,0.0
Wheat,Seedling,Clay Loam,37.8,31.3,69.9,None,0.0,Drip Irrigation,Tomato Septoria Leaf Spot,0.4,3.13,1.25,0.0,34.0,18.0,OPTIMAL_STANDBY,Low,0.0
Corn,Seedling,Clay Loam,34.4,23.8,86.3,None,0.0,Drip Irrigation,Tomato Yellow Leaf Curl Virus,0.4,2.0,0.8,0.0,34.0,18.0,OPTIMAL_STANDBY,Low,0.0
Cotton,Flowering,Clay Loam,43.8,16.7,37.0,Low,5.5,Sprinkler (Overhead),Potato Late Blight,1.2,2.0,2.4,1.89,34.0,18.0,SUSPEND_OVERHEAD_BLIGHT,Immediate,0.0
Corn,Maturity,Sandy Loam,21.2,25.0,74.1,Low,2.6,Drip Irrigation,None / Healthy,0.6,2.17,1.3,0.0,22.0,10.0,OPTIMAL_STANDBY,Low,0.0
Pepper Bell,Seedling,Sandy Loam,18.8,18.4,35.8,None,0.0,Sprinkler (Overhead),None / Healthy,0.6,2.07,1.24,0.0,22.0,10.0,MAINTENANCE_DRIP,Normal,1.5
Cotton,Flowering,Sandy Loam,21.2,18.9,43.3,Low,3.9,Drip Irrigation,None / Healthy,1.2,2.01,2.41,0.63,22.0,10.0,OPTIMAL_STANDBY,Low,0.0
Corn,Fruiting,Sandy,12.0,39.5,40.8,Moderate,9.3,Flood / Surface,None / Healthy,1.1,5.87,6.46,4.91,15.0,6.0,DELAY_RAIN_EXPECTED,Moderate,0.0
Cotton,Maturity,Clay Loam,32.2,21.2,25.5,None,0.0,Drip Irrigation,None / Healthy,0.55,2.81,1.55,0.0,34.0,18.0,OPTIMAL_STANDBY,Low,0.0
Tomato,Maturity,Black Soil,23.4,27.5,76.4,Low,1.3,Flood / Surface,None / Healthy,0.8,2.41,1.93,0.0,40.0,22.0,IRRIGATE_IMMEDIATELY,Immediate,3.5
Rice,Maturity,Sandy,14.1,18.2,53.3,Moderate,8.9,Sprinkler (Overhead),None / Healthy,0.95,2.0,1.9,4.66,15.0,6.0,OPTIMAL_STANDBY,Low,0.0
Rice,Fruiting,Sandy Loam,31.1,14.7,57.1,Moderate,7.9,Drip Irrigation,None / Healthy,1.2,2.0,2.4,3.84,22.0,10.0,OPTIMAL_STANDBY,Low,0.0
Tomato,Fruiting,Clay Loam,21.0,38.5,45.6,Moderate,10.6,Drip Irrigation,None / Healthy,1.2,5.41,6.49,5.97,34.0,18.0,IRRIGATE_IMMEDIATELY,Immediate,7.0
Rice,Vegetative,Clay Loam,17.1,36.3,48.6,None,0.0,Drip Irrigation,Tomato Early Blight,1.15,4.86,5.59,0.0,34.0,18.0,IRRIGATE_IMMEDIATELY,Immediate,7.0
Tomato,Maturity,Black Soil,39.5,15.0,57.5,None,0.0,Drip Irrigation,Tomato Target Spot,0.8,2.0,1.6,0.0,40.0,22.0,OPTIMAL_STANDBY,Low,0.0
Wheat,Vegetative,Sandy Loam,17.3,17.9,93.6,Low,2.8,Drip Irrigation,None / Healthy,0.75,2.0,1.5,0.0,22.0,10.0,MAINTENANCE_DRIP,Normal,1.5
Tomato,Vegetative,Clay Loam,18.8,30.4,44.6,None,0.0,Sprinkler (Overhead),None / Healthy,0.85,3.95,3.36,0.0,34.0,18.0,IRRIGATE_IMMEDIATELY,Immediate,4.33
Rice,Maturity,Clay Loam,31.4,20.7,51.8,Moderate,7.2,Flood / Surface,None / Healthy,0.95,2.13,2.02,3.23,34.0,18.0,OPTIMAL_STANDBY,Low,0.0
Pepper Bell,Seedling,Loamy,19.5,18.0,30.1,None,0.0,Drip Irrigation,None / Healthy,0.6,2.1,1.26,0.0,28.0,14.0,IRRIGATE_IMMEDIATELY,Immediate,3.5
Potato,Flowering,Clay Loam,26.4,18.0,39.5,None,0.0,Drip Irrigation,None / Healthy,1.15,2.0,2.3,0.0,34.0,18.0,MAINTENANCE_DRIP,Normal,2.0
Cotton,Fruiting,Black Soil,20.5,21.9,35.3,High,43.6,Flood / Surface,Tomato Target Spot,0.85,2.7,2.29,32.37,40.0,22.0,IRRIGATE_IMMEDIATELY,Immediate,3.5
Potato,Vegetative,Sandy Loam,23.5,29.3,56.6,Low,2.9,Drip Irrigation,None / Healthy,0.8,3.33,2.66,0.0,22.0,10.0,OPTIMAL_STANDBY,Low,0.0
Corn,Vegetative,Black Soil,41.2,37.4,33.3,High,23.1,Drip Irrigation,Tomato Target Spot,0.85,5.81,4.94,16.01,40.0,22.0,DELAY_RAIN_EXPECTED,Low,0.0
Tomato,Maturity,Sandy,10.3,20.2,73.7,Low,3.6,Flood / Surface,None / Healthy,0.8,2.0,1.6,0.39,15.0,6.0,MAINTENANCE_DRIP,Normal,1.66
Wheat,Vegetative,Clay Loam,36.1,34.1,75.9,None,0.0,Sub-surface Drip,None / Healthy,0.75,3.26,2.44,0.0,34.0,18.0,OPTIMAL_STANDBY,Low,0.0
Soybean,Fruiting,Sandy Loam,22.4,16.3,79.7,High,27.4,Drip Irrigation,Potato Late Blight,1.05,2.0,2.1,19.45,22.0,10.0,DELAY_RAIN_EXPECTED,Low,0.0
Sugarcane,Vegetative,Black Soil,47.9,36.2,94.5,None,0.0,Sprinkler (Overhead),Tomato Early Blight,0.85,3.33,2.83,0.0,40.0,22.0,SUSPEND_OVERHEAD_BLIGHT,Immediate,0.0
Rice,Seedling,Loamy,18.5,21.1,85.7,Moderate,12.1,Sprinkler (Overhead),None / Healthy,1.05,2.0,2.1,7.15,28.0,14.0,IRRIGATE_IMMEDIATELY,Immediate,3.5
Tomato,Vegetative,Clay Loam,32.5,17.1,87.2,Low,1.2,Flood / Surface,None / Healthy,0.85,2.0,1.7,0.0,34.0,18.0,OPTIMAL_STANDBY,Low,0.0
Rice,Flowering,Loamy,29.2,35.2,59.4,Low,4.1,Drip Irrigation,None / Healthy,1.25,4.16,5.2,0.8,28.0,14.0,OPTIMAL_STANDBY,Low,0.0
Pepper Bell,Maturity,Black Soil,47.2,37.0,48.2,High,40.8,Drip Irrigation,None / Healthy,0.85,5.0,4.25,30.17,40.0,22.0,DELAY_RAIN_EXPECTED,Low,0.0
Sugarcane,Seedling,Sandy Loam,11.5,23.1,36.3,None,0.0,Drip Irrigation,Tomato Yellow Leaf Curl Virus,0.45,2.9,1.3,0.0,22.0,10.0,IRRIGATE_IMMEDIATELY,Immediate,3.5
Wheat,Flowering,Loamy,18.7,24.2,29.4,None,0.0,Sprinkler (Overhead),None / Healthy,1.15,3.28,3.77,0.0,28.0,14.0,IRRIGATE_IMMEDIATELY,Immediate,4.7
Cotton,Maturity,Sandy Loam,23.9,33.3,49.5,None,0.0,Sub-surface Drip,None / Healthy,0.55,4.28,2.35,0.0,22.0,10.0,OPTIMAL_STANDBY,Low,0.0
Corn,Flowering,Clay Loam,29.4,18.7,69.8,None,0.0,Sprinkler (Overhead),None / Healthy,1.2,2.0,2.4,0.0,34.0,18.0,MAINTENANCE_DRIP,Normal,2.23
Pepper Bell,Flowering,Clay Loam,29.8,27.1,55.2,None,0.0,Sprinkler (Overhead),None / Healthy,1.05,3.03,3.18,0.0,34.0,18.0,MAINTENANCE_DRIP,Normal,3.06
Sugarcane,Seedling,Loamy,23.6,38.9,48.5,Low,5.5,Drip Irrigation,None / Healthy,0.45,5.33,2.4,1.93,28.0,14.0,MAINTENANCE_DRIP,Normal,2.23
Pepper Bell,Seedling,Black Soil,43.3,26.1,68.1,None,0.0,Drip Irrigation,None / Healthy,0.6,2.49,1.49,0.0,40.0,22.0,OPTIMAL_STANDBY,Low,0.0
Potato,Seedling,Black Soil,34.9,16.9,78.9,High,37.1,Flood / Surface,None / Healthy,0.5,2.0,1.0,27.2,40.0,22.0,DELAY_RAIN_EXPECTED,Low,0.0
Sugarcane,Vegetative,Loamy,23.7,18.3,49.5,High,20.5,Drip Irrigation,None / Healthy,0.85,2.0,1.7,13.87,28.0,14.0,DELAY_RAIN_EXPECTED,Low,0.0
Sugarcane,Fruiting,Clay Loam,41.3,37.4,55.7,None,0.0,Drip Irrigation,Pepper Bell Bacterial Spot,1.25,4.69,5.86,0.0,34.0,18.0,OPTIMAL_STANDBY,Low,0.0
Rice,Maturity,Black Soil,33.1,41.9,41.2,Moderate,13.3,Sprinkler (Overhead),None / Healthy,0.95,6.34,6.02,8.16,40.0,22.0,DELAY_RAIN_EXPECTED,Low,0.0
Sugarcane,Fruiting,Loamy,13.7,33.2,40.1,None,0.0,Sub-surface Drip,Tomato Early Blight,1.25,4.66,5.83,0.0,28.0,14.0,IRRIGATE_IMMEDIATELY,Immediate,7.0
Sugarcane,Maturity,Loamy,28.9,33.9,24.2,High,35.4,Sprinkler (Overhead),None / Healthy,0.7,5.48,3.84,25.84,28.0,14.0,DELAY_RAIN_EXPECTED,Low,0.0
Soybean,Vegetative,Clay Loam,29.9,22.1,71.7,None,0.0,Sub-surface Drip,None / Healthy,0.7,2.0,1.4,0.0,34.0,18.0,MAINTENANCE_DRIP,Normal,1.55
Sugarcane,Flowering,Clay Loam,26.8,41.5,80.3,Low,5.3,Drip Irrigation,Tomato Yellow Leaf Curl Virus,1.25,4.01,5.01,1.74,34.0,18.0,MAINTENANCE_DRIP,Normal,4.92
Tomato,Vegetative,Sandy Loam,21.0,18.3,22.9,None,0.0,Sub-surface Drip,None / Healthy,0.85,2.27,1.93,0.0,22.0,10.0,OPTIMAL_STANDBY,Low,0.0
Cotton,Seedling,Clay Loam,21.1,38.6,92.1,Moderate,16.4,Drip Irrigation,None / Healthy,0.45,3.64,1.64,10.64,34.0,18.0,IRRIGATE_IMMEDIATELY,Immediate,3.5
Wheat,Fruiting,Sandy,14.8,24.9,50.2,None,0.0,Flood / Surface,None / Healthy,0.85,2.84,2.41,0.0,15.0,6.0,OPTIMAL_STANDBY,Low,0.0
Corn,Seedling,Black Soil,49.2,26.3,79.0,None,0.0,Drip Irrigation,None / Healthy,0.4,2.18,0.87,0.0,40.0,22.0,OPTIMAL_STANDBY,Low,0.0
Soybean,Vegetative,Loamy,37.5,23.4,48.6,Low,4.7,Sub-surface Drip,None / Healthy,0.7,2.65,1.85,1.24,28.0,14.0,OPTIMAL_STANDBY,Low,0.0
Cotton,Vegetative,Sandy Loam,22.3,31.3,88.1,Low,4.6,Drip Irrigation,Tomato Target Spot,0.75,2.73,2.05,1.16,22.0,10.0,OPTIMAL_STANDBY,Low,0.0
Rice,Maturity,Sandy,14.3,17.8,81.3,Moderate,15.1,Sub-surface Drip,None / Healthy,0.95,2.0,1.9,9.58,15.0,6.0,DELAY_RAIN_EXPECTED,Low,0.0
Tomato,Fruiting,Sandy Loam,7.4,22.8,72.6,Low,2.9,Drip Irrigation,None / Healthy,1.2,2.0,2.4,0.0,22.0,10.0,IRRIGATE_IMMEDIATELY,Immediate,3.5
Soybean,Vegetative,Black Soil,30.3,22.8,57.9,Moderate,14.2,Flood / Surface,None / Healthy,0.7,2.3,1.61,8.82,40.0,22.0,DELAY_RAIN_EXPECTED,Low,0.0
Sugarcane,Vegetative,Loamy,10.1,35.7,87.9,Moderate,9.6,Sub-surface Drip,Tomato Septoria Leaf Spot,0.85,3.27,2.78,5.16,28.0,14.0,IRRIGATE_IMMEDIATELY,Immediate,3.55
Wheat,Seedling,Sandy Loam,23.0,16.9,65.1,Low,2.5,Drip Irrigation,None / Healthy,0.4,2.0,0.8,0.0,22.0,10.0,OPTIMAL_STANDBY,Low,0.0
Rice,Flowering,Sandy,14.1,41.6,55.0,None,0.0,Sprinkler (Overhead),None / Healthy,1.25,5.47,6.84,0.0,15.0,6.0,OPTIMAL_STANDBY,Low,0.0
Tomato,Vegetative,Sandy,6.8,28.4,93.7,None,0.0,Flood / Surface,None / Healthy,0.85,2.4,2.04,0.0,15.0,6.0,IRRIGATE_IMMEDIATELY,Immediate,3.5
Soybean,Fruiting,Sandy,14.9,40.5,48.3,None,0.0,Drip Irrigation,None / Healthy,1.05,5.65,5.93,0.0,15.0,6.0,OPTIMAL_STANDBY,Low,0.0
Pepper Bell,Fruiting,Sandy,6.2,25.8,26.6,Moderate,9.2,Sprinkler (Overhead),None / Healthy,1.1,3.68,4.05,4.88,15.0,6.0,IRRIGATE_IMMEDIATELY,Immediate,4.98
Wheat,Vegetative,Black Soil,39.3,17.7,59.3,None,0.0,Drip Irrigation,None / Healthy,0.75,2.0,1.5,0.0,40.0,22.0,OPTIMAL_STANDBY,Low,0.0
Corn,Flowering,Sandy,11.4,31.3,32.9,Low,3.1,Sprinkler (Overhead),Tomato Yellow Leaf Curl Virus,1.2,4.57,5.48,0.0,15.0,6.0,MAINTENANCE_DRIP,Normal,5.5
Corn,Maturity,Clay Loam,39.9,20.7,34.9,Moderate,12.5,Sprinkler (Overhead),None / Healthy,0.6,2.5,1.5,7.47,34.0,18.0,OPTIMAL_STANDBY,Low,0.0
Potato,Flowering,Black Soil,33.7,31.1,74.6,None,0.0,Sprinkler (Overhead),None / Healthy,1.15,2.92,3.36,0.0,40.0,22.0,MAINTENANCE_DRIP,Normal,3.45
Cotton,Seedling,Sandy,12.5,20.9,24.8,None,0.0,Drip Irrigation,None / Healthy,0.45,2.76,1.24,0.0,15.0,6.0,MAINTENANCE_DRIP,Normal,1.5
Potato,Seedling,Black Soil,38.4,33.5,72.8,None,0.0,Drip Irrigation,None / Healthy,0.5,3.31,1.66,0.0,40.0,22.0,OPTIMAL_STANDBY,Low,0.0
Corn,Fruiting,Sandy Loam,18.6,15.9,53.6,Low,1.8,Drip Irrigation,Tomato Target Spot,1.1,2.0,2.2,0.0,22.0,10.0,MAINTENANCE_DRIP,Normal,2.13
Tomato,Vegetative,Clay Loam,15.6,32.0,40.3,None,0.0,Flood / Surface,None / Healthy,0.85,4.42,3.76,0.0,34.0,18.0,IRRIGATE_IMMEDIATELY,Immediate,4.79
Soybean,Flowering,Black Soil,37.0,35.0,50.0,Low,1.4,Sprinkler (Overhead),None / Healthy,1.15,4.55,5.23,0.0,40.0,22.0,OPTIMAL_STANDBY,Low,0.0
Pepper Bell,Fruiting,Loamy,20.3,39.9,46.5,Moderate,15.0,Sprinkler (Overhead),None / Healthy,1.1,5.64,6.2,9.48,28.0,14.0,DELAY_RAIN_EXPECTED,Low,0.0
Potato,Fruiting,Loamy,14.2,25.1,43.7,None,0.0,Sub-surface Drip,Potato Late Blight,1.15,3.05,3.51,0.0,28.0,14.0,IRRIGATE_IMMEDIATELY,Immediate,4.66
Pepper Bell,Maturity,Sandy,8.9,27.2,80.1,Low,3.3,Drip Irrigation,None / Healthy,0.85,2.25,1.91,0.14,15.0,6.0,IRRIGATE_IMMEDIATELY,Immediate,3.5
Tomato,Fruiting,Sandy Loam,17.3,31.5,56.8,Moderate,16.6,Drip Irrigation,None / Healthy,1.2,3.68,4.42,10.78,22.0,10.0,DELAY_RAIN_EXPECTED,Low,0.0
Rice,Seedling,Sandy Loam,30.3,21.7,50.5,None,0.0,Drip Irrigation,None / Healthy,1.05,2.32,2.44,0.0,22.0,10.0,OPTIMAL_STANDBY,Low,0.0
Cotton,Flowering,Loamy,20.4,36.6,82.7,None,0.0,Flood / Surface,None / Healthy,1.2,3.39,4.07,0.0,28.0,14.0,MAINTENANCE_DRIP,Normal,4.08
Soybean,Vegetative,Loamy,34.4,20.8,44.6,None,0.0,Drip Irrigation,None / Healthy,0.7,2.3,1.61,0.0,28.0,14.0,OPTIMAL_STANDBY,Low,0.0
Sugarcane,Maturity,Sandy Loam,28.0,18.4,92.3,None,0.0,Drip Irrigation,None / Healthy,0.7,2.0,1.4,0.0,22.0,10.0,OPTIMAL_STANDBY,Low,0.0
Rice,Seedling,Loamy,17.2,16.9,20.1,Low,3.3,Flood / Surface,Pepper Bell Bacterial Spot,1.05,2.05,2.15,0.1,28.0,14.0,IRRIGATE_IMMEDIATELY,Immediate,3.5
Sugarcane,Vegetative,Loamy,15.9,21.5,82.2,Moderate,7.1,Flood / Surface,Pepper Bell Bacterial Spot,0.85,2.0,1.7,3.16,28.0,14.0,IRRIGATE_IMMEDIATELY,Immediate,3.5
Potato,Flowering,Clay Loam,33.4,31.9,91.4,Moderate,17.8,Drip Irrigation,None / Healthy,1.15,2.81,3.23,11.74,34.0,18.0,DELAY_RAIN_EXPECTED,Low,0.0
Pepper Bell,Fruiting,Loamy,32.6,25.3,74.2,Moderate,14.5,Sub-surface Drip,Tomato Early Blight,1.1,2.2,2.42,9.12,28.0,14.0,DELAY_RAIN_EXPECTED,Low,0.0
Sugarcane,Seedling,Black Soil,22.1,27.1,51.0,Low,3.9,Drip Irrigation,None / Healthy,0.45,3.17,1.43,0.61,40.0,22.0,IRRIGATE_IMMEDIATELY,Immediate,3.5
Corn,Seedling,Black Soil,34.1,27.5,63.0,None,0.0,Flood / Surface,None / Healthy,0.4,2.85,1.14,0.0,40.0,22.0,MAINTENANCE_DRIP,Normal,1.5
Corn,Fruiting,Loamy,23.8,14.6,91.5,None,0.0,Sprinkler (Overhead),None / Healthy,1.1,2.0,2.2,0.0,28.0,14.0,MAINTENANCE_DRIP,Normal,2.25
Cotton,Flowering,Sandy,14.3,31.4,64.7,None,0.0,Sub-surface Drip,None / Healthy,1.2,3.34,4.01,0.0,15.0,6.0,OPTIMAL_STANDBY,Low,0.0
Wheat,Maturity,Sandy,11.7,40.3,85.4,None,0.0,Drip Irrigation,None / Healthy,0.35,3.87,1.35,0.0,15.0,6.0,MAINTENANCE_DRIP,Normal,1.5
Corn,Flowering,Sandy,15.3,37.4,66.5,None,0.0,Sprinkler (Overhead),None / Healthy,1.2,4.16,4.99,0.0,15.0,6.0,OPTIMAL_STANDBY,Low,0.0
Potato,Flowering,Sandy Loam,22.4,30.4,43.3,Moderate,18.0,Sub-surface Drip,None / Healthy,1.15,4.02,4.62,11.89,22.0,10.0,DELAY_RAIN_EXPECTED,Low,0.0
Soybean,Vegetative,Sandy Loam,20.2,29.4,93.8,None,0.0,Flood / Surface,None / Healthy,0.7,2.52,1.76,0.0,22.0,10.0,OPTIMAL_STANDBY,Low,0.0
Corn,Flowering,Sandy,15.9,18.9,78.7,None,0.0,Flood / Surface,None / Healthy,1.2,2.0,2.4,0.0,15.0,6.0,OPTIMAL_STANDBY,Low,0.0
Potato,Seedling,Black Soil,38.2,19.8,65.6,None,0.0,Flood / Surface,Tomato Target Spot,0.5,2.0,1.0,0.0,40.0,22.0,OPTIMAL_STANDBY,Low,0.0
Potato,Maturity,Loamy,14.3,40.0,39.7,High,25.0,Sprinkler (Overhead),None / Healthy,0.75,6.02,4.51,17.54,28.0,14.0,IRRIGATE_IMMEDIATELY,Immediate,5.44
Wheat,Seedling,Clay Loam,35.6,15.5,39.1,Low,4.2,Flood / Surface,None / Healthy,0.4,2.0,0.8,0.85,34.0,18.0,OPTIMAL_STANDBY,Low,0.0
Potato,Vegetative,Sandy Loam,20.3,20.1,59.3,None,0.0,Sub-surface Drip,Tomato Yellow Leaf Curl Virus,0.8,2.0,1.6,0.0,22.0,10.0,OPTIMAL_STANDBY,Low,0.0
Sugarcane,Flowering,Black Soil,20.8,34.9,56.7,None,0.0,Flood / Surface,None / Healthy,1.25,4.23,5.29,0.0,40.0,22.0,IRRIGATE_IMMEDIATELY,Immediate,6.32
Potato,Maturity,Loamy,26.2,19.0,59.6,None,0.0,Sprinkler (Overhead),None / Healthy,0.75,2.0,1.5,0.0,28.0,14.0,OPTIMAL_STANDBY,Low,0.0
Potato,Vegetative,Sandy,11.2,32.2,74.4,None,0.0,Sprinkler (Overhead),Pepper Bell Bacterial Spot,0.8,3.07,2.46,0.0,15.0,6.0,SUSPEND_OVERHEAD_BLIGHT,Immediate,0.0
Pepper Bell,Vegetative,Clay Loam,26.6,33.7,33.4,None,0.0,Sub-surface Drip,None / Healthy,0.8,5.04,4.03,0.0,34.0,18.0,MAINTENANCE_DRIP,Normal,3.86
Cotton,Flowering,Sandy,4.9,26.6,27.1,Low,4.0,Sub-surface Drip,Tomato Target Spot,1.2,3.83,4.6,0.7,15.0,6.0,IRRIGATE_IMMEDIATELY,Immediate,5.82
Soybean,Fruiting,Sandy Loam,29.3,37.2,79.4,Low,5.4,Sub-surface Drip,None / Healthy,1.05,3.49,3.66,1.83,22.0,10.0,OPTIMAL_STANDBY,Low,0.0
Tomato,Flowering,Loamy,22.1,37.3,76.8,High,32.5,Sprinkler (Overhead),None / Healthy,1.15,3.64,4.19,23.48,28.0,14.0,DELAY_RAIN_EXPECTED,Low,0.0
Cotton,Fruiting,Loamy,20.6,19.7,29.1,None,0.0,Flood / Surface,None / Healthy,0.85,2.44,2.07,0.0,28.0,14.0,MAINTENANCE_DRIP,Normal,2.01
Corn,Fruiting,Sandy Loam,11.3,37.5,74.2,None,0.0,Sprinkler (Overhead),None / Healthy,1.1,3.79,4.17,0.0,22.0,10.0,IRRIGATE_IMMEDIATELY,Immediate,5.23
Wheat,Fruiting,Sandy,16.3,37.1,75.9,High,35.5,Flood / Surface,None / Healthy,0.85,3.65,3.1,25.88,15.0,6.0,DELAY_RAIN_EXPECTED,Low,0.0
Rice,Seedling,Sandy,25.3,40.7,73.0,None,0.0,Flood / Surface,None / Healthy,1.05,4.31,4.53,0.0,15.0,6.0,OPTIMAL_STANDBY,Low,0.0
Tomato,Seedling,Loamy,24.2,38.6,93.5,None,0.0,Drip Irrigation,None / Healthy,0.6,3.65,2.19,0.0,28.0,14.0,MAINTENANCE_DRIP,Normal,2.46
Soybean,Maturity,Loamy,39.7,36.6,62.1,None,0.0,Drip Irrigation,None / Healthy,0.5,4.26,2.13,0.0,28.0,14.0,OPTIMAL_STANDBY,Low,0.0
Sugarcane,Vegetative,Sandy,12.9,34.8,64.3,Low,3.7,Drip Irrigation,None / Healthy,0.85,3.88,3.3,0.46,15.0,6.0,MAINTENANCE_DRIP,Normal,3.31
Soybean,Fruiting,Sandy Loam,17.8,23.7,66.4,Low,3.9,Sprinkler (Overhead),Tomato Yellow Leaf Curl Virus,1.05,2.22,2.33,0.64,22.0,10.0,MAINTENANCE_DRIP,Normal,2.29
Rice,Flowering,Black Soil,29.1,24.2,24.7,Low,5.5,Drip Irrigation,None / Healthy,1.25,3.41,4.26,1.89,40.0,22.0,IRRIGATE_IMMEDIATELY,Immediate,5.39
Rice,Flowering,Loamy,26.0,40.8,81.7,None,0.0,Sprinkler (Overhead),Tomato Target Spot,1.25,3.93,4.91,0.0,28.0,14.0,SUSPEND_OVERHEAD_BLIGHT,Immediate,0.0
Soybean,Vegetative,Sandy,4.9,20.6,32.6,High,27.9,Drip Irrigation,Pepper Bell Bacterial Spot,0.7,2.53,1.77,19.81,15.0,6.0,IRRIGATE_IMMEDIATELY,Immediate,3.5
Rice,Fruiting,Sandy,5.4,28.4,74.7,None,0.0,Drip Irrigation,None / Healthy,1.2,2.58,3.1,0.0,15.0,6.0,IRRIGATE_IMMEDIATELY,Immediate,4.21
Sugarcane,Seedling,Loamy,28.6,41.0,67.0,Moderate,15.6,Sprinkler (Overhead),None / Healthy,0.45,4.68,2.11,10.0,28.0,14.0,DELAY_RAIN_EXPECTED,Low,0.0
Tomato,Vegetative,Clay Loam,35.1,31.0,77.5,Low,4.7,Sprinkler (Overhead),Tomato Target Spot,0.85,2.8,2.38,1.26,34.0,18.0,SUSPEND_OVERHEAD_BLIGHT,Immediate,0.0
Rice,Fruiting,Clay Loam,26.4,33.5,90.3,Low,1.8,Flood / Surface,Tomato Yellow Leaf Curl Virus,1.2,3.0,3.6,0.0,34.0,18.0,MAINTENANCE_DRIP,Normal,3.77
Potato,Seedling,Black Soil,36.6,31.3,38.5,None,0.0,Drip Irrigation,Potato Late Blight,0.5,4.37,2.19,0.0,40.0,22.0,OPTIMAL_STANDBY,Low,0.0
Soybean,Maturity,Sandy,8.3,32.5,72.8,None,0.0,Drip Irrigation,None / Healthy,0.5,3.18,1.59,0.0,15.0,6.0,IRRIGATE_IMMEDIATELY,Immediate,3.5
Potato,Seedling,Clay Loam,45.6,40.1,73.6,None,0.0,Flood / Surface,None / Healthy,0.5,4.19,2.1,0.0,34.0,18.0,OPTIMAL_STANDBY,Low,0.0
Tomato,Fruiting,Sandy Loam,23.0,38.4,49.0,None,0.0,Sprinkler (Overhead),None / Healthy,1.2,5.21,6.25,0.0,22.0,10.0,OPTIMAL_STANDBY,Low,0.0
Corn,Seedling,Sandy Loam,18.7,23.1,58.7,Moderate,11.9,Flood / Surface,None / Healthy,0.4,2.33,0.93,7.01,22.0,10.0,DELAY_RAIN_EXPECTED,Moderate,0.0
Tomato,Vegetative,Loamy,25.6,28.3,59.2,High,24.6,Drip Irrigation,None / Healthy,0.85,3.08,2.62,17.18,28.0,14.0,DELAY_RAIN_EXPECTED,Low,0.0
Pepper Bell,Maturity,Sandy,4.0,30.0,26.8,None,0.0,Drip Irrigation,Potato Late Blight,0.85,4.55,3.87,0.0,15.0,6.0,IRRIGATE_IMMEDIATELY,Immediate,4.67
Tomato,Maturity,Sandy,15.5,32.9,87.1,Low,1.2,Sub-surface Drip,Tomato Septoria Leaf Spot,0.8,2.93,2.34,0.0,15.0,6.0,OPTIMAL_STANDBY,Low,0.0
Sugarcane,Maturity,Clay Loam,15.5,23.0,62.8,None,0.0,Drip Irrigation,Tomato Yellow Leaf Curl Virus,0.7,2.21,1.55,0.0,34.0,18.0,IRRIGATE_IMMEDIATELY,Immediate,3.5
Pepper Bell,Fruiting,Black Soil,40.8,16.9,87.8,Low,3.8,Sub-surface Drip,None / Healthy,1.1,2.0,2.2,0.57,40.0,22.0,OPTIMAL_STANDBY,Low,0.0
Tomato,Fruiting,Black Soil,41.6,40.9,42.5,None,0.0,Sub-surface Drip,None / Healthy,1.2,6.06,7.27,0.0,40.0,22.0,OPTIMAL_STANDBY,Low,0.0
Potato,Seedling,Black Soil,26.7,37.8,67.5,Low,2.8,Sprinkler (Overhead),Tomato Early Blight,0.5,4.17,2.08,0.0,40.0,22.0,SUSPEND_OVERHEAD_BLIGHT,Immediate,0.0
Pepper Bell,Flowering,Clay Loam,32.8,31.7,52.0,Moderate,16.9,Flood / Surface,None / Healthy,1.05,3.89,4.08,11.04,34.0,18.0,DELAY_RAIN_EXPECTED,Low,0.0
Pepper Bell,Flowering,Black Soil,34.5,30.1,31.1,High,27.4,Drip Irrigation,Tomato Yellow Leaf Curl Virus,1.05,4.4,4.62,19.45,40.0,22.0,DELAY_RAIN_EXPECTED,Low,0.0
Wheat,Seedling,Black Soil,49.2,36.4,74.1,Low,4.5,Sub-surface Drip,None / Healthy,0.4,3.65,1.46,1.1,40.0,22.0,OPTIMAL_STANDBY,Low,0.0
Cotton,Fruiting,Loamy,24.7,18.1,57.9,None,0.0,Flood / Surface,None / Healthy,0.85,2.0,1.7,0.0,28.0,14.0,MAINTENANCE_DRIP,Normal,1.9
Rice,Maturity,Loamy,21.0,26.0,23.0,Low,5.8,Sprinkler (Overhead),Potato Late Blight,0.95,3.83,3.64,2.16,28.0,14.0,SUSPEND_OVERHEAD_BLIGHT,Immediate,0.0
Potato,Flowering,Loamy,29.1,41.0,49.3,Low,3.0,Flood / Surface,None / Healthy,1.15,5.68,6.53,0.0,28.0,14.0,OPTIMAL_STANDBY,Low,0.0
Pepper Bell,Maturity,Loamy,12.1,32.0,54.6,Moderate,10.4,Flood / Surface,None / Healthy,0.85,3.84,3.26,5.79,28.0,14.0,IRRIGATE_IMMEDIATELY,Immediate,4.18
Rice,Seedling,Sandy Loam,7.0,15.5,42.0,None,0.0,Drip Irrigation,Tomato Target Spot,1.05,2.0,2.1,0.0,22.0,10.0,IRRIGATE_IMMEDIATELY,Immediate,3.5
Corn,Vegetative,Sandy,11.6,25.7,48.6,Low,1.5,Flood / Surface,None / Healthy,0.85,3.02,2.57,0.0,15.0,6.0,MAINTENANCE_DRIP,Normal,2.47
Wheat,Seedling,Clay Loam,31.9,17.8,21.2,None,0.0,Drip Irrigation,None / Healthy,0.4,2.21,0.88,0.0,34.0,18.0,OPTIMAL_STANDBY,Low,0.0
Potato,Vegetative,Clay Loam,30.0,29.0,89.2,None,0.0,Drip Irrigation,Tomato Septoria Leaf Spot,0.8,2.47,1.98,0.0,34.0,18.0,MAINTENANCE_DRIP,Normal,2.01
Potato,Maturity,Loamy,14.0,35.3,77.8,Low,4.3,Sprinkler (Overhead),None / Healthy,0.75,3.33,2.5,0.95,28.0,14.0,IRRIGATE_IMMEDIATELY,Immediate,3.5
Potato,Vegetative,Sandy Loam,12.9,20.3,57.9,Low,4.0,Drip Irrigation,None / Healthy,0.8,2.0,1.6,0.72,22.0,10.0,IRRIGATE_IMMEDIATELY,Immediate,3.5
Soybean,Vegetative,Loamy,27.6,24.7,56.2,None,0.0,Drip Irrigation,None / Healthy,0.7,2.64,1.85,0.0,28.0,14.0,OPTIMAL_STANDBY,Low,0.0
Potato,Maturity,Loamy,21.9,25.9,56.9,Low,5.3,Drip Irrigation,None / Healthy,0.75,2.79,2.09,1.73,28.0,14.0,MAINTENANCE_DRIP,Normal,1.91
Soybean,Flowering,Clay Loam,16.8,26.2,28.2,None,0.0,Flood / Surface,Tomato Early Blight,1.15,3.72,4.28,0.0,34.0,18.0,IRRIGATE_IMMEDIATELY,Immediate,4.75
Corn,Flowering,Sandy Loam,6.3,19.6,61.9,None,0.0,Sprinkler (Overhead),None / Healthy,1.2,2.0,2.4,0.0,22.0,10.0,IRRIGATE_IMMEDIATELY,Immediate,3.5
Tomato,Maturity,Sandy,14.7,30.7,42.2,Low,1.3,Drip Irrigation,Tomato Septoria Leaf Spot,0.8,4.11,3.29,0.0,15.0,6.0,OPTIMAL_STANDBY,Low,0.0
Cotton,Seedling,Black Soil,34.9,28.3,74.4,Moderate,12.5,Sprinkler (Overhead),None / Healthy,0.45,2.57,1.16,7.49,40.0,22.0,DELAY_RAIN_EXPECTED,Moderate,0.0
Pepper Bell,Maturity,Sandy Loam,13.0,28.1,80.3,Low,3.7,Drip Irrigation,Potato Late Blight,0.85,2.36,2.01,0.5,22.0,10.0,IRRIGATE_IMMEDIATELY,Immediate,3.5
Corn,Maturity,Clay Loam,34.9,19.6,21.0,Moderate,15.1,Drip Irrigation,Pepper Bell Bacterial Spot,0.6,2.58,1.55,9.54,34.0,18.0,DELAY_RAIN_EXPECTED,Low,0.0
Tomato,Vegetative,Clay Loam,26.1,29.9,57.0,None,0.0,Sprinkler (Overhead),None / Healthy,0.85,3.41,2.9,0.0,34.0,18.0,MAINTENANCE_DRIP,Normal,2.76
Wheat,Fruiting,Loamy,19.0,31.9,62.4,None,0.0,Drip Irrigation,Pepper Bell Bacterial Spot,0.85,3.51,2.98,0.0,28.0,14.0,IRRIGATE_IMMEDIATELY,Immediate,3.83
Potato,Maturity,Sandy,8.3,23.1,20.5,Moderate,14.5,Drip Irrigation,Potato Late Blight,0.75,3.3,2.47,9.1,15.0,6.0,IRRIGATE_IMMEDIATELY,Immediate,3.5
Wheat,Maturity,Sandy Loam,22.4,20.2,57.6,Moderate,10.9,Drip Irrigation,None / Healthy,0.35,2.0,0.7,6.18,22.0,10.0,OPTIMAL_STANDBY,Low,0.0
Potato,Seedling,Loamy,23.1,35.9,50.6,Low,5.9,Drip Irrigation,Tomato Septoria Leaf Spot,0.5,4.69,2.35,2.23,28.0,14.0,MAINTENANCE_DRIP,Normal,2.5
Potato,Flowering,Sandy Loam,9.1,17.1,55.4,None,0.0,Sprinkler (Overhead),None / Healthy,1.15,2.0,2.3,0.0,22.0,10.0,IRRIGATE_IMMEDIATELY,Immediate,3.5
Pepper Bell,Flowering,Sandy,10.5,41.6,46.4,None,0.0,Drip Irrigation,None / Healthy,1.05,5.97,6.27,0.0,15.0,6.0,MAINTENANCE_DRIP,Normal,5.5
Cotton,Vegetative,Sandy,17.0,29.3,40.9,None,0.0,Flood / Surface,None / Healthy,0.75,3.9,2.92,0.0,15.0,6.0,OPTIMAL_STANDBY,Low,0.0
Corn,Flowering,Loamy,11.4,39.1,31.0,Low,2.1,Sub-surface Drip,None / Healthy,1.2,6.3,7.56,0.0,28.0,14.0,IRRIGATE_IMMEDIATELY,Immediate,7.0
Corn,Seedling,Black Soil,29.5,36.3,60.7,Low,5.7,Drip Irrigation,None / Healthy,0.4,4.27,1.71,2.05,40.0,22.0,IRRIGATE_IMMEDIATELY,Immediate,3.5
Pepper Bell,Seedling,Black Soil,29.4,31.1,51.6,None,0.0,Sprinkler (Overhead),None / Healthy,0.6,3.81,2.29,0.0,40.0,22.0,IRRIGATE_IMMEDIATELY,Immediate,3.5
Cotton,Maturity,Sandy Loam,16.7,17.8,35.2,Moderate,10.4,Drip Irrigation,None / Healthy,0.55,2.0,1.1,5.84,22.0,10.0,DELAY_RAIN_EXPECTED,Moderate,0.0
Cotton,Flowering,Sandy,13.8,41.9,46.7,Low,3.1,Flood / Surface,None / Healthy,1.2,6.01,7.21,0.01,15.0,6.0,OPTIMAL_STANDBY,Low,0.0
Cotton,Fruiting,Sandy Loam,17.4,24.6,80.7,High,34.3,Drip Irrigation,Pepper Bell Bacterial Spot,0.85,2.0,1.7,24.91,22.0,10.0,DELAY_RAIN_EXPECTED,Low,0.0
Tomato,Vegetative,Sandy Loam,20.5,33.1,57.9,None,0.0,Sub-surface Drip,None / Healthy,0.85,3.88,3.3,0.0,22.0,10.0,OPTIMAL_STANDBY,Low,0.0
Sugarcane,Vegetative,Black Soil,47.7,40.4,75.5,Low,3.7,Drip Irrigation,None / Healthy,0.85,4.12,3.5,0.46,40.0,22.0,OPTIMAL_STANDBY,Low,0.0
Potato,Fruiting,Sandy Loam,16.9,39.3,86.3,Moderate,12.6,Sprinkler (Overhead),Pepper Bell Bacterial Spot,1.15,3.73,4.29,7.58,22.0,10.0,SUSPEND_OVERHEAD_BLIGHT,Immediate,0.0
Tomato,Seedling,Sandy,4.6,33.4,91.4,None,0.0,Sprinkler (Overhead),None / Healthy,0.6,2.99,1.79,0.0,15.0,6.0,IRRIGATE_IMMEDIATELY,Immediate,3.5
Cotton,Flowering,Black Soil,22.6,38.0,61.0,Low,3.1,Sprinkler (Overhead),Tomato Early Blight,1.2,4.53,5.44,0.0,40.0,22.0,SUSPEND_OVERHEAD_BLIGHT,Immediate,0.0
Wheat,Fruiting,Loamy,22.7,40.9,68.1,None,0.0,Drip Irrigation,None / Healthy,0.85,4.61,3.92,0.0,28.0,14.0,MAINTENANCE_DRIP,Normal,3.96
Rice,Flowering,Clay Loam,43.0,36.0,78.6,Moderate,17.2,Drip Irrigation,Pepper Bell Bacterial Spot,1.25,3.37,4.21,11.26,34.0,18.0,DELAY_RAIN_EXPECTED,Low,0.0
Corn,Flowering,Loamy,21.9,15.9,74.8,None,0.0,Drip Irrigation,Potato Late Blight,1.2,2.0,2.4,0.0,28.0,14.0,MAINTENANCE_DRIP,Normal,2.45
Wheat,Maturity,Clay Loam,28.1,38.4,38.8,High,41.3,Drip Irrigation,None / Healthy,0.35,5.75,2.01,30.55,34.0,18.0,DELAY_RAIN_EXPECTED,Low,0.0
Tomato,Fruiting,Clay Loam,31.3,35.7,44.5,None,0.0,Drip Irrigation,None / Healthy,1.2,4.94,5.93,0.0,34.0,18.0,OPTIMAL_STANDBY,Low,0.0
Potato,Vegetative,Sandy Loam,18.3,41.6,63.5,Moderate,14.0,Drip Irrigation,None / Healthy,0.8,4.99,3.99,8.67,22.0,10.0,DELAY_RAIN_EXPECTED,Low,0.0
Sugarcane,Maturity,Sandy Loam,6.3,29.8,91.3,None,0.0,Flood / Surface,None / Healthy,0.7,2.56,1.79,0.0,22.0,10.0,IRRIGATE_IMMEDIATELY,Immediate,3.5
Cotton,Vegetative,Black Soil,40.5,32.1,61.7,Low,4.2,Sub-surface Drip,None / Healthy,0.75,3.57,2.68,0.84,40.0,22.0,OPTIMAL_STANDBY,Low,0.0
Cotton,Maturity,Sandy,14.5,14.5,33.1,Low,3.4,Sprinkler (Overhead),None / Healthy,0.55,2.0,1.1,0.25,15.0,6.0,OPTIMAL_STANDBY,Low,0.0
Wheat,Vegetative,Sandy Loam,16.3,23.7,94.6,None,0.0,Flood / Surface,None / Healthy,0.75,2.0,1.5,0.0,22.0,10.0,MAINTENANCE_DRIP,Normal,1.68
Tomato,Vegetative,Sandy,14.1,19.6,88.1,High,21.5,Drip Irrigation,Potato Late Blight,0.85,2.0,1.7,14.71,15.0,6.0,DELAY_RAIN_EXPECTED,Low,0.0
Sugarcane,Maturity,Clay Loam,34.1,33.1,60.7,None,0.0,Flood / Surface,None / Healthy,0.7,3.76,2.63,0.0,34.0,18.0,OPTIMAL_STANDBY,Low,0.0
Corn,Fruiting,Black Soil,40.2,21.9,58.0,None,0.0,Sprinkler (Overhead),None / Healthy,1.1,2.17,2.39,0.0,40.0,22.0,OPTIMAL_STANDBY,Low,0.0
Potato,Fruiting,Clay Loam,40.3,35.7,41.1,Moderate,10.2,Drip Irrigation,None / Healthy,1.15,5.09,5.85,5.63,34.0,18.0,OPTIMAL_STANDBY,Low,0.0
Corn,Vegetative,Loamy,24.6,17.1,48.6,Low,4.9,Sprinkler (Overhead),Potato Late Blight,0.85,2.0,1.7,1.4,28.0,14.0,SUSPEND_OVERHEAD_BLIGHT,Immediate,0.0
Rice,Maturity,Sandy,11.3,20.8,82.9,None,0.0,Drip Irrigation,None / Healthy,0.95,2.0,1.9,0.0,15.0,6.0,MAINTENANCE_DRIP,Normal,1.94
Corn,Flowering,Black Soil,27.7,39.2,43.0,None,0.0,Drip Irrigation,None / Healthy,1.2,5.69,6.83,0.0,40.0,22.0,IRRIGATE_IMMEDIATELY,Immediate,7.0
Cotton,Seedling,Black Soil,32.0,16.1,76.7,None,0.0,Drip Irrigation,None / Healthy,0.45,2.0,0.9,0.0,40.0,22.0,MAINTENANCE_DRIP,Normal,1.5
Cotton,Fruiting,Clay Loam,47.3,19.4,23.9,None,0.0,Drip Irrigation,Tomato Yellow Leaf Curl Virus,0.85,2.48,2.11,0.0,34.0,18.0,OPTIMAL_STANDBY,Low,0.0
Tomato,Fruiting,Clay Loam,28.8,25.6,28.8,None,0.0,Flood / Surface,None / Healthy,1.2,3.59,4.31,0.0,34.0,18.0,MAINTENANCE_DRIP,Normal,4.17
Corn,Vegetative,Black Soil,26.9,18.8,43.4,None,0.0,Flood / Surface,None / Healthy,0.85,2.0,1.7,0.0,40.0,22.0,IRRIGATE_IMMEDIATELY,Immediate,3.5
Wheat,Maturity,Sandy,12.2,34.1,82.6,Low,1.1,Drip Irrigation,Tomato Early Blight,0.35,3.07,1.07,0.0,15.0,6.0,MAINTENANCE_DRIP,Normal,1.5
Pepper Bell,Vegetative,Loamy,27.4,20.8,40.8,None,0.0,Drip Irrigation,Pepper Bell Bacterial Spot,0.8,2.39,1.91,0.0,28.0,14.0,OPTIMAL_STANDBY,Low,0.0
Wheat,Fruiting,Loamy,41.3,22.9,77.9,None,0.0,Drip Irrigation,None / Healthy,0.85,2.0,1.7,0.0,28.0,14.0,OPTIMAL_STANDBY,Low,0.0
Cotton,Vegetative,Sandy Loam,6.6,22.0,40.0,Low,5.4,Sprinkler (Overhead),Tomato Target Spot,0.75,2.61,1.96,1.82,22.0,10.0,SUSPEND_OVERHEAD_BLIGHT,Immediate,0.0
Wheat,Flowering,Black Soil,24.0,32.2,81.2,None,0.0,Drip Irrigation,None / Healthy,1.15,2.85,3.28,0.0,40.0,22.0,IRRIGATE_IMMEDIATELY,Immediate,3.94
Corn,Vegetative,Loamy,23.6,40.7,47.4,None,0.0,Flood / Surface,None / Healthy,0.85,5.73,4.87,0.0,28.0,14.0,MAINTENANCE_DRIP,Normal,4.8
Cotton,Seedling,Sandy,20.0,14.3,92.5,Moderate,10.8,Flood / Surface,None / Healthy,0.45,2.0,0.9,6.1,15.0,6.0,OPTIMAL_STANDBY,Low,0.0
Corn,Seedling,Sandy,23.6,31.2,54.7,Moderate,8.0,Flood / Surface,None / Healthy,0.4,3.7,1.48,3.89,15.0,6.0,OPTIMAL_STANDBY,Low,0.0
Sugarcane,Fruiting,Sandy Loam,22.2,19.1,72.1,None,0.0,Sub-surface Drip,Tomato Target Spot,1.25,2.0,2.5,0.0,22.0,10.0,OPTIMAL_STANDBY,Low,0.0
Wheat,Flowering,Sandy Loam,22.2,40.7,41.0,None,0.0,Drip Irrigation,None / Healthy,1.15,6.09,7.0,0.0,22.0,10.0,OPTIMAL_STANDBY,Low,0.0
Sugarcane,Fruiting,Black Soil,21.9,36.1,89.1,Moderate,8.3,Drip Irrigation,None / Healthy,1.25,3.33,4.16,4.15,40.0,22.0,IRRIGATE_IMMEDIATELY,Immediate,5.19
Soybean,Seedling,Clay Loam,40.7,40.4,62.9,None,0.0,Sprinkler (Overhead),None / Healthy,0.4,4.81,1.92,0.0,34.0,18.0,OPTIMAL_STANDBY,Low,0.0
Corn,Vegetative,Loamy,34.7,14.6,55.6,None,0.0,Drip Irrigation,None / Healthy,0.85,2.0,1.7,0.0,28.0,14.0,OPTIMAL_STANDBY,Low,0.0
Cotton,Vegetative,Black Soil,21.2,22.3,38.1,None,0.0,Drip Irrigation,None / Healthy,0.75,2.71,2.03,0.0,40.0,22.0,IRRIGATE_IMMEDIATELY,Immediate,3.5
Corn,Flowering,Sandy,12.6,35.9,32.5,Moderate,7.5,Flood / Surface,Tomato Early Blight,1.2,5.54,6.65,3.53,15.0,6.0,MAINTENANCE_DRIP,Normal,5.5
Rice,Vegetative,Black Soil,35.3,36.0,69.2,None,0.0,Sprinkler (Overhead),None / Healthy,1.15,3.83,4.4,0.0,40.0,22.0,MAINTENANCE_DRIP,Normal,4.45
Wheat,Flowering,Clay Loam,22.1,30.1,52.1,None,0.0,Drip Irrigation,None / Healthy,1.15,3.62,4.16,0.0,34.0,18.0,IRRIGATE_IMMEDIATELY,Immediate,5.37
Tomato,Fruiting,Sandy Loam,15.5,23.0,89.3,Low,1.6,Sprinkler (Overhead),None / Healthy,1.2,2.0,2.4,0.0,22.0,10.0,MAINTENANCE_DRIP,Normal,2.27
Tomato,Seedling,Clay Loam,20.9,26.0,31.1,None,0.0,Sprinkler (Overhead),Tomato Septoria Leaf Spot,0.6,3.6,2.16,0.0,34.0,18.0,SUSPEND_OVERHEAD_BLIGHT,Immediate,0.0
Cotton,Seedling,Loamy,27.4,19.1,52.9,None,0.0,Sprinkler (Overhead),None / Healthy,0.45,2.0,0.9,0.0,28.0,14.0,OPTIMAL_STANDBY,Low,0.0
Rice,Flowering,Black Soil,21.4,26.7,83.9,Moderate,14.8,Drip Irrigation,None / Healthy,1.25,2.2,2.75,9.34,40.0,22.0,IRRIGATE_IMMEDIATELY,Immediate,3.5
Pepper Bell,Flowering,Loamy,28.3,35.3,74.4,Moderate,14.6,Sprinkler (Overhead),None / Healthy,1.05,3.48,3.65,9.19,28.0,14.0,DELAY_RAIN_EXPECTED,Low,0.0
Wheat,Maturity,Loamy,23.1,24.0,30.5,Moderate,11.4,Flood / Surface,Tomato Target Spot,0.35,3.22,1.13,6.61,28.0,14.0,DELAY_RAIN_EXPECTED,Moderate,0.0
Pepper Bell,Maturity,Black Soil,37.8,41.6,42.2,None,0.0,Drip Irrigation,None / Healthy,0.85,6.22,5.29,0.0,40.0,22.0,OPTIMAL_STANDBY,Low,0.0
Rice,Vegetative,Loamy,28.6,38.8,54.0,High,39.1,Flood / Surface,None / Healthy,1.15,5.04,5.8,28.75,28.0,14.0,DELAY_RAIN_EXPECTED,Low,0.0
Corn,Fruiting,Sandy,8.2,38.1,56.9,Low,3.8,Drip Irrigation,Tomato Yellow Leaf Curl Virus,1.1,4.75,5.23,0.51,15.0,6.0,IRRIGATE_IMMEDIATELY,Immediate,6.62
Wheat,Vegetative,Loamy,20.8,39.5,62.9,None,0.0,Flood / Surface,Tomato Yellow Leaf Curl Virus,0.75,4.68,3.51,0.0,28.0,14.0,MAINTENANCE_DRIP,Normal,3.49
Rice,Fruiting,Black Soil,41.2,26.4,26.2,None,0.0,Flood / Surface,None / Healthy,1.2,3.82,4.58,0.0,40.0,22.0,OPTIMAL_STANDBY,Low,0.0
Rice,Fruiting,Black Soil,34.0,35.5,93.4,Moderate,14.7,Flood / Surface,None / Healthy,1.2,3.25,3.9,9.25,40.0,22.0,DELAY_RAIN_EXPECTED,Low,0.0
Sugarcane,Flowering,Sandy Loam,19.0,27.6,48.1,High,26.4,Drip Irrigation,None / Healthy,1.25,3.34,4.17,18.58,22.0,10.0,DELAY_RAIN_EXPECTED,Low,0.0
Corn,Flowering,Loamy,29.9,36.5,93.6,Moderate,11.3,Drip Irrigation,None / Healthy,1.2,3.38,4.06,6.51,28.0,14.0,OPTIMAL_STANDBY,Low,0.0
Sugarcane,Seedling,Black Soil,39.2,27.8,35.0,None,0.0,Sprinkler (Overhead),None / Healthy,0.45,3.81,1.71,0.0,40.0,22.0,OPTIMAL_STANDBY,Low,0.0
Potato,Fruiting,Black Soil,18.5,18.5,58.0,None,0.0,Drip Irrigation,None / Healthy,1.15,2.0,2.3,0.0,40.0,22.0,IRRIGATE_IMMEDIATELY,Immediate,3.5
Cotton,Flowering,Sandy,10.6,14.0,93.5,Low,3.0,Drip Irrigation,None / Healthy,1.2,2.0,2.4,0.0,15.0,6.0,MAINTENANCE_DRIP,Normal,2.42
Corn,Maturity,Sandy Loam,6.6,20.7,52.7,Moderate,8.6,Sprinkler (Overhead),None / Healthy,0.6,2.11,1.27,4.41,22.0,10.0,IRRIGATE_IMMEDIATELY,Immediate,3.5
Cotton,Fruiting,Black Soil,33.7,34.2,44.5,None,0.0,Drip Irrigation,None / Healthy,0.85,4.65,3.95,0.0,40.0,22.0,MAINTENANCE_DRIP,Normal,3.85
Rice,Maturity,Black Soil,21.7,26.1,73.5,None,0.0,Drip Irrigation,None / Healthy,0.95,2.32,2.2,0.0,40.0,22.0,IRRIGATE_IMMEDIATELY,Immediate,3.5
Soybean,Maturity,Sandy Loam,9.9,24.6,64.2,High,22.7,Sprinkler (Overhead),None / Healthy,0.5,2.39,1.2,15.64,22.0,10.0,IRRIGATE_IMMEDIATELY,Immediate,3.5
Cotton,Fruiting,Sandy Loam,6.3,23.2,85.8,None,0.0,Drip Irrigation,None / Healthy,0.85,2.0,1.7,0.0,22.0,10.0,IRRIGATE_IMMEDIATELY,Immediate,3.5
Wheat,Seedling,Black Soil,20.8,24.3,70.3,None,0.0,Flood / Surface,None / Healthy,0.4,2.19,0.88,0.0,40.0,22.0,IRRIGATE_IMMEDIATELY,Immediate,3.5
Rice,Flowering,Black Soil,51.8,26.6,86.8,Moderate,13.8,Flood / Surface,None / Healthy,1.25,2.18,2.73,8.58,40.0,22.0,DELAY_RAIN_EXPECTED,Low,0.0
Sugarcane,Seedling,Loamy,10.5,36.0,41.2,None,0.0,Flood / Surface,Tomato Early Blight,0.45,5.15,2.32,0.0,28.0,14.0,IRRIGATE_IMMEDIATELY,Immediate,3.5
Sugarcane,Fruiting,Black Soil,23.6,37.3,83.9,None,0.0,Flood / Surface,None / Healthy,1.25,3.47,4.34,0.0,40.0,22.0,IRRIGATE_IMMEDIATELY,Immediate,5.56
Potato,Maturity,Sandy,14.4,41.5,21.9,None,0.0,Flood / Surface,Tomato Yellow Leaf Curl Virus,0.75,7.36,5.52,0.0,15.0,6.0,OPTIMAL_STANDBY,Low,0.0
Corn,Seedling,Clay Loam,17.1,24.0,21.5,None,0.0,Drip Irrigation,None / Healthy,0.4,3.47,1.39,0.0,34.0,18.0,IRRIGATE_IMMEDIATELY,Immediate,3.5
Soybean,Fruiting,Loamy,16.7,34.2,82.1,None,0.0,Drip Irrigation,None / Healthy,1.05,3.09,3.24,0.0,28.0,14.0,IRRIGATE_IMMEDIATELY,Immediate,4.11
Cotton,Maturity,Sandy Loam,30.6,25.4,42.6,Moderate,7.9,Drip Irrigation,None / Healthy,0.55,3.15,1.73,3.81,22.0,10.0,OPTIMAL_STANDBY,Low,0.0
Rice,Fruiting,Sandy Loam,10.9,28.3,78.0,Low,2.1,Drip Irrigation,Tomato Target Spot,1.2,2.46,2.95,0.0,22.0,10.0,IRRIGATE_IMMEDIATELY,Immediate,3.5
Potato,Vegetative,Sandy Loam,33.9,38.0,61.4,Low,1.2,Drip Irrigation,Potato Late Blight,0.8,4.51,3.61,0.0,22.0,10.0,OPTIMAL_STANDBY,Low,0.0
Corn,Seedling,Black Soil,29.1,37.4,69.5,None,0.0,Sprinkler (Overhead),None / Healthy,0.4,4.01,1.6,0.0,40.0,22.0,IRRIGATE_IMMEDIATELY,Immediate,3.5
Rice,Flowering,Sandy,12.7,20.8,26.4,None,0.0,Sprinkler (Overhead),Tomato Yellow Leaf Curl Virus,1.25,2.7,3.38,0.0,15.0,6.0,MAINTENANCE_DRIP,Normal,3.64
Potato,Vegetative,Sandy,16.2,35.4,49.6,None,0.0,Drip Irrigation,None / Healthy,0.8,4.64,3.71,0.0,15.0,6.0,OPTIMAL_STANDBY,Low,0.0
Cotton,Flowering,Black Soil,21.6,38.9,37.3,None,0.0,Drip Irrigation,Pepper Bell Bacterial Spot,1.2,5.92,7.1,0.0,40.0,22.0,IRRIGATE_IMMEDIATELY,Immediate,7.0
Sugarcane,Maturity,Clay Loam,15.2,42.0,42.3,Moderate,17.8,Sprinkler (Overhead),None / Healthy,0.7,6.28,4.4,11.71,34.0,18.0,IRRIGATE_IMMEDIATELY,Immediate,5.67
Tomato,Flowering,Sandy,8.8,35.8,91.7,Moderate,9.9,Sprinkler (Overhead),None / Healthy,1.15,3.29,3.78,5.44,15.0,6.0,IRRIGATE_IMMEDIATELY,Immediate,4.93
Soybean,Maturity,Sandy Loam,16.8,18.4,29.6,Low,1.1,Drip Irrigation,Tomato Target Spot,0.5,2.17,1.08,0.0,22.0,10.0,MAINTENANCE_DRIP,Normal,1.5
Wheat,Flowering,Sandy,19.5,33.9,67.7,None,0.0,Flood / Surface,Tomato Early Blight,1.15,3.59,4.13,0.0,15.0,6.0,OPTIMAL_STANDBY,Low,0.0
Tomato,Flowering,Black Soil,30.2,29.0,48.4,Low,4.8,Drip Irrigation,Pepper Bell Bacterial Spot,1.15,3.57,4.11,1.35,40.0,22.0,MAINTENANCE_DRIP,Normal,4.01
Wheat,Flowering,Sandy Loam,18.1,16.3,23.0,Low,2.3,Sub-surface Drip,None / Healthy,1.15,2.0,2.3,0.0,22.0,10.0,MAINTENANCE_DRIP,Normal,2.01
Pepper Bell,Seedling,Clay Loam,33.8,22.6,47.9,Low,1.4,Flood / Surface,None / Healthy,0.6,2.53,1.52,0.0,34.0,18.0,OPTIMAL_STANDBY,Low,0.0
Sugarcane,Fruiting,Clay Loam,33.9,18.8,35.8,High,38.9,Flood / Surface,Tomato Yellow Leaf Curl Virus,1.25,2.14,2.68,28.59,34.0,18.0,DELAY_RAIN_EXPECTED,Low,0.0
Rice,Fruiting,Loamy,25.2,17.7,90.6,None,0.0,Sprinkler (Overhead),None / Healthy,1.2,2.0,2.4,0.0,28.0,14.0,OPTIMAL_STANDBY,Low,0.0
Tomato,Maturity,Sandy Loam,16.0,26.7,78.3,None,0.0,Drip Irrigation,Tomato Early Blight,0.8,2.24,1.79,0.0,22.0,10.0,MAINTENANCE_DRIP,Normal,1.95
Potato,Fruiting,Sandy,6.9,22.9,87.2,High,19.8,Drip Irrigation,None / Healthy,1.15,2.0,2.3,13.37,15.0,6.0,IRRIGATE_IMMEDIATELY,Immediate,3.5
Wheat,Fruiting,Loamy,20.9,28.0,29.6,Low,5.0,Drip Irrigation,None / Healthy,0.85,4.03,3.43,1.52,28.0,14.0,MAINTENANCE_DRIP,Normal,3.54
Wheat,Flowering,Black Soil,38.6,20.8,58.8,None,0.0,Sprinkler (Overhead),None / Healthy,1.15,2.0,2.3,0.0,40.0,22.0,OPTIMAL_STANDBY,Low,0.0
Corn,Vegetative,Sandy,27.6,30.1,49.8,None,0.0,Sprinkler (Overhead),None / Healthy,0.85,3.72,3.16,0.0,15.0,6.0,OPTIMAL_STANDBY,Low,0.0
Wheat,Fruiting,Loamy,15.0,35.7,54.0,Moderate,16.7,Drip Irrigation,Tomato Target Spot,0.85,4.48,3.81,10.86,28.0,14.0,IRRIGATE_IMMEDIATELY,Immediate,4.81
Soybean,Maturity,Sandy Loam,23.4,25.9,35.0,Low,5.1,Drip Irrigation,None / Healthy,0.5,3.46,1.73,1.57,22.0,10.0,OPTIMAL_STANDBY,Low,0.0
Soybean,Seedling,Sandy,12.4,20.6,57.5,Low,5.0,Sprinkler (Overhead),Tomato Target Spot,0.4,2.0,0.8,1.5,15.0,6.0,SUSPEND_OVERHEAD_BLIGHT,Immediate,0.0
Corn,Flowering,Sandy Loam,17.7,34.8,83.6,None,0.0,Flood / Surface,Tomato Early Blight,1.2,3.16,3.79,0.0,22.0,10.0,MAINTENANCE_DRIP,Normal,4.12
Tomato,Seedling,Clay Loam,18.9,32.8,23.3,None,0.0,Sub-surface Drip,Pepper Bell Bacterial Spot,0.6,5.29,3.17,0.0,34.0,18.0,IRRIGATE_IMMEDIATELY,Immediate,4.21
Soybean,Fruiting,Loamy,23.0,35.8,92.2,None,0.0,Flood / Surface,None / Healthy,1.05,3.29,3.45,0.0,28.0,14.0,MAINTENANCE_DRIP,Normal,3.3
Potato,Fruiting,Sandy,11.5,15.4,86.1,Low,5.3,Sub-surface Drip,Tomato Target Spot,1.15,2.0,2.3,1.71,15.0,6.0,MAINTENANCE_DRIP,Normal,2.33
Rice,Fruiting,Black Soil,32.3,28.2,81.1,Moderate,16.2,Flood / Surface,None / Healthy,1.2,2.37,2.84,10.46,40.0,22.0,DELAY_RAIN_EXPECTED,Low,0.0
Potato,Flowering,Sandy,11.9,14.9,40.8,Low,3.5,Flood / Surface,None / Healthy,1.15,2.0,2.3,0.31,15.0,6.0,MAINTENANCE_DRIP,Normal,2.16
Sugarcane,Vegetative,Black Soil,22.4,15.4,56.0,None,0.0,Flood / Surface,None / Healthy,0.85,2.0,1.7,0.0,40.0,22.0,IRRIGATE_IMMEDIATELY,Immediate,3.5
Wheat,Fruiting,Loamy,10.1,34.7,89.4,None,0.0,Drip Irrigation,None / Healthy,0.85,3.15,2.68,0.0,28.0,14.0,IRRIGATE_IMMEDIATELY,Immediate,3.5
Pepper Bell,Fruiting,Black Soil,32.6,33.7,49.1,None,0.0,Drip Irrigation,None / Healthy,1.1,4.37,4.81,0.0,40.0,22.0,MAINTENANCE_DRIP,Normal,5.04
Potato,Maturity,Sandy Loam,18.1,16.6,91.1,Low,3.7,Drip Irrigation,None / Healthy,0.75,2.0,1.5,0.47,22.0,10.0,MAINTENANCE_DRIP,Normal,1.79
Soybean,Seedling,Sandy,14.6,18.3,47.3,Moderate,8.1,Drip Irrigation,None / Healthy,0.4,2.0,0.8,3.98,15.0,6.0,OPTIMAL_STANDBY,Low,0.0
Pepper Bell,Maturity,Loamy,23.6,28.3,22.1,Low,1.3,Flood / Surface,None / Healthy,0.85,4.36,3.71,0.0,28.0,14.0,MAINTENANCE_DRIP,Normal,3.52
Tomato,Maturity,Black Soil,30.9,31.4,22.0,None,0.0,Flood / Surface,None / Healthy,0.8,5.02,4.02,0.0,40.0,22.0,MAINTENANCE_DRIP,Normal,3.93
Soybean,Flowering,Sandy Loam,28.2,31.1,94.8,Low,5.9,Drip Irrigation,Tomato Early Blight,1.15,2.71,3.12,2.2,22.0,10.0,OPTIMAL_STANDBY,Low,0.0
Potato,Fruiting,Loamy,29.0,41.0,91.0,None,0.0,Flood / Surface,None / Healthy,1.15,3.96,4.55,0.0,28.0,14.0,OPTIMAL_STANDBY,Low,0.0
Wheat,Seedling,Loamy,17.3,41.7,24.0,None,0.0,Sprinkler (Overhead),Pepper Bell Bacterial Spot,0.4,7.29,2.92,0.0,28.0,14.0,SUSPEND_OVERHEAD_BLIGHT,Immediate,0.0
Rice,Flowering,Loamy,17.3,25.1,84.6,Low,2.7,Sprinkler (Overhead),None / Healthy,1.25,2.02,2.52,0.0,28.0,14.0,IRRIGATE_IMMEDIATELY,Immediate,3.5
Cotton,Fruiting,Black Soil,27.7,21.4,86.9,None,0.0,Sprinkler (Overhead),None / Healthy,0.85,2.0,1.7,0.0,40.0,22.0,IRRIGATE_IMMEDIATELY,Immediate,3.5
Pepper Bell,Vegetative,Sandy Loam,18.4,19.7,31.1,Moderate,10.9,Sub-surface Drip,Pepper Bell Bacterial Spot,0.8,2.39,1.91,6.21,22.0,10.0,DELAY_RAIN_EXPECTED,Moderate,0.0
Rice,Maturity,Loamy,18.9,35.0,38.4,None,0.0,Drip Irrigation,Pepper Bell Bacterial Spot,0.95,5.09,4.84,0.0,28.0,14.0,IRRIGATE_IMMEDIATELY,Immediate,5.86
Tomato,Fruiting,Clay Loam,35.6,35.8,55.2,None,0.0,Sub-surface Drip,None / Healthy,1.2,4.45,5.34,0.0,34.0,18.0,OPTIMAL_STANDBY,Low,0.0
Tomato,Fruiting,Clay Loam,24.2,33.1,54.9,Moderate,8.3,Drip Irrigation,Tomato Target Spot,1.2,4.01,4.81,4.17,34.0,18.0,IRRIGATE_IMMEDIATELY,Immediate,6.43
Cotton,Fruiting,Clay Loam,16.6,30.4,69.5,None,0.0,Flood / Surface,Tomato Target Spot,0.85,3.03,2.58,0.0,34.0,18.0,IRRIGATE_IMMEDIATELY,Immediate,3.5
Tomato,Maturity,Black Soil,40.5,37.6,64.6,None,0.0,Sprinkler (Overhead),None / Healthy,0.8,4.29,3.43,0.0,40.0,22.0,OPTIMAL_STANDBY,Low,0.0
Corn,Flowering,Black Soil,31.1,36.5,81.7,None,0.0,Flood / Surface,None / Healthy,1.2,3.38,4.06,0.0,40.0,22.0,MAINTENANCE_DRIP,Normal,3.95
Sugarcane,Flowering,Loamy,25.6,20.6,31.4,Low,2.9,Flood / Surface,Tomato Early Blight,1.25,2.56,3.2,0.0,28.0,14.0,OPTIMAL_STANDBY,Low,0.0
Corn,Maturity,Sandy Loam,18.6,38.5,93.3,None,0.0,Sprinkler (Overhead),Tomato Target Spot,0.6,3.63,2.18,0.0,22.0,10.0,SUSPEND_OVERHEAD_BLIGHT,Immediate,0.0
Rice,Vegetative,Clay Loam,29.6,15.1,56.6,None,0.0,Sub-surface Drip,Tomato Target Spot,1.15,2.0,2.3,0.0,34.0,18.0,MAINTENANCE_DRIP,Normal,2.27
Corn,Flowering,Black Soil,40.1,21.8,53.3,None,0.0,Drip Irrigation,None / Healthy,1.2,2.27,2.72,0.0,40.0,22.0,OPTIMAL_STANDBY,Low,0.0
Sugarcane,Seedling,Sandy Loam,21.2,22.8,73.1,None,0.0,Drip Irrigation,None / Healthy,0.45,2.0,0.9,0.0,22.0,10.0,OPTIMAL_STANDBY,Low,0.0
Cotton,Seedling,Sandy,12.0,40.7,86.2,None,0.0,Flood / Surface,Pepper Bell Bacterial Spot,0.45,3.92,1.76,0.0,15.0,6.0,MAINTENANCE_DRIP,Normal,1.91
Potato,Maturity,Loamy,25.4,32.9,38.2,High,34.5,Sprinkler (Overhead),Pepper Bell Bacterial Spot,0.75,4.68,3.51,25.09,28.0,14.0,SUSPEND_OVERHEAD_BLIGHT,Immediate,0.0
Pepper Bell,Flowering,Clay Loam,32.2,25.3,92.5,None,0.0,Drip Irrigation,Tomato Septoria Leaf Spot,1.05,2.04,2.14,0.0,34.0,18.0,OPTIMAL_STANDBY,Low,0.0
Potato,Fruiting,Loamy,21.7,19.3,78.0,None,0.0,Drip Irrigation,Potato Late Blight,1.15,2.0,2.3,0.0,28.0,14.0,MAINTENANCE_DRIP,Normal,2.35
Potato,Vegetative,Sandy Loam,8.3,23.9,35.8,Low,4.9,Drip Irrigation,None / Healthy,0.8,3.06,2.45,1.39,22.0,10.0,IRRIGATE_IMMEDIATELY,Immediate,3.5
Cotton,Seedling,Sandy Loam,18.0,28.4,64.1,None,0.0,Drip Irrigation,None / Healthy,0.45,2.93,1.32,0.0,22.0,10.0,MAINTENANCE_DRIP,Normal,1.55
Soybean,Fruiting,Loamy,27.7,14.4,52.9,High,40.3,Sprinkler (Overhead),None / Healthy,1.05,2.0,2.1,29.77,28.0,14.0,DELAY_RAIN_EXPECTED,Low,0.0
Soybean,Vegetative,Sandy,13.0,27.8,46.6,Low,5.1,Sub-surface Drip,None / Healthy,0.7,3.43,2.4,1.55,15.0,6.0,MAINTENANCE_DRIP,Normal,2.34
Soybean,Vegetative,Clay Loam,22.7,19.4,64.6,Moderate,15.3,Sprinkler (Overhead),None / Healthy,0.7,2.0,1.4,9.75,34.0,18.0,DELAY_RAIN_EXPECTED,Low,0.0
Wheat,Maturity,Clay Loam,37.4,35.4,83.5,Moderate,17.0,Drip Irrigation,None / Healthy,0.35,3.23,1.13,11.1,34.0,18.0,DELAY_RAIN_EXPECTED,Low,0.0
Corn,Seedling,Clay Loam,26.1,32.0,32.0,High,25.2,Sprinkler (Overhead),Tomato Septoria Leaf Spot,0.4,4.76,1.9,17.66,34.0,18.0,SUSPEND_OVERHEAD_BLIGHT,Immediate,0.0
Cotton,Vegetative,Clay Loam,26.1,37.8,67.7,Low,1.7,Drip Irrigation,Potato Late Blight,0.75,4.16,3.12,0.0,34.0,18.0,MAINTENANCE_DRIP,Normal,2.94
Corn,Maturity,Clay Loam,42.0,21.6,38.3,Low,2.3,Sprinkler (Overhead),Pepper Bell Bacterial Spot,0.6,2.58,1.55,0.0,34.0,18.0,SUSPEND_OVERHEAD_BLIGHT,Immediate,0.0
Cotton,Vegetative,Clay Loam,24.3,20.9,50.7,Moderate,14.3,Flood / Surface,Pepper Bell Bacterial Spot,0.75,2.19,1.64,8.91,34.0,18.0,DELAY_RAIN_EXPECTED,Low,0.0
Soybean,Seedling,Sandy Loam,18.7,33.4,84.9,High,39.9,Drip Irrigation,None / Healthy,0.4,3.0,1.2,29.4,22.0,10.0,DELAY_RAIN_EXPECTED,Low,0.0
Rice,Seedling,Sandy Loam,16.7,18.4,84.8,None,0.0,Flood / Surface,None / Healthy,1.05,2.0,2.1,0.0,22.0,10.0,MAINTENANCE_DRIP,Normal,2.05
Soybean,Flowering,Black Soil,32.7,21.9,93.9,Low,1.3,Drip Irrigation,None / Healthy,1.15,2.0,2.3,0.0,40.0,22.0,MAINTENANCE_DRIP,Normal,2.2
Wheat,Fruiting,Sandy,10.8,14.4,58.1,None,0.0,Drip Irrigation,None / Healthy,0.85,2.0,1.7,0.0,15.0,6.0,MAINTENANCE_DRIP,Normal,1.63
Corn,Maturity,Clay Loam,19.5,14.7,73.1,Low,2.7,Flood / Surface,None / Healthy,0.6,2.0,1.2,0.0,34.0,18.0,IRRIGATE_IMMEDIATELY,Immediate,3.5
Wheat,Maturity,Black Soil,19.4,27.5,94.6,High,36.5,Drip Irrigation,None / Healthy,0.35,2.29,0.8,26.71,40.0,22.0,IRRIGATE_IMMEDIATELY,Immediate,3.5
Cotton,Maturity,Clay Loam,34.3,32.4,47.3,None,0.0,Drip Irrigation,Tomato Yellow Leaf Curl Virus,0.55,4.21,2.32,0.0,34.0,18.0,OPTIMAL_STANDBY,Low,0.0
Tomato,Flowering,Sandy Loam,29.6,34.2,69.1,High,23.3,Drip Irrigation,None / Healthy,1.15,3.57,4.11,16.13,22.0,10.0,DELAY_RAIN_EXPECTED,Low,0.0
Wheat,Fruiting,Black Soil,24.7,15.0,79.9,Moderate,8.5,Flood / Surface,Tomato Early Blight,0.85,2.0,1.7,4.31,40.0,22.0,IRRIGATE_IMMEDIATELY,Immediate,3.5
Pepper Bell,Fruiting,Clay Loam,17.8,23.6,54.5,None,0.0,Sub-surface Drip,None / Healthy,1.1,2.51,2.76,0.0,34.0,18.0,IRRIGATE_IMMEDIATELY,Immediate,3.5
Cotton,Fruiting,Clay Loam,34.6,37.1,61.0,Moderate,10.5,Sub-surface Drip,None / Healthy,0.85,4.39,3.73,5.89,34.0,18.0,OPTIMAL_STANDBY,Low,0.0
Cotton,Fruiting,Loamy,13.8,37.5,74.0,Moderate,16.9,Flood / Surface,None / Healthy,0.85,3.8,3.23,10.99,28.0,14.0,IRRIGATE_IMMEDIATELY,Immediate,3.67
Pepper Bell,Maturity,Sandy Loam,34.6,21.7,23.8,None,0.0,Sprinkler (Overhead),None / Healthy,0.85,2.94,2.5,0.0,22.0,10.0,OPTIMAL_STANDBY,Low,0.0
Potato,Seedling,Clay Loam,28.2,27.8,90.4,None,0.0,Sprinkler (Overhead),Tomato Early Blight,0.5,2.32,1.16,0.0,34.0,18.0,SUSPEND_OVERHEAD_BLIGHT,Immediate,0.0
Wheat,Vegetative,Sandy,11.4,19.5,29.7,Moderate,9.6,Sprinkler (Overhead),Pepper Bell Bacterial Spot,0.75,2.39,1.79,5.15,15.0,6.0,SUSPEND_OVERHEAD_BLIGHT,Immediate,0.0
Tomato,Seedling,Loamy,28.6,31.9,91.2,Moderate,7.5,Flood / Surface,Pepper Bell Bacterial Spot,0.6,2.81,1.69,3.53,28.0,14.0,OPTIMAL_STANDBY,Low,0.0
Soybean,Fruiting,Black Soil,38.3,26.4,45.2,Low,3.3,Flood / Surface,None / Healthy,1.05,3.25,3.41,0.17,40.0,22.0,OPTIMAL_STANDBY,Low,0.0
Potato,Fruiting,Black Soil,48.5,19.3,70.8,Moderate,14.8,Flood / Surface,Tomato Target Spot,1.15,2.0,2.3,9.37,40.0,22.0,DELAY_RAIN_EXPECTED,Low,0.0
Cotton,Maturity,Sandy Loam,18.8,18.8,21.7,None,0.0,Drip Irrigation,None / Healthy,0.55,2.4,1.32,0.0,22.0,10.0,MAINTENANCE_DRIP,Normal,1.5
Cotton,Fruiting,Loamy,21.4,40.6,22.7,High,38.4,Sub-surface Drip,None / Healthy,0.85,7.1,6.03,28.22,28.0,14.0,DELAY_RAIN_EXPECTED,Low,0.0
Pepper Bell,Fruiting,Black Soil,51.0,18.4,35.5,None,0.0,Flood / Surface,None / Healthy,1.1,2.08,2.29,0.0,40.0,22.0,OPTIMAL_STANDBY,Low,0.0
Sugarcane,Fruiting,Clay Loam,17.6,18.9,75.0,Low,2.8,Drip Irrigation,None / Healthy,1.25,2.0,2.5,0.0,34.0,18.0,IRRIGATE_IMMEDIATELY,Immediate,3.5
Soybean,Fruiting,Clay Loam,35.7,20.2,68.6,Moderate,7.3,Flood / Surface,None / Healthy,1.05,2.0,2.1,3.33,34.0,18.0,OPTIMAL_STANDBY,Low,0.0
Corn,Fruiting,Clay Loam,21.7,34.1,30.7,None,0.0,Flood / Surface,None / Healthy,1.1,5.25,5.78,0.0,34.0,18.0,IRRIGATE_IMMEDIATELY,Immediate,7.0
Sugarcane,Maturity,Sandy,9.0,41.9,33.0,None,0.0,Drip Irrigation,None / Healthy,0.7,6.81,4.77,0.0,15.0,6.0,IRRIGATE_IMMEDIATELY,Immediate,6.11
Pepper Bell,Flowering,Sandy,11.3,25.7,51.6,None,0.0,Sub-surface Drip,Tomato Yellow Leaf Curl Virus,1.05,2.93,3.08,0.0,15.0,6.0,MAINTENANCE_DRIP,Normal,3.26
Potato,Fruiting,Loamy,29.5,23.6,51.6,None,0.0,Flood / Surface,Tomato Septoria Leaf Spot,1.15,2.59,2.98,0.0,28.0,14.0,OPTIMAL_STANDBY,Low,0.0
Cotton,Maturity,Sandy,11.0,40.6,31.3,Moderate,12.5,Sub-surface Drip,None / Healthy,0.55,6.62,3.64,7.48,15.0,6.0,DELAY_RAIN_EXPECTED,Moderate,0.0
Tomato,Maturity,Sandy,8.9,29.4,43.5,None,0.0,Sub-surface Drip,None / Healthy,0.8,3.83,3.06,0.0,15.0,6.0,IRRIGATE_IMMEDIATELY,Immediate,4.06
Wheat,Seedling,Loamy,18.3,14.7,81.9,Moderate,8.9,Sub-surface Drip,None / Healthy,0.4,2.0,0.8,4.66,28.0,14.0,IRRIGATE_IMMEDIATELY,Immediate,3.5
Cotton,Vegetative,Clay Loam,27.6,21.9,85.0,None,0.0,Drip Irrigation,None / Healthy,0.75,2.0,1.5,0.0,34.0,18.0,MAINTENANCE_DRIP,Normal,1.5
Rice,Fruiting,Sandy,12.4,30.1,56.3,Low,5.2,Sub-surface Drip,None / Healthy,1.2,3.48,4.18,1.68,15.0,6.0,MAINTENANCE_DRIP,Normal,4.14
Soybean,Maturity,Sandy Loam,9.5,14.9,26.8,None,0.0,Sprinkler (Overhead),Tomato Target Spot,0.5,2.0,1.0,0.0,22.0,10.0,SUSPEND_OVERHEAD_BLIGHT,Immediate,0.0
Tomato,Vegetative,Clay Loam,29.5,18.7,24.8,High,26.6,Drip Irrigation,None / Healthy,0.85,2.33,1.98,18.8,34.0,18.0,DELAY_RAIN_EXPECTED,Low,0.0
Corn,Vegetative,Clay Loam,15.5,36.8,36.6,None,0.0,Drip Irrigation,None / Healthy,0.85,5.52,4.69,0.0,34.0,18.0,IRRIGATE_IMMEDIATELY,Immediate,5.54
Rice,Fruiting,Sandy Loam,18.8,30.5,21.0,Low,5.5,Flood / Surface,Tomato Yellow Leaf Curl Virus,1.2,4.87,5.84,1.91,22.0,10.0,MAINTENANCE_DRIP,Normal,5.5
Cotton,Seedling,Sandy Loam,11.4,39.1,79.1,None,0.0,Sprinkler (Overhead),None / Healthy,0.45,3.75,1.69,0.0,22.0,10.0,IRRIGATE_IMMEDIATELY,Immediate,3.5
Potato,Fruiting,Loamy,21.1,20.8,54.6,None,0.0,Sprinkler (Overhead),None / Healthy,1.15,2.09,2.4,0.0,28.0,14.0,MAINTENANCE_DRIP,Normal,2.51
Rice,Flowering,Loamy,22.7,15.5,58.2,None,0.0,Sprinkler (Overhead),None / Healthy,1.25,2.0,2.5,0.0,28.0,14.0,MAINTENANCE_DRIP,Normal,2.25
Wheat,Seedling,Clay Loam,34.8,17.7,30.3,Low,4.9,Sub-surface Drip,None / Healthy,0.4,2.03,0.81,1.39,34.0,18.0,OPTIMAL_STANDBY,Low,0.0
Tomato,Vegetative,Clay Loam,16.4,21.2,47.3,High,41.7,Sprinkler (Overhead),Pepper Bell Bacterial Spot,0.85,2.32,1.97,30.86,34.0,18.0,SUSPEND_OVERHEAD_BLIGHT,Immediate,0.0
Soybean,Fruiting,Sandy,15.2,19.3,36.7,Low,5.0,Sprinkler (Overhead),None / Healthy,1.05,2.21,2.32,1.51,15.0,6.0,OPTIMAL_STANDBY,Low,0.0
Potato,Seedling,Sandy Loam,8.2,20.8,25.9,None,0.0,Drip Irrigation,None / Healthy,0.5,2.71,1.35,0.0,22.0,10.0,IRRIGATE_IMMEDIATELY,Immediate,3.5
Soybean,Vegetative,Sandy Loam,9.1,37.9,73.2,Low,5.4,Sprinkler (Overhead),None / Healthy,0.7,3.9,2.73,1.86,22.0,10.0,IRRIGATE_IMMEDIATELY,Immediate,3.5
Corn,Seedling,Black Soil,25.5,38.3,45.5,None,0.0,Drip Irrigation,Potato Late Blight,0.4,5.38,2.15,0.0,40.0,22.0,IRRIGATE_IMMEDIATELY,Immediate,3.5
Corn,Flowering,Sandy Loam,30.8,36.5,52.5,Low,3.8,Drip Irrigation,Pepper Bell Bacterial Spot,1.2,4.7,5.64,0.54,22.0,10.0,OPTIMAL_STANDBY,Low,0.0
Potato,Maturity,Sandy Loam,16.7,42.0,68.9,None,0.0,Sprinkler (Overhead),None / Healthy,0.75,4.73,3.55,0.0,22.0,10.0,MAINTENANCE_DRIP,Normal,3.23
Soybean,Vegetative,Sandy,7.1,21.2,36.3,None,0.0,Drip Irrigation,None / Healthy,0.7,2.55,1.78,0.0,15.0,6.0,IRRIGATE_IMMEDIATELY,Immediate,3.5
Wheat,Flowering,Sandy,16.1,33.2,51.0,Low,2.8,Drip Irrigation,None / Healthy,1.15,4.19,4.82,0.0,15.0,6.0,OPTIMAL_STANDBY,Low,0.0
Wheat,Maturity,Loamy,15.0,20.0,45.8,Low,5.4,Sub-surface Drip,None / Healthy,0.35,2.15,0.75,1.8,28.0,14.0,IRRIGATE_IMMEDIATELY,Immediate,3.5
Pepper Bell,Maturity,Loamy,20.5,14.0,28.6,None,0.0,Drip Irrigation,None / Healthy,0.85,2.0,1.7,0.0,28.0,14.0,MAINTENANCE_DRIP,Normal,1.68
Soybean,Vegetative,Sandy Loam,29.9,14.3,86.0,Moderate,11.9,Flood / Surface,None / Healthy,0.7,2.0,1.4,7.01,22.0,10.0,OPTIMAL_STANDBY,Low,0.0
Pepper Bell,Flowering,Loamy,21.4,38.9,82.3,None,0.0,Sub-surface Drip,None / Healthy,1.05,3.69,3.87,0.0,28.0,14.0,MAINTENANCE_DRIP,Normal,3.86
Soybean,Vegetative,Black Soil,30.5,26.7,78.1,High,24.0,Sprinkler (Overhead),None / Healthy,0.7,2.26,1.58,16.72,40.0,22.0,DELAY_RAIN_EXPECTED,Low,0.0
Sugarcane,Fruiting,Sandy Loam,23.6,28.4,26.5,Low,4.7,Flood / Surface,None / Healthy,1.25,4.23,5.29,1.24,22.0,10.0,OPTIMAL_STANDBY,Low,0.0
Wheat,Fruiting,Sandy Loam,18.2,27.3,94.8,None,0.0,Drip Irrigation,Tomato Early Blight,0.85,2.26,1.92,0.0,22.0,10.0,MAINTENANCE_DRIP,Normal,1.75
Soybean,Fruiting,Black Soil,30.4,39.1,48.6,Low,4.4,Sprinkler (Overhead),Tomato Early Blight,1.05,5.37,5.64,1.06,40.0,22.0,SUSPEND_OVERHEAD_BLIGHT,Immediate,0.0
Wheat,Vegetative,Sandy,14.5,20.3,32.2,High,30.9,Sprinkler (Overhead),None / Healthy,0.75,2.47,1.85,22.21,15.0,6.0,DELAY_RAIN_EXPECTED,Low,0.0
Pepper Bell,Fruiting,Loamy,36.1,32.3,51.2,Low,1.5,Drip Irrigation,None / Healthy,1.1,4.03,4.43,0.0,28.0,14.0,OPTIMAL_STANDBY,Low,0.0
Wheat,Seedling,Loamy,20.8,38.4,43.8,None,0.0,Drip Irrigation,None / Healthy,0.4,5.49,2.2,0.0,28.0,14.0,MAINTENANCE_DRIP,Normal,2.15
Tomato,Flowering,Clay Loam,27.0,26.1,49.5,Low,6.0,Flood / Surface,Tomato Yellow Leaf Curl Virus,1.15,3.05,3.51,2.26,34.0,18.0,MAINTENANCE_DRIP,Normal,3.65
Soybean,Flowering,Loamy,27.5,24.2,48.0,None,0.0,Flood / Surface,None / Healthy,1.15,2.78,3.2,0.0,28.0,14.0,OPTIMAL_STANDBY,Low,0.0
Cotton,Seedling,Sandy,15.6,38.3,70.5,None,0.0,Drip Irrigation,None / Healthy,0.45,4.09,1.84,0.0,15.0,6.0,OPTIMAL_STANDBY,Low,0.0
Cotton,Seedling,Black Soil,38.9,17.3,31.6,Low,5.2,Sprinkler (Overhead),Tomato Early Blight,0.45,2.0,0.9,1.64,40.0,22.0,SUSPEND_OVERHEAD_BLIGHT,Immediate,0.0
Cotton,Vegetative,Clay Loam,28.7,15.8,24.9,Moderate,7.5,Drip Irrigation,None / Healthy,0.75,2.0,1.5,3.48,34.0,18.0,MAINTENANCE_DRIP,Normal,1.59
Rice,Vegetative,Loamy,28.1,25.0,33.6,Low,4.0,Drip Irrigation,None / Healthy,1.15,3.33,3.83,0.71,28.0,14.0,OPTIMAL_STANDBY,Low,0.0
Wheat,Fruiting,Loamy,23.2,35.0,52.3,Low,3.3,Drip Irrigation,None / Healthy,0.85,4.45,3.78,0.13,28.0,14.0,MAINTENANCE_DRIP,Normal,3.61
Potato,Maturity,Clay Loam,19.0,41.0,32.9,None,0.0,Sprinkler (Overhead),Tomato Septoria Leaf Spot,0.75,6.61,4.96,0.0,34.0,18.0,SUSPEND_OVERHEAD_BLIGHT,Immediate,0.0
Soybean,Flowering,Sandy,11.8,22.3,51.7,None,0.0,Drip Irrigation,None / Healthy,1.15,2.38,2.74,0.0,15.0,6.0,MAINTENANCE_DRIP,Normal,2.64
Wheat,Fruiting,Sandy Loam,11.2,31.8,92.3,Moderate,8.7,Flood / Surface,None / Healthy,0.85,2.8,2.38,4.49,22.0,10.0,IRRIGATE_IMMEDIATELY,Immediate,3.5
Sugarcane,Seedling,Clay Loam,32.2,25.9,45.6,None,0.0,Drip Irrigation,None / Healthy,0.45,3.14,1.41,0.0,34.0,18.0,OPTIMAL_STANDBY,Low,0.0
Potato,Vegetative,Black Soil,37.4,25.9,82.1,High,23.3,Drip Irrigation,None / Healthy,0.8,2.11,1.69,16.17,40.0,22.0,DELAY_RAIN_EXPECTED,Low,0.0
Pepper Bell,Seedling,Sandy,12.7,19.2,61.8,None,0.0,Sprinkler (Overhead),Tomato Early Blight,0.6,2.0,1.2,0.0,15.0,6.0,SUSPEND_OVERHEAD_BLIGHT,Immediate,0.0
Soybean,Fruiting,Sandy,10.6,31.7,75.9,Low,2.5,Sprinkler (Overhead),Pepper Bell Bacterial Spot,1.05,2.95,3.1,0.0,15.0,6.0,SUSPEND_OVERHEAD_BLIGHT,Immediate,0.0
Wheat,Fruiting,Sandy,11.5,35.6,67.0,Low,1.1,Flood / Surface,Tomato Target Spot,0.85,3.87,3.29,0.0,15.0,6.0,MAINTENANCE_DRIP,Normal,3.24
Rice,Flowering,Loamy,24.2,31.7,20.1,None,0.0,Flood / Surface,None / Healthy,1.25,5.17,6.46,0.0,28.0,14.0,MAINTENANCE_DRIP,Normal,5.5
Wheat,Fruiting,Clay Loam,30.0,33.0,82.0,High,26.0,Sprinkler (Overhead),Tomato Septoria Leaf Spot,0.85,2.94,2.5,18.34,34.0,18.0,SUSPEND_OVERHEAD_BLIGHT,Immediate,0.0
Wheat,Flowering,Loamy,23.8,36.3,46.2,None,0.0,Drip Irrigation,None / Healthy,1.15,4.97,5.72,0.0,28.0,14.0,MAINTENANCE_DRIP,Normal,5.5
Potato,Seedling,Loamy,13.2,15.5,26.3,Moderate,9.2,Drip Irrigation,None / Healthy,0.5,2.0,1.0,4.89,28.0,14.0,IRRIGATE_IMMEDIATELY,Immediate,3.5
Wheat,Vegetative,Clay Loam,32.5,19.9,94.6,Moderate,15.5,Flood / Surface,None / Healthy,0.75,2.0,1.5,9.91,34.0,18.0,DELAY_RAIN_EXPECTED,Low,0.0
Wheat,Flowering,Clay Loam,16.3,37.7,66.6,None,0.0,Flood / Surface,None / Healthy,1.15,4.21,4.84,0.0,34.0,18.0,IRRIGATE_IMMEDIATELY,Immediate,6.18
Sugarcane,Flowering,Sandy Loam,22.2,28.8,93.7,None,0.0,Flood / Surface,None / Healthy,1.25,2.44,3.05,0.0,22.0,10.0,OPTIMAL_STANDBY,Low,0.0
Soybean,Flowering,Black Soil,19.4,37.2,87.0,None,0.0,Sprinkler (Overhead),None / Healthy,1.15,3.47,3.99,0.0,40.0,22.0,IRRIGATE_IMMEDIATELY,Immediate,4.98
Wheat,Maturity,Clay Loam,26.1,36.5,92.2,Low,3.0,Sprinkler (Overhead),Tomato Early Blight,0.35,3.38,1.18,0.0,34.0,18.0,SUSPEND_OVERHEAD_BLIGHT,Immediate,0.0
Rice,Flowering,Loamy,21.1,16.6,58.1,None,0.0,Drip Irrigation,Tomato Early Blight,1.25,2.0,2.5,0.0,28.0,14.0,MAINTENANCE_DRIP,Normal,2.57
Sugarcane,Vegetative,Loamy,41.4,40.7,39.7,None,0.0,Flood / Surface,None / Healthy,0.85,6.17,5.24,0.0,28.0,14.0,OPTIMAL_STANDBY,Low,0.0
Wheat,Seedling,Loamy,21.5,33.2,27.9,Moderate,12.8,Flood / Surface,Tomato Yellow Leaf Curl Virus,0.4,5.17,2.07,7.7,28.0,14.0,DELAY_RAIN_EXPECTED,Moderate,0.0
Cotton,Flowering,Loamy,22.3,21.8,32.2,None,0.0,Flood / Surface,None / Healthy,1.2,2.77,3.32,0.0,28.0,14.0,MAINTENANCE_DRIP,Normal,3.15
Soybean,Flowering,Loamy,32.2,30.7,58.4,Low,5.2,Sprinkler (Overhead),Tomato Early Blight,1.15,3.48,4.0,1.65,28.0,14.0,SUSPEND_OVERHEAD_BLIGHT,Immediate,0.0
Cotton,Vegetative,Clay Loam,32.3,21.6,66.8,None,0.0,Drip Irrigation,None / Healthy,0.75,2.0,1.5,0.0,34.0,18.0,OPTIMAL_STANDBY,Low,0.0
Potato,Flowering,Black Soil,34.1,16.0,40.1,Moderate,8.7,Flood / Surface,Tomato Target Spot,1.15,2.0,2.3,4.46,40.0,22.0,DELAY_RAIN_EXPECTED,Moderate,0.0
Corn,Vegetative,Black Soil,34.2,20.6,91.2,None,0.0,Flood / Surface,None / Healthy,0.85,2.0,1.7,0.0,40.0,22.0,MAINTENANCE_DRIP,Normal,1.7
Wheat,Seedling,Sandy,5.3,18.8,74.7,None,0.0,Drip Irrigation,None / Healthy,0.4,2.0,0.8,0.0,15.0,6.0,IRRIGATE_IMMEDIATELY,Immediate,3.5
Cotton,Seedling,Loamy,20.6,35.2,37.0,Low,4.3,Flood / Surface,None / Healthy,0.45,5.18,2.33,0.95,28.0,14.0,MAINTENANCE_DRIP,Normal,2.42
Soybean,Flowering,Sandy Loam,10.4,40.8,84.8,High,27.9,Drip Irrigation,None / Healthy,1.15,3.93,4.52,19.78,22.0,10.0,IRRIGATE_IMMEDIATELY,Immediate,5.53
Sugarcane,Vegetative,Sandy,16.0,22.5,62.4,Low,1.6,Drip Irrigation,None / Healthy,0.85,2.15,1.83,0.0,15.0,6.0,OPTIMAL_STANDBY,Low,0.0
Pepper Bell,Fruiting,Sandy,14.6,37.8,42.5,Moderate,9.9,Flood / Surface,Tomato Early Blight,1.1,5.43,5.97,5.39,15.0,6.0,OPTIMAL_STANDBY,Low,0.0
Soybean,Maturity,Clay Loam,45.3,32.4,87.2,High,42.5,Flood / Surface,None / Healthy,0.5,2.87,1.44,31.54,34.0,18.0,DELAY_RAIN_EXPECTED,Low,0.0
Wheat,Flowering,Sandy Loam,15.8,23.5,73.5,None,0.0,Drip Irrigation,None / Healthy,1.15,2.0,2.3,0.0,22.0,10.0,MAINTENANCE_DRIP,Normal,2.59
Cotton,Flowering,Black Soil,39.0,36.0,51.0,None,0.0,Sprinkler (Overhead),Tomato Septoria Leaf Spot,1.2,4.69,5.63,0.0,40.0,22.0,SUSPEND_OVERHEAD_BLIGHT,Immediate,0.0
Wheat,Vegetative,Black Soil,33.5,33.8,75.9,Low,4.6,Drip Irrigation,None / Healthy,0.75,3.22,2.42,1.21,40.0,22.0,MAINTENANCE_DRIP,Normal,2.53
Soybean,Flowering,Sandy Loam,18.0,35.9,67.7,High,31.9,Sprinkler (Overhead),Potato Late Blight,1.15,3.88,4.46,23.0,22.0,10.0,SUSPEND_OVERHEAD_BLIGHT,Immediate,0.0
Sugarcane,Fruiting,Sandy,5.8,17.3,74.9,High,44.4,Flood / Surface,None / Healthy,1.25,2.0,2.5,33.05,15.0,6.0,IRRIGATE_IMMEDIATELY,Immediate,3.5
Sugarcane,Vegetative,Clay Loam,47.4,29.7,59.6,Moderate,13.8,Drip Irrigation,None / Healthy,0.85,3.28,2.79,8.52,34.0,18.0,DELAY_RAIN_EXPECTED,Low,0.0
Pepper Bell,Seedling,Sandy Loam,18.8,28.6,93.3,Low,5.9,Drip Irrigation,None / Healthy,0.6,2.41,1.45,2.24,22.0,10.0,MAINTENANCE_DRIP,Normal,1.55
Rice,Seedling,Sandy,12.7,30.8,89.4,Low,2.1,Sprinkler (Overhead),None / Healthy,1.05,2.68,2.81,0.0,15.0,6.0,MAINTENANCE_DRIP,Normal,2.91
Cotton,Maturity,Loamy,27.0,40.5,70.6,None,0.0,Drip Irrigation,None / Healthy,0.55,4.41,2.43,0.0,28.0,14.0,OPTIMAL_STANDBY,Low,0.0
Potato,Maturity,Sandy Loam,24.7,35.3,52.2,None,0.0,Sprinkler (Overhead),None / Healthy,0.75,4.5,3.38,0.0,22.0,10.0,OPTIMAL_STANDBY,Low,0.0
Soybean,Flowering,Sandy Loam,21.3,26.2,51.2,None,0.0,Drip Irrigation,Potato Late Blight,1.15,3.02,3.47,0.0,22.0,10.0,OPTIMAL_STANDBY,Low,0.0
Pepper Bell,Seedling,Sandy Loam,18.7,14.7,56.1,Moderate,9.5,Drip Irrigation,Tomato Early Blight,0.6,2.0,1.2,5.08,22.0,10.0,DELAY_RAIN_EXPECTED,Moderate,0.0
Rice,Vegetative,Sandy Loam,13.0,27.7,31.0,High,41.6,Flood / Surface,Pepper Bell Bacterial Spot,1.15,3.92,4.51,30.75,22.0,10.0,IRRIGATE_IMMEDIATELY,Immediate,5.38
Pepper Bell,Fruiting,Loamy,23.6,23.7,82.5,None,0.0,Drip Irrigation,Pepper Bell Bacterial Spot,1.1,2.0,2.2,0.0,28.0,14.0,MAINTENANCE_DRIP,Normal,2.42
Wheat,Fruiting,Black Soil,27.6,25.2,69.0,None,0.0,Sub-surface Drip,None / Healthy,0.85,2.34,1.99,0.0,40.0,22.0,IRRIGATE_IMMEDIATELY,Immediate,3.5
Sugarcane,Fruiting,Clay Loam,15.3,35.5,41.1,None,0.0,Flood / Surface,None / Healthy,1.25,5.06,6.32,0.0,34.0,18.0,IRRIGATE_IMMEDIATELY,Immediate,7.0
Cotton,Vegetative,Black Soil,26.1,14.1,88.8,Low,2.5,Drip Irrigation,Tomato Yellow Leaf Curl Virus,0.75,2.0,1.5,0.0,40.0,22.0,IRRIGATE_IMMEDIATELY,Immediate,3.5
Sugarcane,Fruiting,Sandy,12.8,24.7,65.4,Moderate,14.7,Drip Irrigation,None / Healthy,1.25,2.38,2.97,9.27,15.0,6.0,DELAY_RAIN_EXPECTED,Low,0.0
Soybean,Vegetative,Loamy,28.0,23.2,50.4,None,0.0,Sprinkler (Overhead),None / Healthy,0.7,2.56,1.79,0.0,28.0,14.0,OPTIMAL_STANDBY,Low,0.0
Corn,Maturity,Loamy,28.7,21.8,50.3,Moderate,15.9,Drip Irrigation,Tomato Yellow Leaf Curl Virus,0.6,2.34,1.4,10.2,28.0,14.0,DELAY_RAIN_EXPECTED,Low,0.0
Sugarcane,Seedling,Black Soil,30.9,36.8,58.9,Moderate,17.0,Drip Irrigation,None / Healthy,0.45,4.44,2.0,11.12,40.0,22.0,DELAY_RAIN_EXPECTED,Low,0.0
Rice,Fruiting,Loamy,27.0,15.1,65.7,None,0.0,Flood / Surface,None / Healthy,1.2,2.0,2.4,0.0,28.0,14.0,OPTIMAL_STANDBY,Low,0.0
Soybean,Seedling,Clay Loam,29.6,24.8,30.2,None,0.0,Flood / Surface,None / Healthy,0.4,3.38,1.35,0.0,34.0,18.0,MAINTENANCE_DRIP,Normal,1.5
Tomato,Flowering,Sandy,8.0,20.8,41.4,None,0.0,Sprinkler (Overhead),None / Healthy,1.15,2.38,2.74,0.0,15.0,6.0,IRRIGATE_IMMEDIATELY,Immediate,3.61
Tomato,Maturity,Loamy,15.4,36.4,46.2,Moderate,15.3,Sprinkler (Overhead),None / Healthy,0.8,5.0,4.0,9.77,28.0,14.0,IRRIGATE_IMMEDIATELY,Immediate,4.91
Soybean,Vegetative,Sandy,6.9,21.9,46.3,None,0.0,Drip Irrigation,Tomato Yellow Leaf Curl Virus,0.7,2.45,1.72,0.0,15.0,6.0,IRRIGATE_IMMEDIATELY,Immediate,3.5
Rice,Vegetative,Sandy,13.0,21.1,93.8,Moderate,10.3,Sprinkler (Overhead),None / Healthy,1.15,2.0,2.3,5.77,15.0,6.0,DELAY_RAIN_EXPECTED,Moderate,0.0
Corn,Flowering,Sandy Loam,9.0,23.7,70.5,Low,2.4,Sub-surface Drip,Pepper Bell Bacterial Spot,1.2,2.1,2.52,0.0,22.0,10.0,IRRIGATE_IMMEDIATELY,Immediate,3.59
Corn,Seedling,Sandy Loam,14.2,22.3,47.1,Low,4.1,Flood / Surface,None / Healthy,0.4,2.49,1.0,0.79,22.0,10.0,IRRIGATE_IMMEDIATELY,Immediate,3.5
Tomato,Flowering,Black Soil,36.5,15.9,37.2,Moderate,16.7,Sprinkler (Overhead),None / Healthy,1.15,2.0,2.3,10.87,40.0,22.0,DELAY_RAIN_EXPECTED,Low,0.0
Corn,Flowering,Black Soil,38.5,25.9,88.9,Moderate,13.3,Sprinkler (Overhead),Tomato Yellow Leaf Curl Virus,1.2,2.11,2.53,8.17,40.0,22.0,DELAY_RAIN_EXPECTED,Low,0.0
Cotton,Seedling,Clay Loam,27.3,36.1,30.3,Moderate,11.0,Drip Irrigation,None / Healthy,0.45,5.7,2.56,6.29,34.0,18.0,DELAY_RAIN_EXPECTED,Moderate,0.0
Potato,Fruiting,Sandy Loam,6.1,29.0,58.6,Low,1.2,Sprinkler (Overhead),None / Healthy,1.15,3.22,3.7,0.0,22.0,10.0,IRRIGATE_IMMEDIATELY,Immediate,4.59
Rice,Flowering,Sandy,10.7,22.6,66.4,Low,3.5,Sprinkler (Overhead),None / Healthy,1.25,2.07,2.59,0.32,15.0,6.0,MAINTENANCE_DRIP,Normal,2.71
Potato,Fruiting,Sandy,13.6,35.7,25.6,None,0.0,Drip Irrigation,None / Healthy,1.15,5.82,6.69,0.0,15.0,6.0,OPTIMAL_STANDBY,Low,0.0
Potato,Flowering,Sandy,10.4,24.8,53.2,None,0.0,Sprinkler (Overhead),None / Healthy,1.15,2.74,3.15,0.0,15.0,6.0,MAINTENANCE_DRIP,Normal,3.07
Corn,Flowering,Black Soil,27.8,14.6,83.3,Low,5.6,Drip Irrigation,None / Healthy,1.2,2.0,2.4,2.01,40.0,22.0,IRRIGATE_IMMEDIATELY,Immediate,3.5
Tomato,Flowering,Loamy,21.3,36.0,53.8,Moderate,8.3,Drip Irrigation,None / Healthy,1.15,4.56,5.24,4.13,28.0,14.0,DELAY_RAIN_EXPECTED,Moderate,0.0
Wheat,Fruiting,Sandy Loam,16.5,40.9,50.4,Low,1.1,Drip Irrigation,None / Healthy,0.85,5.61,4.77,0.0,22.0,10.0,MAINTENANCE_DRIP,Normal,4.7
Potato,Flowering,Sandy,7.3,19.2,35.5,Moderate,9.8,Drip Irrigation,None / Healthy,1.15,2.21,2.54,5.31,15.0,6.0,IRRIGATE_IMMEDIATELY,Immediate,3.5
Sugarcane,Vegetative,Clay Loam,31.4,18.8,94.7,High,32.7,Sprinkler (Overhead),None / Healthy,0.85,2.0,1.7,23.69,34.0,18.0,DELAY_RAIN_EXPECTED,Low,0.0
Rice,Seedling,Clay Loam,28.5,25.8,35.4,None,0.0,Sprinkler (Overhead),None / Healthy,1.05,3.42,3.59,0.0,34.0,18.0,MAINTENANCE_DRIP,Normal,3.56
Potato,Maturity,Loamy,10.0,14.0,63.5,Low,5.1,Drip Irrigation,None / Healthy,0.75,2.0,1.5,1.56,28.0,14.0,IRRIGATE_IMMEDIATELY,Immediate,3.5
Rice,Seedling,Sandy Loam,7.2,35.6,50.3,High,36.8,Sprinkler (Overhead),Tomato Target Spot,1.05,4.65,4.88,26.92,22.0,10.0,SUSPEND_OVERHEAD_BLIGHT,Immediate,0.0
Corn,Vegetative,Loamy,26.0,23.5,47.1,Low,2.6,Sprinkler (Overhead),None / Healthy,0.85,2.69,2.29,0.0,28.0,14.0,OPTIMAL_STANDBY,Low,0.0
Pepper Bell,Fruiting,Black Soil,37.3,32.8,57.3,Low,4.6,Sub-surface Drip,None / Healthy,1.1,3.87,4.26,1.17,40.0,22.0,OPTIMAL_STANDBY,Low,0.0
Potato,Seedling,Loamy,24.1,38.1,58.7,None,0.0,Flood / Surface,None / Healthy,0.5,4.67,2.33,0.0,28.0,14.0,MAINTENANCE_DRIP,Normal,2.63
Wheat,Maturity,Loamy,38.3,37.8,43.7,None,0.0,Sub-surface Drip,Tomato Yellow Leaf Curl Virus,0.35,5.38,1.88,0.0,28.0,14.0,OPTIMAL_STANDBY,Low,0.0
Pepper Bell,Maturity,Loamy,29.6,24.0,90.2,None,0.0,Drip Irrigation,None / Healthy,0.85,2.0,1.7,0.0,28.0,14.0,OPTIMAL_STANDBY,Low,0.0
Tomato,Seedling,Black Soil,20.4,36.9,27.0,None,0.0,Drip Irrigation,None / Healthy,0.6,6.02,3.61,0.0,40.0,22.0,IRRIGATE_IMMEDIATELY,Immediate,4.49
Tomato,Fruiting,Loamy,13.8,33.2,83.3,High,34.6,Sub-surface Drip,None / Healthy,1.2,2.96,3.55,25.19,28.0,14.0,IRRIGATE_IMMEDIATELY,Immediate,4.42
Corn,Fruiting,Black Soil,18.5,25.6,77.4,None,0.0,Drip Irrigation,Tomato Early Blight,1.1,2.15,2.37,0.0,40.0,22.0,IRRIGATE_IMMEDIATELY,Immediate,3.5
Cotton,Flowering,Black Soil,31.4,36.7,30.4,None,0.0,Drip Irrigation,None / Healthy,1.2,5.81,6.97,0.0,40.0,22.0,MAINTENANCE_DRIP,Normal,5.5
Cotton,Seedling,Loamy,28.3,28.6,70.5,High,20.9,Sprinkler (Overhead),None / Healthy,0.45,2.75,1.24,14.24,28.0,14.0,DELAY_RAIN_EXPECTED,Low,0.0
Corn,Vegetative,Loamy,12.7,17.5,50.4,None,0.0,Flood / Surface,None / Healthy,0.85,2.0,1.7,0.0,28.0,14.0,IRRIGATE_IMMEDIATELY,Immediate,3.5
Potato,Seedling,Clay Loam,17.4,30.3,83.6,High,35.4,Sprinkler (Overhead),None / Healthy,0.5,2.62,1.31,25.85,34.0,18.0,IRRIGATE_IMMEDIATELY,Immediate,3.5
Corn,Fruiting,Clay Loam,17.8,39.8,41.5,None,0.0,Sprinkler (Overhead),Tomato Yellow Leaf Curl Virus,1.1,5.87,6.46,0.0,34.0,18.0,IRRIGATE_IMMEDIATELY,Immediate,7.0
Potato,Maturity,Black Soil,32.9,39.2,61.4,High,25.6,Drip Irrigation,Tomato Yellow Leaf Curl Virus,0.75,4.71,3.53,18.01,40.0,22.0,DELAY_RAIN_EXPECTED,Low,0.0
Rice,Flowering,Black Soil,30.1,41.9,41.9,None,0.0,Sprinkler (Overhead),None / Healthy,1.25,6.29,7.86,0.0,40.0,22.0,MAINTENANCE_DRIP,Normal,5.5
Cotton,Vegetative,Black Soil,33.0,28.1,55.4,Low,3.2,Sub-surface Drip,None / Healthy,0.75,3.19,2.39,0.1,40.0,22.0,MAINTENANCE_DRIP,Normal,2.71
Sugarcane,Fruiting,Black Soil,49.7,30.8,77.3,None,0.0,Drip Irrigation,Tomato Target Spot,1.25,2.78,3.47,0.0,40.0,22.0,OPTIMAL_STANDBY,Low,0.0
Soybean,Seedling,Black Soil,22.1,14.6,60.7,Moderate,17.0,Drip Irrigation,None / Healthy,0.4,2.0,0.8,11.08,40.0,22.0,IRRIGATE_IMMEDIATELY,Immediate,3.5
Corn,Fruiting,Sandy,26.9,26.5,48.6,Moderate,8.3,Drip Irrigation,None / Healthy,1.1,3.15,3.47,4.16,15.0,6.0,OPTIMAL_STANDBY,Low,0.0
Pepper Bell,Maturity,Sandy Loam,18.2,41.8,47.5,None,0.0,Sprinkler (Overhead),None / Healthy,0.85,5.94,5.05,0.0,22.0,10.0,MAINTENANCE_DRIP,Normal,4.84
Sugarcane,Fruiting,Sandy Loam,18.4,33.3,30.0,None,0.0,Drip Irrigation,None / Healthy,1.25,5.1,6.38,0.0,22.0,10.0,MAINTENANCE_DRIP,Normal,5.5
Wheat,Fruiting,Black Soil,33.8,35.9,90.0,None,0.0,Sprinkler (Overhead),None / Healthy,0.85,3.3,2.8,0.0,40.0,22.0,MAINTENANCE_DRIP,Normal,2.75
Wheat,Vegetative,Loamy,27.4,39.4,68.6,Moderate,12.3,Flood / Surface,Tomato Early Blight,0.75,4.36,3.27,7.31,28.0,14.0,OPTIMAL_STANDBY,Low,0.0
Corn,Fruiting,Sandy Loam,13.7,27.1,35.7,Low,5.6,Sprinkler (Overhead),None / Healthy,1.1,3.66,4.03,2.0,22.0,10.0,IRRIGATE_IMMEDIATELY,Immediate,5.51
Corn,Vegetative,Black Soil,22.7,29.0,94.3,Moderate,14.7,Drip Irrigation,Potato Late Blight,0.85,2.47,2.1,9.27,40.0,22.0,IRRIGATE_IMMEDIATELY,Immediate,3.5
Wheat,Maturity,Sandy Loam,35.3,22.3,94.8,None,0.0,Sprinkler (Overhead),None / Healthy,0.35,2.0,0.7,0.0,22.0,10.0,OPTIMAL_STANDBY,Low,0.0
Sugarcane,Vegetative,Sandy,12.8,33.1,37.2,Low,6.0,Sub-surface Drip,None / Healthy,0.85,4.77,4.05,2.29,15.0,6.0,MAINTENANCE_DRIP,Normal,4.16
Potato,Fruiting,Clay Loam,34.2,27.3,86.5,High,25.3,Drip Irrigation,Tomato Target Spot,1.15,2.26,2.6,17.71,34.0,18.0,DELAY_RAIN_EXPECTED,Low,0.0
Wheat,Fruiting,Sandy Loam,21.6,34.7,47.4,Low,2.5,Drip Irrigation,Pepper Bell Bacterial Spot,0.85,4.62,3.93,0.0,22.0,10.0,OPTIMAL_STANDBY,Low,0.0
Rice,Seedling,Clay Loam,23.8,25.2,82.5,High,36.5,Drip Irrigation,Pepper Bell Bacterial Spot,1.05,2.03,2.13,26.67,34.0,18.0,DELAY_RAIN_EXPECTED,Low,0.0
Tomato,Seedling,Clay Loam,17.1,29.4,91.0,Moderate,7.1,Sprinkler (Overhead),None / Healthy,0.6,2.51,1.51,3.15,34.0,18.0,IRRIGATE_IMMEDIATELY,Immediate,3.5
Sugarcane,Vegetative,Sandy,10.4,19.1,54.3,None,0.0,Sprinkler (Overhead),None / Healthy,0.85,2.0,1.7,0.0,15.0,6.0,MAINTENANCE_DRIP,Normal,1.5
Corn,Vegetative,Black Soil,31.7,14.3,44.9,Low,3.0,Sub-surface Drip,Tomato Septoria Leaf Spot,0.85,2.0,1.7,0.0,40.0,22.0,MAINTENANCE_DRIP,Normal,1.76
Cotton,Maturity,Sandy,4.0,14.5,27.9,Low,2.8,Sprinkler (Overhead),None / Healthy,0.55,2.0,1.1,0.0,15.0,6.0,IRRIGATE_IMMEDIATELY,Immediate,3.5
Soybean,Maturity,Loamy,24.0,28.4,94.5,None,0.0,Sprinkler (Overhead),None / Healthy,0.5,2.4,1.2,0.0,28.0,14.0,MAINTENANCE_DRIP,Normal,1.5
Sugarcane,Fruiting,Clay Loam,29.4,33.5,90.9,Low,2.6,Drip Irrigation,Potato Late Blight,1.25,3.0,3.75,0.0,34.0,18.0,MAINTENANCE_DRIP,Normal,3.87
Soybean,Fruiting,Loamy,18.8,22.2,47.9,None,0.0,Sprinkler (Overhead),None / Healthy,1.05,2.47,2.59,0.0,28.0,14.0,IRRIGATE_IMMEDIATELY,Immediate,3.5
Cotton,Maturity,Black Soil,33.7,39.6,25.9,Moderate,16.1,Sub-surface Drip,Tomato Early Blight,0.55,6.68,3.67,10.36,40.0,22.0,DELAY_RAIN_EXPECTED,Low,0.0
Tomato,Vegetative,Sandy Loam,17.1,18.2,81.8,Moderate,10.5,Drip Irrigation,Tomato Target Spot,0.85,2.0,1.7,5.86,22.0,10.0,DELAY_RAIN_EXPECTED,Moderate,0.0
Soybean,Fruiting,Clay Loam,15.7,40.5,25.6,None,0.0,Drip Irrigation,None / Healthy,1.05,6.91,7.26,0.0,34.0,18.0,IRRIGATE_IMMEDIATELY,Immediate,7.0
Potato,Seedling,Clay Loam,33.4,17.5,90.8,Low,2.7,Drip Irrigation,None / Healthy,0.5,2.0,1.0,0.0,34.0,18.0,OPTIMAL_STANDBY,Low,0.0
Pepper Bell,Fruiting,Sandy,12.5,21.2,71.7,None,0.0,Flood / Surface,None / Healthy,1.1,2.0,2.2,0.0,15.0,6.0,MAINTENANCE_DRIP,Normal,2.45
Wheat,Flowering,Clay Loam,21.6,19.7,77.2,None,0.0,Drip Irrigation,None / Healthy,1.15,2.0,2.3,0.0,34.0,18.0,IRRIGATE_IMMEDIATELY,Immediate,3.5
Rice,Flowering,Clay Loam,23.8,38.4,21.5,None,0.0,Drip Irrigation,None / Healthy,1.25,6.63,8.29,0.0,34.0,18.0,IRRIGATE_IMMEDIATELY,Immediate,7.0
Cotton,Vegetative,Black Soil,31.6,37.7,44.0,High,30.4,Sprinkler (Overhead),None / Healthy,0.75,5.34,4.0,21.81,40.0,22.0,DELAY_RAIN_EXPECTED,Low,0.0
Corn,Vegetative,Sandy,4.0,22.8,65.9,Low,1.7,Sprinkler (Overhead),None / Healthy,0.85,2.11,1.79,0.0,15.0,6.0,IRRIGATE_IMMEDIATELY,Immediate,3.5
Wheat,Seedling,Black Soil,31.5,36.3,90.4,None,0.0,Sub-surface Drip,None / Healthy,0.4,3.35,1.34,0.0,40.0,22.0,MAINTENANCE_DRIP,Normal,1.5
Pepper Bell,Maturity,Sandy,12.7,32.8,34.6,Low,2.0,Flood / Surface,None / Healthy,0.85,4.81,4.09,0.0,15.0,6.0,MAINTENANCE_DRIP,Normal,4.08
Corn,Vegetative,Clay Loam,28.1,31.5,92.1,Moderate,12.0,Sprinkler (Overhead),None / Healthy,0.85,2.76,2.35,7.07,34.0,18.0,DELAY_RAIN_EXPECTED,Moderate,0.0
Wheat,Seedling,Clay Loam,14.4,19.1,41.3,High,35.1,Drip Irrigation,None / Healthy,0.4,2.08,0.83,25.55,34.0,18.0,IRRIGATE_IMMEDIATELY,Immediate,3.5
Cotton,Seedling,Sandy Loam,23.8,23.5,79.5,Moderate,9.3,Flood / Surface,None / Healthy,0.45,2.0,0.9,4.97,22.0,10.0,OPTIMAL_STANDBY,Low,0.0
Cotton,Flowering,Sandy,13.9,37.6,50.2,None,0.0,Drip Irrigation,None / Healthy,1.2,5.02,6.02,0.0,15.0,6.0,OPTIMAL_STANDBY,Low,0.0
Pepper Bell,Vegetative,Clay Loam,35.9,33.2,49.5,None,0.0,Drip Irrigation,Tomato Yellow Leaf Curl Virus,0.8,4.26,3.41,0.0,34.0,18.0,OPTIMAL_STANDBY,Low,0.0
Sugarcane,Maturity,Clay Loam,36.4,29.8,72.5,None,0.0,Sprinkler (Overhead),None / Healthy,0.7,2.82,1.97,0.0,34.0,18.0,OPTIMAL_STANDBY,Low,0.0
Soybean,Maturity,Sandy,12.8,20.0,85.0,None,0.0,Sprinkler (Overhead),None / Healthy,0.5,2.0,1.0,0.0,15.0,6.0,MAINTENANCE_DRIP,Normal,1.5
Corn,Vegetative,Black Soil,49.6,28.5,83.0,Moderate,9.8,Flood / Surface,None / Healthy,0.85,2.41,2.05,5.34,40.0,22.0,OPTIMAL_STANDBY,Low,0.0
Pepper Bell,Maturity,Sandy Loam,13.8,27.2,62.1,Moderate,15.9,Flood / Surface,Tomato Target Spot,0.85,2.84,2.41,10.22,22.0,10.0,IRRIGATE_IMMEDIATELY,Immediate,3.5
Corn,Flowering,Clay Loam,15.0,38.2,63.8,None,0.0,Drip Irrigation,None / Healthy,1.2,4.42,5.3,0.0,34.0,18.0,IRRIGATE_IMMEDIATELY,Immediate,6.84
Rice,Vegetative,Black Soil,32.5,19.9,92.0,Low,3.3,Flood / Surface,Tomato Early Blight,1.15,2.0,2.3,0.13,40.0,22.0,MAINTENANCE_DRIP,Normal,2.44
Rice,Fruiting,Black Soil,30.6,17.6,28.2,High,35.8,Drip Irrigation,None / Healthy,1.2,2.06,2.47,26.17,40.0,22.0,DELAY_RAIN_EXPECTED,Low,0.0
Soybean,Fruiting,Sandy Loam,23.1,20.8,33.0,Low,5.1,Flood / Surface,None / Healthy,1.05,2.56,2.69,1.59,22.0,10.0,OPTIMAL_STANDBY,Low,0.0
Sugarcane,Flowering,Sandy,13.5,19.2,32.3,None,0.0,Sub-surface Drip,Tomato Early Blight,1.25,2.28,2.85,0.0,15.0,6.0,OPTIMAL_STANDBY,Low,0.0
Wheat,Seedling,Sandy,18.5,21.7,58.3,None,0.0,Drip Irrigation,None / Healthy,0.4,2.13,0.85,0.0,15.0,6.0,OPTIMAL_STANDBY,Low,0.0
Potato,Maturity,Sandy Loam,16.1,34.0,93.0,Low,3.7,Sprinkler (Overhead),Tomato Target Spot,0.75,3.06,2.29,0.45,22.0,10.0,SUSPEND_OVERHEAD_BLIGHT,Immediate,0.0
Cotton,Flowering,Black Soil,27.3,39.4,20.2,None,0.0,Drip Irrigation,None / Healthy,1.2,6.94,8.33,0.0,40.0,22.0,IRRIGATE_IMMEDIATELY,Immediate,7.0
Wheat,Vegetative,Sandy,8.3,40.8,43.3,Moderate,10.6,Drip Irrigation,Tomato Yellow Leaf Curl Virus,0.75,5.99,4.49,6.0,15.0,6.0,IRRIGATE_IMMEDIATELY,Immediate,5.71
Rice,Flowering,Sandy,13.7,22.1,29.7,None,0.0,Flood / Surface,None / Healthy,1.25,2.87,3.59,0.0,15.0,6.0,OPTIMAL_STANDBY,Low,0.0
Corn,Maturity,Sandy Loam,18.3,38.5,94.2,Moderate,13.7,Sub-surface Drip,None / Healthy,0.6,3.63,2.18,8.47,22.0,10.0,DELAY_RAIN_EXPECTED,Low,0.0
Rice,Vegetative,Sandy,16.4,41.2,63.7,High,31.0,Sprinkler (Overhead),None / Healthy,1.15,4.9,5.63,22.3,15.0,6.0,DELAY_RAIN_EXPECTED,Low,0.0
Wheat,Seedling,Black Soil,36.1,32.5,57.6,Low,4.3,Sub-surface Drip,Potato Late Blight,0.4,3.81,1.52,0.94,40.0,22.0,OPTIMAL_STANDBY,Low,0.0
Cotton,Flowering,Black Soil,18.5,39.3,71.6,None,0.0,Drip Irrigation,None / Healthy,1.2,4.17,5.0,0.0,40.0,22.0,IRRIGATE_IMMEDIATELY,Immediate,6.44
Corn,Fruiting,Black Soil,29.3,18.2,33.2,Low,2.4,Flood / Surface,None / Healthy,1.1,2.07,2.28,0.0,40.0,22.0,IRRIGATE_IMMEDIATELY,Immediate,3.5
Rice,Maturity,Sandy Loam,22.6,23.4,61.1,None,0.0,Drip Irrigation,None / Healthy,0.95,2.32,2.2,0.0,22.0,10.0,OPTIMAL_STANDBY,Low,0.0
Sugarcane,Seedling,Sandy,10.8,39.6,54.7,None,0.0,Flood / Surface,Potato Late Blight,0.45,5.14,2.31,0.0,15.0,6.0,MAINTENANCE_DRIP,Normal,2.35
Corn,Flowering,Black Soil,23.0,14.4,55.6,None,0.0,Flood / Surface,None / Healthy,1.2,2.0,2.4,0.0,40.0,22.0,IRRIGATE_IMMEDIATELY,Immediate,3.5
Wheat,Seedling,Loamy,23.5,14.4,83.6,High,37.8,Sprinkler (Overhead),Potato Late Blight,0.4,2.0,0.8,27.74,28.0,14.0,SUSPEND_OVERHEAD_BLIGHT,Immediate,0.0
Tomato,Flowering,Clay Loam,26.4,40.9,86.9,High,22.3,Sprinkler (Overhead),None / Healthy,1.15,3.94,4.53,15.37,34.0,18.0,DELAY_RAIN_EXPECTED,Low,0.0
Tomato,Seedling,Sandy,4.5,19.9,75.6,None,0.0,Drip Irrigation,Tomato Septoria Leaf Spot,0.6,2.0,1.2,0.0,15.0,6.0,IRRIGATE_IMMEDIATELY,Immediate,3.5
Cotton,Fruiting,Black Soil,31.9,39.8,86.0,Low,3.4,Drip Irrigation,None / Healthy,0.85,3.79,3.22,0.23,40.0,22.0,MAINTENANCE_DRIP,Normal,3.2
Soybean,Flowering,Clay Loam,35.8,18.7,63.2,High,42.3,Drip Irrigation,None / Healthy,1.15,2.0,2.3,31.35,34.0,18.0,DELAY_RAIN_EXPECTED,Low,0.0
Potato,Maturity,Sandy Loam,22.7,34.4,27.8,None,0.0,Flood / Surface,None / Healthy,0.75,5.44,4.08,0.0,22.0,10.0,OPTIMAL_STANDBY,Low,0.0
Wheat,Flowering,Loamy,21.4,34.2,69.5,Low,4.8,Sprinkler (Overhead),None / Healthy,1.15,3.55,4.08,1.36,28.0,14.0,MAINTENANCE_DRIP,Normal,4.29
Potato,Fruiting,Black Soil,36.3,24.1,47.6,High,44.5,Flood / Surface,None / Healthy,1.15,2.78,3.2,33.11,40.0,22.0,DELAY_RAIN_EXPECTED,Low,0.0
Rice,Seedling,Clay Loam,25.5,39.0,90.3,None,0.0,Drip Irrigation,Tomato Early Blight,1.05,3.7,3.89,0.0,34.0,18.0,MAINTENANCE_DRIP,Normal,3.77
Sugarcane,Flowering,Clay Loam,30.7,34.4,37.5,Moderate,11.7,Sprinkler (Overhead),None / Healthy,1.25,5.01,6.26,6.87,34.0,18.0,OPTIMAL_STANDBY,Low,0.0
Wheat,Flowering,Sandy,8.8,14.1,82.4,None,0.0,Drip Irrigation,None / Healthy,1.15,2.0,2.3,0.0,15.0,6.0,IRRIGATE_IMMEDIATELY,Immediate,3.5
Cotton,Maturity,Loamy,11.4,30.8,56.2,None,0.0,Flood / Surface,None / Healthy,0.55,3.59,1.97,0.0,28.0,14.0,IRRIGATE_IMMEDIATELY,Immediate,3.5
Rice,Maturity,Black Soil,36.3,30.2,26.0,High,34.7,Drip Irrigation,Potato Late Blight,0.95,4.61,4.38,25.23,40.0,22.0,DELAY_RAIN_EXPECTED,Low,0.0
Soybean,Vegetative,Black Soil,33.3,31.4,74.7,Low,2.8,Flood / Surface,None / Healthy,0.7,2.96,2.07,0.0,40.0,22.0,MAINTENANCE_DRIP,Normal,2.07
Potato,Flowering,Clay Loam,32.0,38.9,45.1,Moderate,12.6,Flood / Surface,None / Healthy,1.15,5.51,6.34,7.57,34.0,18.0,OPTIMAL_STANDBY,Low,0.0
Sugarcane,Fruiting,Black Soil,37.3,20.7,87.5,High,21.5,Flood / Surface,None / Healthy,1.25,2.0,2.5,14.67,40.0,22.0,DELAY_RAIN_EXPECTED,Low,0.0
Corn,Maturity,Sandy,14.1,31.0,36.0,Low,3.4,Drip Irrigation,Tomato Early Blight,0.6,4.4,2.64,0.2,15.0,6.0,OPTIMAL_STANDBY,Low,0.0
Cotton,Vegetative,Loamy,30.0,34.7,78.4,None,0.0,Sub-surface Drip,None / Healthy,0.75,3.22,2.42,0.0,28.0,14.0,OPTIMAL_STANDBY,Low,0.0
Sugarcane,Seedling,Sandy Loam,13.3,20.2,79.4,None,0.0,Sprinkler (Overhead),Tomato Septoria Leaf Spot,0.45,2.0,0.9,0.0,22.0,10.0,SUSPEND_OVERHEAD_BLIGHT,Immediate,0.0
Sugarcane,Vegetative,Sandy,27.4,41.5,93.2,Low,4.9,Sprinkler (Overhead),Tomato Yellow Leaf Curl Virus,0.85,4.01,3.41,1.39,15.0,6.0,OPTIMAL_STANDBY,Low,0.0
Soybean,Vegetative,Sandy,12.6,34.9,49.3,Low,2.7,Drip Irrigation,None / Healthy,0.7,4.56,3.19,0.0,15.0,6.0,MAINTENANCE_DRIP,Normal,3.22
Sugarcane,Vegetative,Black Soil,30.6,23.9,23.5,Moderate,7.2,Flood / Surface,None / Healthy,0.85,3.4,2.89,3.24,40.0,22.0,MAINTENANCE_DRIP,Normal,2.95
Corn,Fruiting,Black Soil,32.4,14.2,67.1,Moderate,15.9,Drip Irrigation,None / Healthy,1.1,2.0,2.2,10.23,40.0,22.0,DELAY_RAIN_EXPECTED,Low,0.0
Wheat,Flowering,Sandy,16.7,19.3,35.7,None,0.0,Drip Irrigation,Tomato Septoria Leaf Spot,1.15,2.22,2.55,0.0,15.0,6.0,OPTIMAL_STANDBY,Low,0.0
Tomato,Maturity,Black Soil,33.3,30.7,53.2,Moderate,12.2,Sub-surface Drip,Tomato Septoria Leaf Spot,0.8,3.69,2.95,7.29,40.0,22.0,DELAY_RAIN_EXPECTED,Moderate,0.0
Corn,Vegetative,Loamy,40.9,24.0,61.4,Moderate,10.1,Sub-surface Drip,Potato Late Blight,0.85,2.4,2.04,5.57,28.0,14.0,OPTIMAL_STANDBY,Low,0.0
Sugarcane,Seedling,Loamy,11.0,39.6,40.1,None,0.0,Flood / Surface,None / Healthy,0.45,5.92,2.66,0.0,28.0,14.0,IRRIGATE_IMMEDIATELY,Immediate,3.5
Corn,Maturity,Clay Loam,21.8,18.7,68.0,None,0.0,Sprinkler (Overhead),None / Healthy,0.6,2.0,1.2,0.0,34.0,18.0,IRRIGATE_IMMEDIATELY,Immediate,3.5
Wheat,Vegetative,Black Soil,46.4,38.1,24.0,Moderate,17.8,Sprinkler (Overhead),None / Healthy,0.75,6.44,4.83,11.74,40.0,22.0,DELAY_RAIN_EXPECTED,Low,0.0
Sugarcane,Fruiting,Clay Loam,25.4,26.7,74.4,None,0.0,Flood / Surface,None / Healthy,1.25,2.37,2.96,0.0,34.0,18.0,MAINTENANCE_DRIP,Normal,3.12
Sugarcane,Maturity,Black Soil,31.9,26.6,59.0,None,0.0,Drip Irrigation,None / Healthy,0.7,2.84,1.99,0.0,40.0,22.0,MAINTENANCE_DRIP,Normal,2.07
Soybean,Maturity,Black Soil,35.3,15.3,82.9,Moderate,17.9,Drip Irrigation,Tomato Septoria Leaf Spot,0.5,2.0,1.0,11.81,40.0,22.0,DELAY_RAIN_EXPECTED,Low,0.0
Corn,Maturity,Clay Loam,32.8,14.7,53.1,Low,5.5,Sprinkler (Overhead),None / Healthy,0.6,2.0,1.2,1.91,34.0,18.0,OPTIMAL_STANDBY,Low,0.0
Sugarcane,Fruiting,Sandy Loam,9.3,29.7,76.3,None,0.0,Drip Irrigation,Tomato Early Blight,1.25,2.68,3.35,0.0,22.0,10.0,IRRIGATE_IMMEDIATELY,Immediate,4.06
Tomato,Seedling,Sandy,13.7,29.2,87.5,None,0.0,Sub-surface Drip,None / Healthy,0.6,2.49,1.49,0.0,15.0,6.0,OPTIMAL_STANDBY,Low,0.0
Soybean,Fruiting,Sandy Loam,21.7,27.8,46.8,Moderate,17.8,Sub-surface Drip,None / Healthy,1.05,3.43,3.6,11.77,22.0,10.0,DELAY_RAIN_EXPECTED,Low,0.0
Wheat,Maturity,Black Soil,31.3,21.1,60.5,Moderate,12.8,Drip Irrigation,None / Healthy,0.35,2.0,0.7,7.75,40.0,22.0,DELAY_RAIN_EXPECTED,Moderate,0.0
Tomato,Flowering,Clay Loam,16.8,33.8,51.4,Low,4.3,Sprinkler (Overhead),None / Healthy,1.15,4.28,4.92,0.98,34.0,18.0,IRRIGATE_IMMEDIATELY,Immediate,6.05
Potato,Maturity,Sandy,12.5,35.3,45.3,None,0.0,Drip Irrigation,None / Healthy,0.75,4.83,3.62,0.0,15.0,6.0,MAINTENANCE_DRIP,Normal,3.63
Corn,Flowering,Sandy,11.6,31.0,68.5,None,0.0,Drip Irrigation,Pepper Bell Bacterial Spot,1.2,3.14,3.77,0.0,15.0,6.0,MAINTENANCE_DRIP,Normal,3.74
Corn,Vegetative,Sandy,20.1,22.7,55.3,Moderate,9.6,Sprinkler (Overhead),None / Healthy,0.85,2.36,2.01,5.16,15.0,6.0,OPTIMAL_STANDBY,Low,0.0
Corn,Fruiting,Clay Loam,44.3,42.0,78.3,None,0.0,Drip Irrigation,None / Healthy,1.1,4.18,4.6,0.0,34.0,18.0,OPTIMAL_STANDBY,Low,0.0
Corn,Fruiting,Loamy,29.3,27.0,42.2,None,0.0,Sprinkler (Overhead),None / Healthy,1.1,3.44,3.78,0.0,28.0,14.0,OPTIMAL_STANDBY,Low,0.0
Corn,Fruiting,Black Soil,46.7,38.4,83.5,None,0.0,Sprinkler (Overhead),Tomato Septoria Leaf Spot,1.1,3.62,3.98,0.0,40.0,22.0,SUSPEND_OVERHEAD_BLIGHT,Immediate,0.0
Corn,Vegetative,Black Soil,46.1,39.3,30.0,None,0.0,Drip Irrigation,None / Healthy,0.85,6.4,5.44,0.0,40.0,22.0,OPTIMAL_STANDBY,Low,0.0
Wheat,Fruiting,Black Soil,34.2,35.2,81.7,None,0.0,Drip Irrigation,None / Healthy,0.85,3.22,2.74,0.0,40.0,22.0,MAINTENANCE_DRIP,Normal,3.0
Wheat,Fruiting,Sandy,10.2,35.7,21.9,High,31.9,Flood / Surface,Tomato Yellow Leaf Curl Virus,0.85,6.0,5.1,23.05,15.0,6.0,DELAY_RAIN_EXPECTED,Low,0.0
Sugarcane,Flowering,Loamy,28.4,15.7,93.8,None,0.0,Flood / Surface,None / Healthy,1.25,2.0,2.5,0.0,28.0,14.0,OPTIMAL_STANDBY,Low,0.0
Wheat,Maturity,Sandy Loam,18.1,29.3,36.2,High,41.4,Flood / Surface,Tomato Target Spot,0.35,4.07,1.42,30.59,22.0,10.0,DELAY_RAIN_EXPECTED,Low,0.0
Rice,Vegetative,Clay Loam,30.9,30.4,39.0,None,0.0,Drip Irrigation,None / Healthy,1.15,4.17,4.8,0.0,34.0,18.0,OPTIMAL_STANDBY,Low,0.0
Tomato,Flowering,Sandy,10.3,26.4,31.3,High,40.0,Flood / Surface,None / Healthy,1.15,3.66,4.21,29.47,15.0,6.0,DELAY_RAIN_EXPECTED,Low,0.0
Tomato,Seedling,Loamy,24.3,20.0,32.7,None,0.0,Flood / Surface,Tomato Early Blight,0.6,2.41,1.45,0.0,28.0,14.0,MAINTENANCE_DRIP,Normal,1.57
Sugarcane,Maturity,Loamy,27.0,23.7,36.4,Low,2.4,Sprinkler (Overhead),None / Healthy,0.7,3.01,2.11,0.0,28.0,14.0,OPTIMAL_STANDBY,Low,0.0
Tomato,Fruiting,Sandy Loam,16.5,15.7,51.3,High,36.4,Drip Irrigation,None / Healthy,1.2,2.0,2.4,26.61,22.0,10.0,DELAY_RAIN_EXPECTED,Low,0.0
Potato,Vegetative,Black Soil,41.8,20.7,67.3,None,0.0,Sub-surface Drip,None / Healthy,0.8,2.0,1.6,0.0,40.0,22.0,OPTIMAL_STANDBY,Low,0.0
Cotton,Fruiting,Sandy,14.2,41.2,94.1,Low,4.2,Sub-surface Drip,Tomato Target Spot,0.85,3.97,3.37,0.87,15.0,6.0,OPTIMAL_STANDBY,Low,0.0
Wheat,Flowering,Loamy,23.6,27.6,62.5,Moderate,9.8,Drip Irrigation,None / Healthy,1.15,2.88,3.31,5.36,28.0,14.0,DELAY_RAIN_EXPECTED,Moderate,0.0
Soybean,Maturity,Black Soil,23.3,24.7,51.1,Moderate,10.8,Drip Irrigation,None / Healthy,0.5,2.78,1.39,6.16,40.0,22.0,IRRIGATE_IMMEDIATELY,Immediate,3.5
Cotton,Vegetative,Black Soil,39.8,14.2,55.8,None,0.0,Flood / Surface,None / Healthy,0.75,2.0,1.5,0.0,40.0,22.0,OPTIMAL_STANDBY,Low,0.0
Pepper Bell,Fruiting,Loamy,13.7,41.5,72.9,Low,3.9,Sub-surface Drip,None / Healthy,1.1,4.42,4.86,0.59,28.0,14.0,IRRIGATE_IMMEDIATELY,Immediate,6.35
Tomato,Flowering,Sandy,10.9,30.1,72.6,None,0.0,Sub-surface Drip,None / Healthy,1.15,2.87,3.3,0.0,15.0,6.0,MAINTENANCE_DRIP,Normal,3.35
Pepper Bell,Fruiting,Sandy,28.4,37.7,55.6,Moderate,13.1,Drip Irrigation,None / Healthy,1.1,4.76,5.24,8.0,15.0,6.0,OPTIMAL_STANDBY,Low,0.0
Tomato,Maturity,Sandy Loam,18.0,17.5,77.8,High,39.9,Sprinkler (Overhead),None / Healthy,0.8,2.0,1.6,29.4,22.0,10.0,DELAY_RAIN_EXPECTED,Low,0.0
Tomato,Seedling,Sandy Loam,8.5,39.6,63.9,None,0.0,Flood / Surface,None / Healthy,0.6,4.64,2.78,0.0,22.0,10.0,IRRIGATE_IMMEDIATELY,Immediate,3.5
Cotton,Fruiting,Sandy,16.7,21.7,79.2,None,0.0,Drip Irrigation,Potato Late Blight,0.85,2.0,1.7,0.0,15.0,6.0,OPTIMAL_STANDBY,Low,0.0
Pepper Bell,Seedling,Clay Loam,23.2,15.7,48.4,None,0.0,Flood / Surface,Potato Late Blight,0.6,2.0,1.2,0.0,34.0,18.0,IRRIGATE_IMMEDIATELY,Immediate,3.5
Sugarcane,Vegetative,Clay Loam,29.7,20.8,66.8,None,0.0,Drip Irrigation,Tomato Septoria Leaf Spot,0.85,2.0,1.7,0.0,34.0,18.0,MAINTENANCE_DRIP,Normal,2.16
Soybean,Vegetative,Sandy,16.3,38.6,79.0,None,0.0,Sub-surface Drip,None / Healthy,0.7,3.69,2.58,0.0,15.0,6.0,OPTIMAL_STANDBY,Low,0.0
Corn,Fruiting,Black Soil,37.0,24.5,24.7,Low,3.6,Drip Irrigation,Tomato Yellow Leaf Curl Virus,1.1,3.48,3.83,0.39,40.0,22.0,OPTIMAL_STANDBY,Low,0.0
Wheat,Fruiting,Clay Loam,35.1,39.2,43.8,High,44.0,Flood / Surface,None / Healthy,0.85,5.63,4.79,32.72,34.0,18.0,DELAY_RAIN_EXPECTED,Low,0.0
Cotton,Seedling,Sandy,4.0,19.2,52.7,Moderate,11.9,Flood / Surface,Tomato Septoria Leaf Spot,0.45,2.0,0.9,6.99,15.0,6.0,IRRIGATE_IMMEDIATELY,Immediate,3.5
Sugarcane,Flowering,Loamy,27.2,17.5,20.8,Moderate,14.9,Drip Irrigation,None / Healthy,1.25,2.15,2.69,9.45,28.0,14.0,DELAY_RAIN_EXPECTED,Low,0.0
Soybean,Flowering,Sandy,12.2,35.7,54.2,None,0.0,Drip Irrigation,None / Healthy,1.15,4.49,5.16,0.0,15.0,6.0,MAINTENANCE_DRIP,Normal,5.24
Soybean,Vegetative,Loamy,14.0,28.6,35.1,Low,5.7,Sub-surface Drip,Tomato Target Spot,0.7,3.97,2.78,2.04,28.0,14.0,IRRIGATE_IMMEDIATELY,Immediate,3.81
Wheat,Flowering,Black Soil,28.8,33.7,56.4,None,0.0,Drip Irrigation,None / Healthy,1.15,4.06,4.67,0.0,40.0,22.0,IRRIGATE_IMMEDIATELY,Immediate,6.05
Cotton,Seedling,Sandy,14.4,25.4,52.5,Moderate,17.1,Flood / Surface,None / Healthy,0.45,2.85,1.28,11.22,15.0,6.0,DELAY_RAIN_EXPECTED,Low,0.0
Rice,Maturity,Loamy,21.6,17.2,49.1,None,0.0,Drip Irrigation,None / Healthy,0.95,2.0,1.9,0.0,28.0,14.0,MAINTENANCE_DRIP,Normal,1.8
Sugarcane,Flowering,Black Soil,47.7,15.6,51.7,Low,3.3,Drip Irrigation,None / Healthy,1.25,2.0,2.5,0.1,40.0,22.0,OPTIMAL_STANDBY,Low,0.0
Wheat,Fruiting,Black Soil,41.7,40.4,24.4,Moderate,15.1,Drip Irrigation,None / Healthy,0.85,6.96,5.92,9.61,40.0,22.0,DELAY_RAIN_EXPECTED,Low,0.0
Corn,Seedling,Clay Loam,25.8,38.2,47.4,None,0.0,Sprinkler (Overhead),None / Healthy,0.4,5.26,2.1,0.0,34.0,18.0,MAINTENANCE_DRIP,Normal,1.83
Soybean,Maturity,Black Soil,28.7,36.2,33.2,Moderate,16.0,Sprinkler (Overhead),None / Healthy,0.5,5.57,2.79,10.29,40.0,22.0,DELAY_RAIN_EXPECTED,Low,0.0
Sugarcane,Maturity,Black Soil,33.8,14.8,90.4,Moderate,7.5,Sprinkler (Overhead),None / Healthy,0.7,2.0,1.4,3.48,40.0,22.0,MAINTENANCE_DRIP,Normal,1.5
Rice,Maturity,Black Soil,31.0,35.4,83.7,None,0.0,Sprinkler (Overhead),Tomato Early Blight,0.95,3.23,3.07,0.0,40.0,22.0,SUSPEND_OVERHEAD_BLIGHT,Immediate,0.0
Tomato,Seedling,Sandy,14.8,23.2,89.2,Moderate,16.7,Flood / Surface,None / Healthy,0.6,2.0,1.2,10.87,15.0,6.0,DELAY_RAIN_EXPECTED,Low,0.0
Sugarcane,Seedling,Sandy,12.5,29.7,51.2,Low,5.4,Sub-surface Drip,None / Healthy,0.45,3.59,1.62,1.85,15.0,6.0,MAINTENANCE_DRIP,Normal,1.67
Potato,Fruiting,Sandy Loam,7.4,27.9,29.6,None,0.0,Flood / Surface,Pepper Bell Bacterial Spot,1.15,4.03,4.63,0.0,22.0,10.0,IRRIGATE_IMMEDIATELY,Immediate,5.86
Pepper Bell,Vegetative,Sandy,11.1,27.7,74.9,None,0.0,Flood / Surface,None / Healthy,0.8,2.48,1.98,0.0,15.0,6.0,MAINTENANCE_DRIP,Normal,1.99
Wheat,Seedling,Black Soil,37.8,14.2,51.2,High,30.4,Drip Irrigation,None / Healthy,0.4,2.0,0.8,21.79,40.0,22.0,DELAY_RAIN_EXPECTED,Low,0.0
Potato,Seedling,Clay Loam,45.9,31.2,57.7,Low,1.1,Flood / Surface,Tomato Target Spot,0.5,3.6,1.8,0.0,34.0,18.0,OPTIMAL_STANDBY,Low,0.0
Wheat,Maturity,Sandy Loam,21.4,39.2,31.9,High,42.8,Flood / Surface,None / Healthy,0.35,6.27,2.19,31.72,22.0,10.0,DELAY_RAIN_EXPECTED,Low,0.0
Wheat,Vegetative,Loamy,19.0,26.3,41.2,Moderate,15.4,Drip Irrigation,Pepper Bell Bacterial Spot,0.75,3.35,2.51,9.83,28.0,14.0,DELAY_RAIN_EXPECTED,Low,0.0
Tomato,Seedling,Black Soil,33.3,17.7,94.1,None,0.0,Flood / Surface,None / Healthy,0.6,2.0,1.2,0.0,40.0,22.0,MAINTENANCE_DRIP,Normal,1.5
Potato,Maturity,Loamy,21.7,16.1,56.2,None,0.0,Drip Irrigation,None / Healthy,0.75,2.0,1.5,0.0,28.0,14.0,MAINTENANCE_DRIP,Normal,1.5
Wheat,Maturity,Sandy Loam,21.7,15.7,38.5,Moderate,16.6,Flood / Surface,None / Healthy,0.35,2.0,0.7,10.8,22.0,10.0,DELAY_RAIN_EXPECTED,Low,0.0
Sugarcane,Flowering,Loamy,14.9,40.3,20.8,None,0.0,Sub-surface Drip,Tomato Early Blight,1.25,7.12,8.9,0.0,28.0,14.0,IRRIGATE_IMMEDIATELY,Immediate,7.0
Cotton,Fruiting,Loamy,21.0,14.3,93.2,None,0.0,Sprinkler (Overhead),None / Healthy,0.85,2.0,1.7,0.0,28.0,14.0,MAINTENANCE_DRIP,Normal,1.71
Pepper Bell,Maturity,Black Soil,26.7,33.0,92.5,None,0.0,Drip Irrigation,None / Healthy,0.85,2.94,2.5,0.0,40.0,22.0,IRRIGATE_IMMEDIATELY,Immediate,3.5
Potato,Vegetative,Clay Loam,25.3,32.0,62.6,None,0.0,Sub-surface Drip,None / Healthy,0.8,3.53,2.82,0.0,34.0,18.0,MAINTENANCE_DRIP,Normal,2.85
Wheat,Maturity,Sandy,11.0,32.4,55.7,Moderate,10.5,Sprinkler (Overhead),None / Healthy,0.35,3.87,1.35,5.9,15.0,6.0,DELAY_RAIN_EXPECTED,Moderate,0.0
Rice,Seedling,Sandy,7.8,30.9,54.0,None,0.0,Sub-surface Drip,None / Healthy,1.05,3.69,3.87,0.0,15.0,6.0,IRRIGATE_IMMEDIATELY,Immediate,4.94
Corn,Flowering,Sandy,16.2,22.0,51.5,High,29.0,Sprinkler (Overhead),None / Healthy,1.2,2.34,2.81,20.69,15.0,6.0,DELAY_RAIN_EXPECTED,Low,0.0
Corn,Vegetative,Loamy,20.4,18.2,40.8,None,0.0,Drip Irrigation,Tomato Septoria Leaf Spot,0.85,2.0,1.7,0.0,28.0,14.0,MAINTENANCE_DRIP,Normal,1.51
Wheat,Fruiting,Loamy,26.1,22.7,37.1,Low,3.2,Flood / Surface,None / Healthy,0.85,2.82,2.4,0.02,28.0,14.0,OPTIMAL_STANDBY,Low,0.0
Wheat,Maturity,Sandy Loam,22.6,21.5,45.5,Low,5.6,Sub-surface Drip,None / Healthy,0.35,2.4,0.84,1.97,22.0,10.0,OPTIMAL_STANDBY,Low,0.0
Potato,Fruiting,Black Soil,28.2,23.1,51.6,High,21.8,Flood / Surface,None / Healthy,1.15,2.51,2.89,14.98,40.0,22.0,DELAY_RAIN_EXPECTED,Low,0.0
Wheat,Flowering,Sandy,7.1,25.0,29.8,Moderate,10.5,Sprinkler (Overhead),Pepper Bell Bacterial Spot,1.15,3.44,3.96,5.92,15.0,6.0,SUSPEND_OVERHEAD_BLIGHT,Immediate,0.0
Rice,Vegetative,Loamy,25.6,17.0,40.5,Moderate,11.4,Drip Irrigation,None / Healthy,1.15,2.0,2.3,6.64,28.0,14.0,OPTIMAL_STANDBY,Low,0.0
Tomato,Fruiting,Sandy,11.7,25.7,59.9,Moderate,17.9,Sprinkler (Overhead),Potato Late Blight,1.2,2.68,3.22,11.82,15.0,6.0,SUSPEND_OVERHEAD_BLIGHT,Immediate,0.0
Corn,Seedling,Loamy,29.2,20.1,54.2,None,0.0,Sub-surface Drip,None / Healthy,0.4,2.0,0.8,0.0,28.0,14.0,OPTIMAL_STANDBY,Low,0.0
Sugarcane,Maturity,Sandy,12.4,17.4,94.5,Moderate,11.7,Drip Irrigation,None / Healthy,0.7,2.0,1.4,6.85,15.0,6.0,DELAY_RAIN_EXPECTED,Moderate,0.0
Pepper Bell,Vegetative,Loamy,28.6,26.8,81.4,Low,3.7,Drip Irrigation,None / Healthy,0.8,2.21,1.77,0.49,28.0,14.0,OPTIMAL_STANDBY,Low,0.0
Wheat,Maturity,Black Soil,38.2,36.2,65.2,None,0.0,Drip Irrigation,Pepper Bell Bacterial Spot,0.35,4.04,1.41,0.0,40.0,22.0,OPTIMAL_STANDBY,Low,0.0
Wheat,Maturity,Clay Loam,29.0,27.3,58.8,None,0.0,Drip Irrigation,None / Healthy,0.35,2.94,1.03,0.0,34.0,18.0,MAINTENANCE_DRIP,Normal,1.5
Corn,Fruiting,Black Soil,25.9,33.0,28.3,None,0.0,Drip Irrigation,None / Healthy,1.1,5.12,5.63,0.0,40.0,22.0,IRRIGATE_IMMEDIATELY,Immediate,7.0
Pepper Bell,Seedling,Sandy Loam,8.7,26.9,44.5,High,44.6,Drip Irrigation,Tomato Septoria Leaf Spot,0.6,3.34,2.0,33.17,22.0,10.0,IRRIGATE_IMMEDIATELY,Immediate,3.5
Tomato,Maturity,Sandy,6.3,33.9,78.1,None,0.0,Drip Irrigation,Tomato Septoria Leaf Spot,0.8,3.14,2.51,0.0,15.0,6.0,IRRIGATE_IMMEDIATELY,Immediate,3.5
Rice,Fruiting,Clay Loam,16.9,15.6,64.4,High,23.8,Drip Irrigation,Tomato Yellow Leaf Curl Virus,1.2,2.0,2.4,16.52,34.0,18.0,IRRIGATE_IMMEDIATELY,Immediate,3.5
Rice,Flowering,Sandy Loam,8.8,24.0,49.9,High,38.4,Flood / Surface,None / Healthy,1.25,2.7,3.38,28.22,22.0,10.0,IRRIGATE_IMMEDIATELY,Immediate,4.2
Soybean,Flowering,Black Soil,53.3,34.1,65.0,Low,3.5,Sprinkler (Overhead),None / Healthy,1.15,3.74,4.3,0.33,40.0,22.0,OPTIMAL_STANDBY,Low,0.0
Tomato,Vegetative,Sandy Loam,10.1,16.2,35.7,Moderate,10.4,Sprinkler (Overhead),None / Healthy,0.85,2.0,1.7,5.84,22.0,10.0,IRRIGATE_IMMEDIATELY,Immediate,3.5
Wheat,Fruiting,Loamy,13.4,20.0,76.5,Low,5.4,Flood / Surface,None / Healthy,0.85,2.0,1.7,1.83,28.0,14.0,IRRIGATE_IMMEDIATELY,Immediate,3.5
Cotton,Flowering,Loamy,18.1,35.8,85.5,None,0.0,Drip Irrigation,None / Healthy,1.2,3.29,3.95,0.0,28.0,14.0,IRRIGATE_IMMEDIATELY,Immediate,4.6
Soybean,Seedling,Sandy Loam,20.3,29.1,91.6,None,0.0,Sprinkler (Overhead),Tomato Target Spot,0.4,2.48,0.99,0.0,22.0,10.0,SUSPEND_OVERHEAD_BLIGHT,Immediate,0.0
Wheat,Vegetative,Loamy,22.8,34.6,94.8,High,39.0,Drip Irrigation,Tomato Early Blight,0.75,3.14,2.35,28.69,28.0,14.0,DELAY_RAIN_EXPECTED,Low,0.0
Soybean,Fruiting,Clay Loam,14.9,39.4,88.5,None,0.0,Drip Irrigation,None / Healthy,1.05,3.74,3.93,0.0,34.0,18.0,IRRIGATE_IMMEDIATELY,Immediate,4.75
Cotton,Seedling,Clay Loam,32.3,18.1,42.2,Moderate,7.2,Drip Irrigation,None / Healthy,0.45,2.0,0.9,3.24,34.0,18.0,OPTIMAL_STANDBY,Low,0.0
Sugarcane,Maturity,Loamy,21.1,16.5,63.4,Moderate,14.1,Sprinkler (Overhead),None / Healthy,0.7,2.0,1.4,8.82,28.0,14.0,DELAY_RAIN_EXPECTED,Low,0.0
Soybean,Vegetative,Black Soil,34.9,31.1,55.5,None,0.0,Sprinkler (Overhead),None / Healthy,0.7,3.67,2.57,0.0,40.0,22.0,MAINTENANCE_DRIP,Normal,2.44
Sugarcane,Fruiting,Clay Loam,28.4,19.4,87.6,High,22.7,Flood / Surface,None / Healthy,1.25,2.0,2.5,15.64,34.0,18.0,DELAY_RAIN_EXPECTED,Low,0.0
Tomato,Maturity,Clay Loam,25.2,38.7,83.1,Low,5.7,Drip Irrigation,Tomato Target Spot,0.8,3.66,2.93,2.08,34.0,18.0,MAINTENANCE_DRIP,Normal,2.93
Wheat,Fruiting,Clay Loam,35.6,35.7,43.5,None,0.0,Flood / Surface,Tomato Yellow Leaf Curl Virus,0.85,4.99,4.24,0.0,34.0,18.0,OPTIMAL_STANDBY,Low,0.0
Pepper Bell,Seedling,Black Soil,31.9,23.9,51.7,Low,4.4,Sub-surface Drip,None / Healthy,0.6,2.63,1.58,0.99,40.0,22.0,MAINTENANCE_DRIP,Normal,1.54
Tomato,Flowering,Sandy Loam,15.4,37.7,87.9,None,0.0,Flood / Surface,None / Healthy,1.15,3.53,4.06,0.0,22.0,10.0,MAINTENANCE_DRIP,Normal,3.96
Corn,Vegetative,Sandy,5.4,40.2,32.3,Low,3.7,Flood / Surface,None / Healthy,0.85,6.46,5.49,0.47,15.0,6.0,IRRIGATE_IMMEDIATELY,Immediate,7.0
Corn,Flowering,Loamy,31.9,27.2,30.8,Low,3.5,Sprinkler (Overhead),None / Healthy,1.2,3.84,4.61,0.33,28.0,14.0,OPTIMAL_STANDBY,Low,0.0
Wheat,Maturity,Sandy,14.9,37.7,38.5,High,38.2,Drip Irrigation,None / Healthy,0.35,5.62,1.97,28.08,15.0,6.0,DELAY_RAIN_EXPECTED,Low,0.0
Cotton,Maturity,Sandy,12.5,16.8,92.9,Low,5.3,Drip Irrigation,Pepper Bell Bacterial Spot,0.55,2.0,1.1,1.77,15.0,6.0,MAINTENANCE_DRIP,Normal,1.5
Rice,Vegetative,Sandy,12.3,22.1,65.6,None,0.0,Sprinkler (Overhead),Tomato Yellow Leaf Curl Virus,1.15,2.02,2.32,0.0,15.0,6.0,MAINTENANCE_DRIP,Normal,2.4
Wheat,Maturity,Black Soil,30.7,18.7,44.5,None,0.0,Sprinkler (Overhead),Potato Late Blight,0.35,2.0,0.7,0.0,40.0,22.0,SUSPEND_OVERHEAD_BLIGHT,Immediate,0.0
Corn,Fruiting,Loamy,14.1,37.7,66.6,Moderate,14.0,Sprinkler (Overhead),Tomato Early Blight,1.1,4.2,4.62,8.68,28.0,14.0,SUSPEND_OVERHEAD_BLIGHT,Immediate,0.0
Soybean,Seedling,Sandy,16.8,40.2,37.9,Low,1.8,Drip Irrigation,None / Healthy,0.4,6.15,2.46,0.0,15.0,6.0,OPTIMAL_STANDBY,Low,0.0
Cotton,Flowering,Loamy,28.3,33.8,38.1,None,0.0,Sprinkler (Overhead),None / Healthy,1.2,4.87,5.84,0.0,28.0,14.0,OPTIMAL_STANDBY,Low,0.0
Rice,Flowering,Loamy,41.6,17.2,69.4,None,0.0,Drip Irrigation,None / Healthy,1.25,2.0,2.5,0.0,28.0,14.0,OPTIMAL_STANDBY,Low,0.0
Tomato,Seedling,Clay Loam,35.5,38.0,42.7,Low,2.1,Sprinkler (Overhead),None / Healthy,0.6,5.47,3.28,0.0,34.0,18.0,OPTIMAL_STANDBY,Low,0.0
Cotton,Seedling,Clay Loam,17.2,37.2,87.4,None,0.0,Drip Irrigation,Potato Late Blight,0.45,3.47,1.56,0.0,34.0,18.0,IRRIGATE_IMMEDIATELY,Immediate,3.5
Wheat,Seedling,Sandy Loam,17.7,38.3,51.4,None,0.0,Drip Irrigation,None / Healthy,0.4,5.07,2.03,0.0,22.0,10.0,MAINTENANCE_DRIP,Normal,1.75
Pepper Bell,Vegetative,Black Soil,31.4,22.9,85.9,None,0.0,Flood / Surface,None / Healthy,0.8,2.0,1.6,0.0,40.0,22.0,MAINTENANCE_DRIP,Normal,1.68
Wheat,Flowering,Sandy Loam,8.5,23.7,42.0,High,31.4,Drip Irrigation,Tomato Early Blight,1.15,2.87,3.3,22.59,22.0,10.0,IRRIGATE_IMMEDIATELY,Immediate,4.04
Cotton,Flowering,Loamy,28.2,36.0,23.4,Moderate,8.2,Flood / Surface,Pepper Bell Bacterial Spot,1.2,6.0,7.2,4.04,28.0,14.0,OPTIMAL_STANDBY,Low,0.0
Potato,Maturity,Clay Loam,21.6,34.1,93.3,Low,5.0,Drip Irrigation,Tomato Septoria Leaf Spot,0.75,3.07,2.3,1.53,34.0,18.0,IRRIGATE_IMMEDIATELY,Immediate,3.5
Wheat,Maturity,Loamy,16.6,15.6,50.1,High,40.3,Drip Irrigation,Pepper Bell Bacterial Spot,0.35,2.0,0.7,29.75,28.0,14.0,IRRIGATE_IMMEDIATELY,Immediate,3.5
Wheat,Vegetative,Clay Loam,20.6,35.4,28.5,None,0.0,Drip Irrigation,None / Healthy,0.75,5.62,4.21,0.0,34.0,18.0,IRRIGATE_IMMEDIATELY,Immediate,5.29
Pepper Bell,Fruiting,Clay Loam,22.5,40.3,94.4,High,32.7,Drip Irrigation,None / Healthy,1.1,3.86,4.25,23.65,34.0,18.0,DELAY_RAIN_EXPECTED,Low,0.0
Potato,Flowering,Sandy,4.4,34.5,29.4,None,0.0,Drip Irrigation,None / Healthy,1.15,5.39,6.2,0.0,15.0,6.0,IRRIGATE_IMMEDIATELY,Immediate,7.0
Sugarcane,Seedling,Sandy,13.8,33.8,77.9,None,0.0,Sprinkler (Overhead),Tomato Septoria Leaf Spot,0.45,3.14,1.41,0.0,15.0,6.0,SUSPEND_OVERHEAD_BLIGHT,Immediate,0.0
Wheat,Fruiting,Black Soil,18.8,14.1,42.2,Moderate,13.9,Drip Irrigation,None / Healthy,0.85,2.0,1.7,8.59,40.0,22.0,IRRIGATE_IMMEDIATELY,Immediate,3.5
Pepper Bell,Vegetative,Sandy,12.7,33.3,30.5,None,0.0,Flood / Surface,Potato Late Blight,0.8,5.08,4.06,0.0,15.0,6.0,MAINTENANCE_DRIP,Normal,4.25
Corn,Flowering,Loamy,25.9,18.1,61.0,Moderate,7.7,Drip Irrigation,Tomato Target Spot,1.2,2.0,2.4,3.64,28.0,14.0,OPTIMAL_STANDBY,Low,0.0
Cotton,Maturity,Sandy,14.6,40.0,83.2,Moderate,7.1,Flood / Surface,None / Healthy,0.55,3.82,2.1,3.18,15.0,6.0,OPTIMAL_STANDBY,Low,0.0
Wheat,Fruiting,Loamy,23.5,25.5,82.6,None,0.0,Sprinkler (Overhead),None / Healthy,0.85,2.06,1.75,0.0,28.0,14.0,MAINTENANCE_DRIP,Normal,1.75
Corn,Fruiting,Clay Loam,33.5,23.7,32.7,Low,5.2,Drip Irrigation,None / Healthy,1.1,3.11,3.42,1.65,34.0,18.0,OPTIMAL_STANDBY,Low,0.0
Pepper Bell,Fruiting,Loamy,16.8,34.5,54.3,None,0.0,Drip Irrigation,None / Healthy,1.1,4.27,4.7,0.0,28.0,14.0,IRRIGATE_IMMEDIATELY,Immediate,5.8
Wheat,Fruiting,Sandy,4.0,35.6,47.0,Moderate,9.0,Sprinkler (Overhead),None / Healthy,0.85,4.8,4.08,4.68,15.0,6.0,IRRIGATE_IMMEDIATELY,Immediate,4.96
Corn,Fruiting,Black Soil,26.4,33.8,89.7,Moderate,10.7,Flood / Surface,Tomato Yellow Leaf Curl Virus,1.1,3.05,3.35,6.06,40.0,22.0,IRRIGATE_IMMEDIATELY,Immediate,4.14
Wheat,Fruiting,Black Soil,39.4,28.1,86.9,None,0.0,Flood / Surface,None / Healthy,0.85,2.36,2.01,0.0,40.0,22.0,OPTIMAL_STANDBY,Low,0.0
Sugarcane,Seedling,Black Soil,35.2,36.2,47.0,None,0.0,Drip Irrigation,None / Healthy,0.45,4.91,2.21,0.0,40.0,22.0,MAINTENANCE_DRIP,Normal,2.31
Wheat,Fruiting,Clay Loam,30.9,28.7,30.4,High,43.6,Drip Irrigation,None / Healthy,0.85,4.14,3.52,32.37,34.0,18.0,DELAY_RAIN_EXPECTED,Low,0.0
Soybean,Vegetative,Loamy,23.4,32.4,89.2,None,0.0,Drip Irrigation,None / Healthy,0.7,2.87,2.01,0.0,28.0,14.0,MAINTENANCE_DRIP,Normal,2.01
Corn,Maturity,Loamy,21.8,36.7,70.0,High,31.5,Drip Irrigation,None / Healthy,0.6,3.89,2.33,22.68,28.0,14.0,DELAY_RAIN_EXPECTED,Low,0.0
Sugarcane,Flowering,Sandy Loam,11.7,34.4,65.8,None,0.0,Drip Irrigation,Potato Late Blight,1.25,3.74,4.68,0.0,22.0,10.0,IRRIGATE_IMMEDIATELY,Immediate,6.0
Cotton,Flowering,Loamy,12.5,27.8,70.9,None,0.0,Flood / Surface,None / Healthy,1.2,2.62,3.14,0.0,28.0,14.0,IRRIGATE_IMMEDIATELY,Immediate,3.92
Rice,Seedling,Sandy Loam,8.0,25.8,45.6,Moderate,8.0,Drip Irrigation,Tomato Target Spot,1.05,3.12,3.28,3.93,22.0,10.0,IRRIGATE_IMMEDIATELY,Immediate,4.08
Sugarcane,Fruiting,Sandy,11.4,24.4,80.3,None,0.0,Sprinkler (Overhead),None / Healthy,1.25,2.0,2.5,0.0,15.0,6.0,MAINTENANCE_DRIP,Normal,2.61
Pepper Bell,Flowering,Sandy,19.1,28.1,92.5,Low,4.3,Flood / Surface,None / Healthy,1.05,2.36,2.48,0.95,15.0,6.0,OPTIMAL_STANDBY,Low,0.0
Wheat,Vegetative,Black Soil,45.5,22.4,86.3,None,0.0,Sub-surface Drip,Tomato Target Spot,0.75,2.0,1.5,0.0,40.0,22.0,OPTIMAL_STANDBY,Low,0.0
Corn,Vegetative,Sandy,15.6,38.8,42.2,Low,3.8,Drip Irrigation,Pepper Bell Bacterial Spot,0.85,5.64,4.79,0.54,15.0,6.0,OPTIMAL_STANDBY,Low,0.0
Pepper Bell,Fruiting,Black Soil,39.6,17.7,25.5,Low,1.9,Drip Irrigation,None / Healthy,1.1,2.12,2.33,0.0,40.0,22.0,OPTIMAL_STANDBY,Low,0.0
Soybean,Seedling,Sandy,12.0,20.5,32.8,High,33.6,Sprinkler (Overhead),None / Healthy,0.4,2.5,1.0,24.36,15.0,6.0,DELAY_RAIN_EXPECTED,Low,0.0
Sugarcane,Flowering,Sandy Loam,17.9,37.6,89.1,None,0.0,Flood / Surface,None / Healthy,1.25,3.52,4.4,0.0,22.0,10.0,MAINTENANCE_DRIP,Normal,4.33
Potato,Fruiting,Loamy,20.5,41.7,31.5,Low,3.4,Sub-surface Drip,None / Healthy,1.15,6.84,7.87,0.2,28.0,14.0,MAINTENANCE_DRIP,Normal,5.5
Corn,Seedling,Black Soil,30.9,29.6,42.0,Low,4.1,Sub-surface Drip,None / Healthy,0.4,3.9,1.56,0.78,40.0,22.0,MAINTENANCE_DRIP,Normal,1.5
Cotton,Seedling,Loamy,24.6,25.1,71.8,Moderate,15.1,Flood / Surface,Tomato Early Blight,0.45,2.25,1.01,9.61,28.0,14.0,DELAY_RAIN_EXPECTED,Low,0.0
Pepper Bell,Vegetative,Black Soil,31.2,29.9,74.5,Low,4.9,Sprinkler (Overhead),Pepper Bell Bacterial Spot,0.8,2.77,2.22,1.4,40.0,22.0,SUSPEND_OVERHEAD_BLIGHT,Immediate,0.0
Cotton,Fruiting,Sandy Loam,16.2,19.1,56.6,None,0.0,Sprinkler (Overhead),Tomato Yellow Leaf Curl Virus,0.85,2.0,1.7,0.0,22.0,10.0,MAINTENANCE_DRIP,Normal,1.76
Tomato,Seedling,Clay Loam,16.9,37.7,63.3,None,0.0,Flood / Surface,Tomato Septoria Leaf Spot,0.6,4.37,2.62,0.0,34.0,18.0,IRRIGATE_IMMEDIATELY,Immediate,3.5
Cotton,Flowering,Sandy,5.6,28.3,86.6,Low,5.9,Drip Irrigation,None / Healthy,1.2,2.39,2.87,2.26,15.0,6.0,IRRIGATE_IMMEDIATELY,Immediate,3.5
Corn,Maturity,Clay Loam,22.2,17.4,94.1,Low,3.4,Sub-surface Drip,Tomato Septoria Leaf Spot,0.6,2.0,1.2,0.25,34.0,18.0,IRRIGATE_IMMEDIATELY,Immediate,3.5
Potato,Vegetative,Clay Loam,27.8,18.7,53.9,None,0.0,Drip Irrigation,None / Healthy,0.8,2.0,1.6,0.0,34.0,18.0,MAINTENANCE_DRIP,Normal,1.5
Tomato,Vegetative,Clay Loam,46.9,32.1,31.0,Moderate,10.8,Sprinkler (Overhead),None / Healthy,0.85,4.81,4.09,6.11,34.0,18.0,OPTIMAL_STANDBY,Low,0.0
Potato,Flowering,Loamy,14.5,41.8,55.2,Moderate,15.1,Drip Irrigation,None / Healthy,1.15,5.5,6.32,9.59,28.0,14.0,IRRIGATE_IMMEDIATELY,Immediate,7.0
Soybean,Seedling,Loamy,21.7,32.4,94.8,Moderate,16.6,Drip Irrigation,None / Healthy,0.4,2.87,1.15,10.74,28.0,14.0,DELAY_RAIN_EXPECTED,Low,0.0
Rice,Seedling,Sandy,11.6,41.3,83.4,High,41.2,Sprinkler (Overhead),None / Healthy,1.05,3.99,4.19,30.49,15.0,6.0,DELAY_RAIN_EXPECTED,Low,0.0
Sugarcane,Vegetative,Black Soil,38.3,20.3,46.2,High,36.0,Drip Irrigation,Tomato Septoria Leaf Spot,0.85,2.19,1.86,26.27,40.0,22.0,DELAY_RAIN_EXPECTED,Low,0.0
Wheat,Vegetative,Clay Loam,29.5,15.8,74.5,None,0.0,Sub-surface Drip,Tomato Target Spot,0.75,2.0,1.5,0.0,34.0,18.0,MAINTENANCE_DRIP,Normal,1.5
Rice,Flowering,Sandy Loam,10.0,24.5,85.0,Moderate,10.4,Sprinkler (Overhead),None / Healthy,1.25,2.0,2.5,5.83,22.0,10.0,IRRIGATE_IMMEDIATELY,Immediate,3.5
Tomato,Maturity,Clay Loam,41.2,32.0,76.9,High,40.3,Flood / Surface,Tomato Early Blight,0.8,2.94,2.35,29.76,34.0,18.0,DELAY_RAIN_EXPECTED,Low,0.0
Corn,Maturity,Clay Loam,34.8,27.3,78.8,High,43.2,Drip Irrigation,Tomato Target Spot,0.6,2.31,1.39,32.05,34.0,18.0,DELAY_RAIN_EXPECTED,Low,0.0
Tomato,Vegetative,Black Soil,23.9,24.3,57.4,Low,2.1,Flood / Surface,Potato Late Blight,0.85,2.55,2.17,0.0,40.0,22.0,IRRIGATE_IMMEDIATELY,Immediate,3.5
Rice,Vegetative,Loamy,22.9,40.0,26.9,Low,1.5,Sub-surface Drip,None / Healthy,1.15,6.71,7.72,0.0,28.0,14.0,MAINTENANCE_DRIP,Normal,5.5
Tomato,Maturity,Sandy Loam,14.9,17.1,37.9,None,0.0,Sub-surface Drip,None / Healthy,0.8,2.0,1.6,0.0,22.0,10.0,IRRIGATE_IMMEDIATELY,Immediate,3.5
Sugarcane,Vegetative,Sandy,5.6,26.6,70.7,None,0.0,Sub-surface Drip,None / Healthy,0.85,2.48,2.11,0.0,15.0,6.0,IRRIGATE_IMMEDIATELY,Immediate,3.5
Rice,Seedling,Loamy,40.2,25.3,48.0,None,0.0,Flood / Surface,Potato Late Blight,1.05,2.96,3.11,0.0,28.0,14.0,OPTIMAL_STANDBY,Low,0.0
Cotton,Flowering,Loamy,33.4,25.5,43.8,Low,3.9,Flood / Surface,None / Healthy,1.2,3.12,3.74,0.63,28.0,14.0,OPTIMAL_STANDBY,Low,0.0
Pepper Bell,Seedling,Loamy,19.7,32.0,58.9,None,0.0,Sub-surface Drip,None / Healthy,0.6,3.67,2.2,0.0,28.0,14.0,IRRIGATE_IMMEDIATELY,Immediate,3.5
Sugarcane,Maturity,Clay Loam,27.8,40.1,87.2,None,0.0,Sprinkler (Overhead),None / Healthy,0.7,3.83,2.68,0.0,34.0,18.0,MAINTENANCE_DRIP,Normal,2.52
Cotton,Fruiting,Clay Loam,35.7,20.1,33.9,None,0.0,Sprinkler (Overhead),Tomato Yellow Leaf Curl Virus,0.85,2.42,2.06,0.0,34.0,18.0,OPTIMAL_STANDBY,Low,0.0
Cotton,Fruiting,Sandy,7.2,31.5,73.8,Low,3.2,Drip Irrigation,None / Healthy,0.85,3.01,2.56,0.02,15.0,6.0,IRRIGATE_IMMEDIATELY,Immediate,3.5
Pepper Bell,Maturity,Sandy,12.8,19.7,85.9,None,0.0,Drip Irrigation,None / Healthy,0.85,2.0,1.7,0.0,15.0,6.0,MAINTENANCE_DRIP,Normal,1.52
Pepper Bell,Fruiting,Sandy,12.9,29.1,31.3,Low,3.3,Sub-surface Drip,None / Healthy,1.1,4.2,4.62,0.14,15.0,6.0,MAINTENANCE_DRIP,Normal,4.57
Soybean,Vegetative,Loamy,23.7,29.8,84.8,Moderate,16.1,Flood / Surface,None / Healthy,0.7,2.56,1.79,10.36,28.0,14.0,DELAY_RAIN_EXPECTED,Low,0.0
Wheat,Fruiting,Sandy,14.9,36.9,72.3,Low,5.6,Drip Irrigation,Tomato Target Spot,0.85,3.8,3.23,2.0,15.0,6.0,OPTIMAL_STANDBY,Low,0.0
Sugarcane,Maturity,Sandy,24.4,25.3,22.2,Moderate,15.3,Drip Irrigation,None / Healthy,0.7,3.71,2.6,9.73,15.0,6.0,DELAY_RAIN_EXPECTED,Low,0.0
Cotton,Flowering,Sandy Loam,16.5,33.5,94.1,Low,3.6,Sprinkler (Overhead),None / Healthy,1.2,3.0,3.6,0.34,22.0,10.0,MAINTENANCE_DRIP,Normal,3.76
Soybean,Fruiting,Sandy Loam,15.6,20.2,40.7,Low,1.3,Sub-surface Drip,None / Healthy,1.05,2.3,2.42,0.0,22.0,10.0,MAINTENANCE_DRIP,Normal,2.41
Potato,Maturity,Clay Loam,35.4,33.5,56.9,Low,4.9,Drip Irrigation,None / Healthy,0.75,3.99,2.99,1.41,34.0,18.0,OPTIMAL_STANDBY,Low,0.0
Cotton,Seedling,Clay Loam,37.0,40.0,92.3,Low,1.7,Sub-surface Drip,Potato Late Blight,0.45,3.82,1.72,0.0,34.0,18.0,OPTIMAL_STANDBY,Low,0.0
Soybean,Maturity,Sandy,5.0,33.4,92.6,Low,4.9,Sub-surface Drip,None / Healthy,0.5,3.0,1.5,1.43,15.0,6.0,IRRIGATE_IMMEDIATELY,Immediate,3.5
Pepper Bell,Flowering,Black Soil,32.3,25.1,25.6,None,0.0,Flood / Surface,None / Healthy,1.05,3.59,3.77,0.0,40.0,22.0,MAINTENANCE_DRIP,Normal,3.66
Soybean,Fruiting,Clay Loam,44.0,17.6,77.4,Low,5.6,Sprinkler (Overhead),None / Healthy,1.05,2.0,2.1,2.01,34.0,18.0,OPTIMAL_STANDBY,Low,0.0
Potato,Maturity,Loamy,41.3,23.1,59.8,None,0.0,Drip Irrigation,Tomato Septoria Leaf Spot,0.75,2.3,1.72,0.0,28.0,14.0,OPTIMAL_STANDBY,Low,0.0
Soybean,Flowering,Black Soil,20.7,15.2,43.2,None,0.0,Drip Irrigation,None / Healthy,1.15,2.0,2.3,0.0,40.0,22.0,IRRIGATE_IMMEDIATELY,Immediate,3.5
Soybean,Vegetative,Sandy Loam,16.8,19.5,44.7,None,0.0,Drip Irrigation,Pepper Bell Bacterial Spot,0.7,2.09,1.46,0.0,22.0,10.0,MAINTENANCE_DRIP,Normal,1.5
Cotton,Flowering,Clay Loam,31.9,33.2,37.9,Low,5.2,Drip Irrigation,None / Healthy,1.2,4.75,5.7,1.64,34.0,18.0,OPTIMAL_STANDBY,Low,0.0
Sugarcane,Seedling,Loamy,13.5,26.6,31.9,Moderate,10.4,Flood / Surface,None / Healthy,0.45,3.69,1.66,5.83,28.0,14.0,IRRIGATE_IMMEDIATELY,Immediate,3.5
Wheat,Flowering,Sandy Loam,13.2,16.2,52.0,High,32.9,Sub-surface Drip,None / Healthy,1.15,2.0,2.3,23.81,22.0,10.0,IRRIGATE_IMMEDIATELY,Immediate,3.5
Wheat,Maturity,Sandy Loam,20.6,28.4,58.0,None,0.0,Drip Irrigation,None / Healthy,0.35,3.15,1.1,0.0,22.0,10.0,OPTIMAL_STANDBY,Low,0.0
Pepper Bell,Fruiting,Black Soil,26.9,24.8,30.0,None,0.0,Drip Irrigation,Tomato Early Blight,1.1,3.39,3.73,0.0,40.0,22.0,IRRIGATE_IMMEDIATELY,Immediate,4.67
Corn,Flowering,Clay Loam,31.9,38.2,63.6,None,0.0,Drip Irrigation,None / Healthy,1.2,4.43,5.32,0.0,34.0,18.0,OPTIMAL_STANDBY,Low,0.0
Soybean,Fruiting,Loamy,26.7,39.2,26.0,Moderate,16.2,Sprinkler (Overhead),None / Healthy,1.05,6.59,6.92,10.49,28.0,14.0,DELAY_RAIN_EXPECTED,Low,0.0
Pepper Bell,Flowering,Black Soil,43.9,30.6,30.4,Moderate,12.2,Flood / Surface,None / Healthy,1.05,4.53,4.76,7.23,40.0,22.0,OPTIMAL_STANDBY,Low,0.0
Soybean,Seedling,Loamy,15.9,24.4,62.5,Moderate,15.7,Sprinkler (Overhead),None / Healthy,0.4,2.41,0.96,10.08,28.0,14.0,IRRIGATE_IMMEDIATELY,Immediate,3.5
Sugarcane,Flowering,Black Soil,22.6,22.3,21.3,None,0.0,Sprinkler (Overhead),None / Healthy,1.25,3.12,3.9,0.0,40.0,22.0,IRRIGATE_IMMEDIATELY,Immediate,4.96
Tomato,Maturity,Clay Loam,29.2,23.6,29.4,Moderate,13.6,Drip Irrigation,Tomato Target Spot,0.8,3.17,2.54,8.38,34.0,18.0,DELAY_RAIN_EXPECTED,Low,0.0
Tomato,Vegetative,Loamy,38.3,22.0,87.0,High,38.6,Drip Irrigation,None / Healthy,0.85,2.0,1.7,28.38,28.0,14.0,DELAY_RAIN_EXPECTED,Low,0.0
Pepper Bell,Seedling,Clay Loam,14.1,16.4,74.2,None,0.0,Drip Irrigation,Pepper Bell Bacterial Spot,0.6,2.0,1.2,0.0,34.0,18.0,IRRIGATE_IMMEDIATELY,Immediate,3.5
Rice,Maturity,Sandy,5.6,33.9,75.0,None,0.0,Drip Irrigation,Tomato Yellow Leaf Curl Virus,0.95,3.28,3.12,0.0,15.0,6.0,IRRIGATE_IMMEDIATELY,Immediate,3.91
Wheat,Vegetative,Sandy Loam,13.0,16.4,41.9,None,0.0,Drip Irrigation,None / Healthy,0.75,2.0,1.5,0.0,22.0,10.0,IRRIGATE_IMMEDIATELY,Immediate,3.5
Soybean,Vegetative,Black Soil,30.3,21.7,79.8,Low,5.9,Flood / Surface,Tomato Target Spot,0.7,2.0,1.4,2.2,40.0,22.0,MAINTENANCE_DRIP,Normal,1.62
Sugarcane,Maturity,Clay Loam,28.3,26.1,47.4,Moderate,11.9,Drip Irrigation,None / Healthy,0.7,3.11,2.18,7.02,34.0,18.0,DELAY_RAIN_EXPECTED,Moderate,0.0
Cotton,Seedling,Sandy,12.5,33.9,52.0,None,0.0,Sprinkler (Overhead),None / Healthy,0.45,4.27,1.92,0.0,15.0,6.0,MAINTENANCE_DRIP,Normal,1.96
Corn,Vegetative,Clay Loam,32.1,28.9,41.7,None,0.0,Sprinkler (Overhead),None / Healthy,0.85,3.8,3.23,0.0,34.0,18.0,OPTIMAL_STANDBY,Low,0.0
Rice,Fruiting,Sandy Loam,6.1,38.9,54.9,None,0.0,Drip Irrigation,None / Healthy,1.2,5.0,6.0,0.0,22.0,10.0,IRRIGATE_IMMEDIATELY,Immediate,7.0
Corn,Seedling,Loamy,11.1,38.1,55.6,None,0.0,Drip Irrigation,Tomato Target Spot,0.4,4.82,1.93,0.0,28.0,14.0,IRRIGATE_IMMEDIATELY,Immediate,3.5
Sugarcane,Vegetative,Sandy,23.8,32.3,37.4,None,0.0,Flood / Surface,None / Healthy,0.85,4.6,3.91,0.0,15.0,6.0,OPTIMAL_STANDBY,Low,0.0
Soybean,Flowering,Black Soil,34.9,36.9,21.3,None,0.0,Drip Irrigation,None / Healthy,1.15,6.3,7.24,0.0,40.0,22.0,MAINTENANCE_DRIP,Normal,5.5
Rice,Seedling,Loamy,22.7,38.5,66.4,None,0.0,Drip Irrigation,None / Healthy,1.05,4.33,4.55,0.0,28.0,14.0,MAINTENANCE_DRIP,Normal,4.47
Sugarcane,Fruiting,Black Soil,30.4,19.0,30.9,None,0.0,Sprinkler (Overhead),Pepper Bell Bacterial Spot,1.25,2.26,2.82,0.0,40.0,22.0,SUSPEND_OVERHEAD_BLIGHT,Immediate,0.0
Pepper Bell,Fruiting,Sandy Loam,16.9,26.0,46.7,Moderate,18.0,Sub-surface Drip,Potato Late Blight,1.1,3.11,3.42,11.88,22.0,10.0,DELAY_RAIN_EXPECTED,Low,0.0
Tomato,Seedling,Loamy,21.5,32.9,81.3,None,0.0,Sprinkler (Overhead),Tomato Septoria Leaf Spot,0.6,2.94,1.76,0.0,28.0,14.0,SUSPEND_OVERHEAD_BLIGHT,Immediate,0.0
Potato,Flowering,Sandy,15.8,15.7,75.4,None,0.0,Sprinkler (Overhead),None / Healthy,1.15,2.0,2.3,0.0,15.0,6.0,OPTIMAL_STANDBY,Low,0.0
Soybean,Flowering,Sandy Loam,18.5,14.2,25.9,Moderate,14.9,Sprinkler (Overhead),None / Healthy,1.15,2.0,2.3,9.45,22.0,10.0,DELAY_RAIN_EXPECTED,Low,0.0
Sugarcane,Flowering,Loamy,24.6,31.5,24.9,None,0.0,Drip Irrigation,Tomato Septoria Leaf Spot,1.25,4.93,6.16,0.0,28.0,14.0,MAINTENANCE_DRIP,Normal,5.5
Tomato,Fruiting,Black Soil,39.9,14.0,86.8,None,0.0,Sprinkler (Overhead),None / Healthy,1.2,2.0,2.4,0.0,40.0,22.0,OPTIMAL_STANDBY,Low,0.0
Tomato,Seedling,Black Soil,33.8,30.7,45.9,None,0.0,Sub-surface Drip,Tomato Yellow Leaf Curl Virus,0.6,3.97,2.38,0.0,40.0,22.0,MAINTENANCE_DRIP,Normal,2.53
Tomato,Vegetative,Loamy,24.5,35.0,38.7,None,0.0,Sprinkler (Overhead),None / Healthy,0.85,5.06,4.3,0.0,28.0,14.0,MAINTENANCE_DRIP,Normal,4.15
Rice,Fruiting,Black Soil,25.4,31.9,66.9,Low,4.0,Sub-surface Drip,None / Healthy,1.2,3.33,4.0,0.69,40.0,22.0,IRRIGATE_IMMEDIATELY,Immediate,4.86
Cotton,Maturity,Sandy Loam,6.4,15.9,51.9,None,0.0,Sub-surface Drip,None / Healthy,0.55,2.0,1.1,0.0,22.0,10.0,IRRIGATE_IMMEDIATELY,Immediate,3.5
Sugarcane,Vegetative,Loamy,22.6,26.0,86.6,None,0.0,Drip Irrigation,None / Healthy,0.85,2.11,1.79,0.0,28.0,14.0,MAINTENANCE_DRIP,Normal,1.83
Sugarcane,Flowering,Black Soil,35.5,30.2,27.4,Moderate,17.3,Sprinkler (Overhead),None / Healthy,1.25,4.56,5.7,11.33,40.0,22.0,DELAY_RAIN_EXPECTED,Low,0.0
Wheat,Maturity,Sandy,15.0,16.5,78.3,High,23.9,Flood / Surface,Pepper Bell Bacterial Spot,0.35,2.0,0.7,16.64,15.0,6.0,DELAY_RAIN_EXPECTED,Low,0.0
Sugarcane,Seedling,Sandy,11.1,30.7,84.3,Low,5.3,Sprinkler (Overhead),None / Healthy,0.45,2.66,1.2,1.75,15.0,6.0,MAINTENANCE_DRIP,Normal,1.5
Sugarcane,Seedling,Loamy,20.7,32.2,62.7,Low,4.5,Drip Irrigation,None / Healthy,0.45,3.54,1.59,1.13,28.0,14.0,MAINTENANCE_DRIP,Normal,1.9
Soybean,Maturity,Sandy Loam,18.8,28.1,30.9,Low,5.2,Drip Irrigation,None / Healthy,0.5,4.01,2.0,1.68,22.0,10.0,MAINTENANCE_DRIP,Normal,2.22
Rice,Flowering,Clay Loam,26.1,22.4,25.1,Moderate,17.1,Flood / Surface,Tomato Early Blight,1.25,3.05,3.81,11.2,34.0,18.0,DELAY_RAIN_EXPECTED,Low,0.0
Wheat,Maturity,Loamy,21.8,29.7,86.5,None,0.0,Drip Irrigation,None / Healthy,0.35,2.54,0.89,0.0,28.0,14.0,MAINTENANCE_DRIP,Normal,1.5
Potato,Seedling,Clay Loam,43.7,35.4,44.0,None,0.0,Drip Irrigation,None / Healthy,0.5,4.9,2.45,0.0,34.0,18.0,OPTIMAL_STANDBY,Low,0.0
Sugarcane,Maturity,Loamy,19.1,22.0,45.3,High,28.1,Drip Irrigation,None / Healthy,0.7,2.49,1.74,19.95,28.0,14.0,DELAY_RAIN_EXPECTED,Low,0.0
Pepper Bell,Vegetative,Clay Loam,37.3,31.9,69.1,High,21.2,Drip Irrigation,None / Healthy,0.8,3.24,2.59,14.46,34.0,18.0,DELAY_RAIN_EXPECTED,Low,0.0
Potato,Flowering,Clay Loam,16.0,26.8,94.1,Low,4.0,Drip Irrigation,None / Healthy,1.15,2.21,2.54,0.67,34.0,18.0,IRRIGATE_IMMEDIATELY,Immediate,3.5
Soybean,Seedling,Black Soil,24.8,18.6,38.9,Moderate,11.0,Drip Irrigation,None / Healthy,0.4,2.04,0.82,6.33,40.0,22.0,IRRIGATE_IMMEDIATELY,Immediate,3.5
Rice,Fruiting,Loamy,26.0,29.6,45.9,Low,3.1,Sprinkler (Overhead),Tomato Early Blight,1.2,3.77,4.52,0.0,28.0,14.0,SUSPEND_OVERHEAD_BLIGHT,Immediate,0.0
Corn,Maturity,Black Soil,36.0,36.5,93.0,Low,4.1,Sprinkler (Overhead),None / Healthy,0.6,3.37,2.02,0.82,40.0,22.0,OPTIMAL_STANDBY,Low,0.0
Potato,Maturity,Sandy,5.5,32.8,56.7,Moderate,11.8,Sprinkler (Overhead),None / Healthy,0.75,3.88,2.91,6.95,15.0,6.0,IRRIGATE_IMMEDIATELY,Immediate,3.9
Pepper Bell,Maturity,Black Soil,29.2,16.8,20.2,None,0.0,Sprinkler (Overhead),Potato Late Blight,0.85,2.03,1.73,0.0,40.0,22.0,SUSPEND_OVERHEAD_BLIGHT,Immediate,0.0
Soybean,Fruiting,Sandy Loam,14.7,33.6,40.7,Low,5.7,Drip Irrigation,None / Healthy,1.05,4.71,4.95,2.06,22.0,10.0,IRRIGATE_IMMEDIATELY,Immediate,5.92
Corn,Fruiting,Black Soil,44.2,26.3,70.3,Moderate,12.0,Sprinkler (Overhead),Tomato Yellow Leaf Curl Virus,1.1,2.45,2.7,7.11,40.0,22.0,OPTIMAL_STANDBY,Low,0.0
Cotton,Fruiting,Loamy,29.0,29.2,85.1,None,0.0,Flood / Surface,Tomato Septoria Leaf Spot,0.85,2.48,2.11,0.0,28.0,14.0,OPTIMAL_STANDBY,Low,0.0
Soybean,Fruiting,Loamy,18.9,23.7,34.7,Low,4.5,Drip Irrigation,Tomato Target Spot,1.05,3.06,3.21,1.08,28.0,14.0,IRRIGATE_IMMEDIATELY,Immediate,4.11
Sugarcane,Maturity,Sandy Loam,21.7,16.9,52.3,None,0.0,Sprinkler (Overhead),Pepper Bell Bacterial Spot,0.7,2.0,1.4,0.0,22.0,10.0,SUSPEND_OVERHEAD_BLIGHT,Immediate,0.0
Sugarcane,Flowering,Black Soil,36.6,40.5,81.8,Moderate,14.8,Drip Irrigation,Tomato Yellow Leaf Curl Virus,1.25,3.89,4.86,9.31,40.0,22.0,DELAY_RAIN_EXPECTED,Low,0.0
Pepper Bell,Maturity,Sandy,11.3,40.3,28.0,Low,1.7,Sprinkler (Overhead),None / Healthy,0.85,6.72,5.71,0.0,15.0,6.0,MAINTENANCE_DRIP,Normal,5.44
Sugarcane,Vegetative,Loamy,23.8,22.4,80.5,None,0.0,Drip Irrigation,None / Healthy,0.85,2.0,1.7,0.0,28.0,14.0,MAINTENANCE_DRIP,Normal,1.71
Pepper Bell,Flowering,Loamy,25.8,41.8,46.1,None,0.0,Drip Irrigation,None / Healthy,1.05,6.03,6.33,0.0,28.0,14.0,OPTIMAL_STANDBY,Low,0.0
Sugarcane,Fruiting,Sandy,12.5,16.1,88.2,None,0.0,Drip Irrigation,None / Healthy,1.25,2.0,2.5,0.0,15.0,6.0,MAINTENANCE_DRIP,Normal,2.23
Pepper Bell,Vegetative,Loamy,24.3,21.6,55.4,None,0.0,Sub-surface Drip,None / Healthy,0.8,2.19,1.75,0.0,28.0,14.0,MAINTENANCE_DRIP,Normal,1.93
Cotton,Vegetative,Loamy,37.0,34.6,61.3,None,0.0,Flood / Surface,Pepper Bell Bacterial Spot,0.75,3.97,2.98,0.0,28.0,14.0,OPTIMAL_STANDBY,Low,0.0
Cotton,Maturity,Sandy Loam,11.0,36.7,72.7,High,24.5,Sprinkler (Overhead),Tomato Yellow Leaf Curl Virus,0.55,3.75,2.06,17.07,22.0,10.0,IRRIGATE_IMMEDIATELY,Immediate,3.5
Sugarcane,Fruiting,Sandy Loam,21.9,26.3,74.3,None,0.0,Flood / Surface,None / Healthy,1.25,2.33,2.91,0.0,22.0,10.0,OPTIMAL_STANDBY,Low,0.0
Sugarcane,Vegetative,Sandy Loam,13.7,38.1,90.4,None,0.0,Drip Irrigation,None / Healthy,0.85,3.57,3.03,0.0,22.0,10.0,IRRIGATE_IMMEDIATELY,Immediate,3.9
Tomato,Seedling,Loamy,29.9,23.5,38.7,None,0.0,Drip Irrigation,None / Healthy,0.6,2.91,1.75,0.0,28.0,14.0,OPTIMAL_STANDBY,Low,0.0
Rice,Fruiting,Sandy Loam,28.3,30.9,92.4,None,0.0,Sprinkler (Overhead),None / Healthy,1.2,2.69,3.23,0.0,22.0,10.0,OPTIMAL_STANDBY,Low,0.0
Rice,Fruiting,Black Soil,34.5,37.5,90.6,Low,5.0,Drip Irrigation,None / Healthy,1.2,3.5,4.2,1.53,40.0,22.0,MAINTENANCE_DRIP,Normal,4.1
Potato,Seedling,Sandy,13.6,26.9,84.1,Low,3.3,Flood / Surface,Tomato Septoria Leaf Spot,0.5,2.22,1.11,0.16,15.0,6.0,OPTIMAL_STANDBY,Low,0.0
Soybean,Fruiting,Sandy,8.2,36.9,27.3,Moderate,14.5,Drip Irrigation,None / Healthy,1.05,6.0,6.3,9.08,15.0,6.0,IRRIGATE_IMMEDIATELY,Immediate,7.0
Sugarcane,Fruiting,Clay Loam,35.5,26.2,33.3,None,0.0,Drip Irrigation,None / Healthy,1.25,3.57,4.46,0.0,34.0,18.0,OPTIMAL_STANDBY,Low,0.0
Rice,Fruiting,Sandy Loam,17.0,38.9,76.4,Moderate,7.1,Drip Irrigation,None / Healthy,1.2,3.87,4.64,3.14,22.0,10.0,MAINTENANCE_DRIP,Normal,4.49
Wheat,Flowering,Loamy,13.8,32.0,79.6,Low,4.0,Drip Irrigation,None / Healthy,1.15,2.83,3.25,0.73,28.0,14.0,IRRIGATE_IMMEDIATELY,Immediate,4.03
Sugarcane,Flowering,Clay Loam,35.4,15.0,73.5,None,0.0,Flood / Surface,Tomato Septoria Leaf Spot,1.25,2.0,2.5,0.0,34.0,18.0,OPTIMAL_STANDBY,Low,0.0
Wheat,Fruiting,Clay Loam,26.9,16.8,44.8,Low,2.9,Flood / Surface,Tomato Target Spot,0.85,2.0,1.7,0.0,34.0,18.0,MAINTENANCE_DRIP,Normal,1.61
Potato,Seedling,Clay Loam,17.6,31.9,63.9,Low,1.9,Drip Irrigation,None / Healthy,0.5,3.46,1.73,0.0,34.0,18.0,IRRIGATE_IMMEDIATELY,Immediate,3.5
Tomato,Seedling,Sandy,5.7,19.3,90.3,None,0.0,Drip Irrigation,None / Healthy,0.6,2.0,1.2,0.0,15.0,6.0,IRRIGATE_IMMEDIATELY,Immediate,3.5
Wheat,Vegetative,Loamy,29.4,19.2,55.0,None,0.0,Drip Irrigation,None / Healthy,0.75,2.0,1.5,0.0,28.0,14.0,OPTIMAL_STANDBY,Low,0.0
Tomato,Maturity,Black Soil,30.7,37.6,73.8,Low,1.5,Drip Irrigation,None / Healthy,0.8,3.83,3.06,0.0,40.0,22.0,MAINTENANCE_DRIP,Normal,2.95
Cotton,Maturity,Sandy Loam,30.9,16.7,29.0,Moderate,13.4,Drip Irrigation,Pepper Bell Bacterial Spot,0.55,2.0,1.1,8.24,22.0,10.0,DELAY_RAIN_EXPECTED,Low,0.0
Cotton,Seedling,Black Soil,32.9,24.3,84.8,Low,1.1,Drip Irrigation,None / Healthy,0.45,2.0,0.9,0.0,40.0,22.0,MAINTENANCE_DRIP,Normal,1.5
Wheat,Vegetative,Sandy,5.1,42.0,83.6,Moderate,9.9,Flood / Surface,None / Healthy,0.75,4.08,3.06,5.39,15.0,6.0,IRRIGATE_IMMEDIATELY,Immediate,4.06
Potato,Maturity,Loamy,23.9,40.1,67.4,High,30.2,Drip Irrigation,None / Healthy,0.75,4.52,3.39,21.67,28.0,14.0,DELAY_RAIN_EXPECTED,Low,0.0
Potato,Vegetative,Sandy Loam,22.8,35.1,69.7,High,30.0,Flood / Surface,None / Healthy,0.8,3.67,2.94,21.47,22.0,10.0,DELAY_RAIN_EXPECTED,Low,0.0
Pepper Bell,Seedling,Black Soil,36.2,39.3,83.0,Low,1.1,Drip Irrigation,Tomato Early Blight,0.6,3.74,2.24,0.0,40.0,22.0,OPTIMAL_STANDBY,Low,0.0
Corn,Maturity,Sandy Loam,18.3,28.3,77.2,Low,2.1,Sub-surface Drip,None / Healthy,0.6,2.48,1.49,0.0,22.0,10.0,MAINTENANCE_DRIP,Normal,1.5
Potato,Vegetative,Sandy,10.5,26.6,38.2,None,0.0,Sub-surface Drip,None / Healthy,0.8,3.49,2.79,0.0,15.0,6.0,MAINTENANCE_DRIP,Normal,2.93
Soybean,Vegetative,Clay Loam,26.1,41.0,64.0,Moderate,10.3,Drip Irrigation,None / Healthy,0.7,4.85,3.39,5.77,34.0,18.0,DELAY_RAIN_EXPECTED,Moderate,0.0
Corn,Seedling,Sandy Loam,17.8,19.0,43.1,None,0.0,Drip Irrigation,None / Healthy,0.4,2.04,0.82,0.0,22.0,10.0,MAINTENANCE_DRIP,Normal,1.5
Wheat,Maturity,Loamy,21.2,20.9,73.3,Moderate,15.5,Flood / Surface,Tomato Target Spot,0.35,2.0,0.7,9.89,28.0,14.0,DELAY_RAIN_EXPECTED,Low,0.0
Tomato,Vegetative,Loamy,22.9,26.9,70.8,Low,3.7,Drip Irrigation,None / Healthy,0.85,2.51,2.13,0.45,28.0,14.0,MAINTENANCE_DRIP,Normal,1.97
Wheat,Fruiting,Sandy,11.4,20.4,81.2,None,0.0,Sprinkler (Overhead),None / Healthy,0.85,2.0,1.7,0.0,15.0,6.0,MAINTENANCE_DRIP,Normal,1.79
Rice,Maturity,Black Soil,42.0,38.2,58.1,High,43.3,Flood / Surface,None / Healthy,0.95,4.71,4.47,32.14,40.0,22.0,DELAY_RAIN_EXPECTED,Low,0.0
Soybean,Maturity,Loamy,14.6,15.8,63.9,None,0.0,Drip Irrigation,None / Healthy,0.5,2.0,1.0,0.0,28.0,14.0,IRRIGATE_IMMEDIATELY,Immediate,3.5
Sugarcane,Seedling,Clay Loam,19.8,25.4,46.5,None,0.0,Sprinkler (Overhead),None / Healthy,0.45,3.03,1.36,0.0,34.0,18.0,IRRIGATE_IMMEDIATELY,Immediate,3.5
Potato,Seedling,Sandy,14.7,33.5,46.4,None,0.0,Drip Irrigation,None / Healthy,0.5,4.44,2.22,0.0,15.0,6.0,OPTIMAL_STANDBY,Low,0.0
Rice,Maturity,Clay Loam,32.1,35.5,62.9,None,0.0,Flood / Surface,None / Healthy,0.95,4.04,3.84,0.0,34.0,18.0,OPTIMAL_STANDBY,Low,0.0
Sugarcane,Seedling,Clay Loam,17.0,38.0,22.0,None,0.0,Sprinkler (Overhead),None / Healthy,0.45,6.52,2.93,0.0,34.0,18.0,IRRIGATE_IMMEDIATELY,Immediate,4.22
Rice,Seedling,Loamy,12.8,36.9,20.9,Low,5.0,Drip Irrigation,None / Healthy,1.05,6.33,6.65,1.53,28.0,14.0,IRRIGATE_IMMEDIATELY,Immediate,7.0
Cotton,Vegetative,Loamy,12.7,36.4,59.5,Moderate,10.9,Drip Irrigation,None / Healthy,0.75,4.35,3.26,6.25,28.0,14.0,IRRIGATE_IMMEDIATELY,Immediate,4.49
Wheat,Flowering,Sandy,4.0,35.6,28.0,None,0.0,Drip Irrigation,None / Healthy,1.15,5.68,6.53,0.0,15.0,6.0,IRRIGATE_IMMEDIATELY,Immediate,7.0
Sugarcane,Fruiting,Clay Loam,25.8,17.7,50.1,Low,3.8,Flood / Surface,Pepper Bell Bacterial Spot,1.25,2.0,2.5,0.58,34.0,18.0,MAINTENANCE_DRIP,Normal,2.44
Corn,Vegetative,Sandy,23.6,38.6,24.7,High,34.2,Flood / Surface,Tomato Yellow Leaf Curl Virus,0.85,6.51,5.53,24.86,15.0,6.0,DELAY_RAIN_EXPECTED,Low,0.0
Rice,Flowering,Black Soil,31.6,19.5,23.1,None,0.0,Flood / Surface,None / Healthy,1.25,2.52,3.15,0.0,40.0,22.0,MAINTENANCE_DRIP,Normal,3.18
Rice,Flowering,Black Soil,31.5,29.6,76.7,Low,2.3,Drip Irrigation,Tomato Early Blight,1.25,2.65,3.31,0.0,40.0,22.0,MAINTENANCE_DRIP,Normal,3.4
Cotton,Vegetative,Sandy,19.5,18.8,93.5,Moderate,9.0,Sprinkler (Overhead),None / Healthy,0.75,2.0,1.5,4.71,15.0,6.0,OPTIMAL_STANDBY,Low,0.0
Corn,Flowering,Black Soil,40.8,14.1,71.1,Moderate,11.5,Flood / Surface,None / Healthy,1.2,2.0,2.4,6.72,40.0,22.0,OPTIMAL_STANDBY,Low,0.0
Sugarcane,Fruiting,Sandy,4.1,27.8,23.1,Low,1.8,Sub-surface Drip,None / Healthy,1.25,4.22,5.27,0.0,15.0,6.0,IRRIGATE_IMMEDIATELY,Immediate,6.75
Tomato,Fruiting,Loamy,18.3,27.0,25.5,None,0.0,Sprinkler (Overhead),None / Healthy,1.2,3.96,4.75,0.0,28.0,14.0,IRRIGATE_IMMEDIATELY,Immediate,6.02
Tomato,Vegetative,Sandy,9.0,37.7,89.0,Moderate,12.9,Flood / Surface,None / Healthy,0.85,3.53,3.0,7.82,15.0,6.0,IRRIGATE_IMMEDIATELY,Immediate,4.07
Rice,Fruiting,Black Soil,35.0,19.5,33.6,None,0.0,Drip Irrigation,None / Healthy,1.2,2.31,2.77,0.0,40.0,22.0,MAINTENANCE_DRIP,Normal,2.79
Wheat,Fruiting,Sandy,4.0,28.4,70.3,None,0.0,Drip Irrigation,None / Healthy,0.85,2.73,2.32,0.0,15.0,6.0,IRRIGATE_IMMEDIATELY,Immediate,3.5
Pepper Bell,Vegetative,Black Soil,31.7,16.1,35.1,Moderate,14.2,Sprinkler (Overhead),None / Healthy,0.8,2.0,1.6,8.89,40.0,22.0,DELAY_RAIN_EXPECTED,Low,0.0
Corn,Maturity,Sandy Loam,10.0,40.4,79.7,Low,3.8,Sprinkler (Overhead),None / Healthy,0.6,3.89,2.33,0.53,22.0,10.0,IRRIGATE_IMMEDIATELY,Immediate,3.5
Soybean,Seedling,Clay Loam,27.8,15.5,50.1,Moderate,10.7,Drip Irrigation,Tomato Septoria Leaf Spot,0.4,2.0,0.8,6.06,34.0,18.0,DELAY_RAIN_EXPECTED,Moderate,0.0
Pepper Bell,Seedling,Loamy,22.2,16.8,79.1,None,0.0,Flood / Surface,None / Healthy,0.6,2.0,1.2,0.0,28.0,14.0,MAINTENANCE_DRIP,Normal,1.5
Rice,Maturity,Sandy,10.2,42.0,65.9,Moderate,8.1,Drip Irrigation,Tomato Yellow Leaf Curl Virus,0.95,4.9,4.66,4.02,15.0,6.0,DELAY_RAIN_EXPECTED,Moderate,0.0
Rice,Maturity,Black Soil,35.3,41.6,47.6,Moderate,10.9,Drip Irrigation,None / Healthy,0.95,5.9,5.61,6.19,40.0,22.0,DELAY_RAIN_EXPECTED,Moderate,0.0
Potato,Fruiting,Black Soil,30.4,38.4,34.0,None,0.0,Sub-surface Drip,None / Healthy,1.15,5.99,6.89,0.0,40.0,22.0,MAINTENANCE_DRIP,Normal,5.5
Pepper Bell,Fruiting,Black Soil,49.2,31.3,84.2,Low,1.8,Drip Irrigation,None / Healthy,1.1,2.73,3.0,0.0,40.0,22.0,OPTIMAL_STANDBY,Low,0.0
Pepper Bell,Seedling,Black Soil,33.5,14.3,67.3,Low,3.4,Drip Irrigation,None / Healthy,0.6,2.0,1.2,0.2,40.0,22.0,MAINTENANCE_DRIP,Normal,1.5
Sugarcane,Seedling,Clay Loam,33.4,22.6,82.3,Low,5.7,Drip Irrigation,None / Healthy,0.45,2.0,0.9,2.04,34.0,18.0,OPTIMAL_STANDBY,Low,0.0
Cotton,Vegetative,Clay Loam,20.4,18.1,70.6,None,0.0,Flood / Surface,None / Healthy,0.75,2.0,1.5,0.0,34.0,18.0,IRRIGATE_IMMEDIATELY,Immediate,3.5
Sugarcane,Vegetative,Clay Loam,29.3,32.2,32.6,Moderate,10.5,Drip Irrigation,Tomato Septoria Leaf Spot,0.85,4.78,4.06,5.91,34.0,18.0,DELAY_RAIN_EXPECTED,Moderate,0.0
Potato,Flowering,Black Soil,26.4,14.5,52.8,Low,4.3,Sprinkler (Overhead),None / Healthy,1.15,2.0,2.3,0.98,40.0,22.0,IRRIGATE_IMMEDIATELY,Immediate,3.5
Pepper Bell,Seedling,Sandy,9.3,37.1,74.7,None,0.0,Sprinkler (Overhead),Tomato Target Spot,0.6,3.71,2.23,0.0,15.0,6.0,SUSPEND_OVERHEAD_BLIGHT,Immediate,0.0
Wheat,Flowering,Sandy,5.0,30.1,29.7,Low,1.9,Flood / Surface,None / Healthy,1.15,4.46,5.13,0.0,15.0,6.0,IRRIGATE_IMMEDIATELY,Immediate,6.66
Soybean,Fruiting,Clay Loam,28.0,32.9,74.5,None,0.0,Sprinkler (Overhead),None / Healthy,1.05,3.16,3.32,0.0,34.0,18.0,MAINTENANCE_DRIP,Normal,3.24
Sugarcane,Seedling,Sandy,11.8,36.6,79.8,High,31.9,Drip Irrigation,Tomato Early Blight,0.45,3.4,1.53,22.99,15.0,6.0,DELAY_RAIN_EXPECTED,Low,0.0
Wheat,Seedling,Sandy,4.7,32.9,67.9,Low,2.9,Drip Irrigation,None / Healthy,0.4,3.44,1.38,0.0,15.0,6.0,IRRIGATE_IMMEDIATELY,Immediate,3.5
Potato,Maturity,Clay Loam,29.2,40.5,90.9,None,0.0,Flood / Surface,None / Healthy,0.75,3.89,2.92,0.0,34.0,18.0,MAINTENANCE_DRIP,Normal,2.95
Potato,Fruiting,Sandy,10.9,35.6,82.7,Moderate,15.8,Sprinkler (Overhead),Tomato Target Spot,1.15,3.26,3.75,10.18,15.0,6.0,SUSPEND_OVERHEAD_BLIGHT,Immediate,0.0
Soybean,Fruiting,Black Soil,36.4,16.7,94.8,Moderate,15.3,Flood / Surface,None / Healthy,1.05,2.0,2.1,9.76,40.0,22.0,DELAY_RAIN_EXPECTED,Low,0.0
Rice,Fruiting,Black Soil,50.1,23.1,71.6,Moderate,9.8,Drip Irrigation,None / Healthy,1.2,2.0,2.4,5.37,40.0,22.0,OPTIMAL_STANDBY,Low,0.0
Rice,Fruiting,Sandy,4.2,18.2,79.6,None,0.0,Drip Irrigation,None / Healthy,1.2,2.0,2.4,0.0,15.0,6.0,IRRIGATE_IMMEDIATELY,Immediate,3.5
Potato,Maturity,Clay Loam,31.7,31.9,43.5,Moderate,9.5,Drip Irrigation,None / Healthy,0.75,4.28,3.21,5.07,34.0,18.0,OPTIMAL_STANDBY,Low,0.0
Cotton,Flowering,Black Soil,20.6,33.2,58.9,None,0.0,Drip Irrigation,Tomato Yellow Leaf Curl Virus,1.2,3.86,4.63,0.0,40.0,22.0,IRRIGATE_IMMEDIATELY,Immediate,5.85
Tomato,Maturity,Clay Loam,29.4,33.0,76.8,Low,1.9,Sub-surface Drip,None / Healthy,0.8,3.08,2.46,0.0,34.0,18.0,MAINTENANCE_DRIP,Normal,2.34
Rice,Maturity,Loamy,21.1,17.8,72.9,Moderate,17.1,Sprinkler (Overhead),None / Healthy,0.95,2.0,1.9,11.19,28.0,14.0,DELAY_RAIN_EXPECTED,Low,0.0
Sugarcane,Maturity,Sandy Loam,20.0,27.3,62.4,None,0.0,Drip Irrigation,None / Healthy,0.7,2.83,1.98,0.0,22.0,10.0,OPTIMAL_STANDBY,Low,0.0
Rice,Maturity,Loamy,23.2,39.2,53.1,Low,5.7,Sprinkler (Overhead),None / Healthy,0.95,5.15,4.89,2.07,28.0,14.0,MAINTENANCE_DRIP,Normal,4.74
Soybean,Flowering,Loamy,13.4,18.9,42.6,Low,4.7,Sprinkler (Overhead),None / Healthy,1.15,2.02,2.32,1.24,28.0,14.0,IRRIGATE_IMMEDIATELY,Immediate,3.5
Sugarcane,Fruiting,Loamy,15.1,20.9,73.5,Low,3.2,Drip Irrigation,None / Healthy,1.25,2.0,2.5,0.09,28.0,14.0,IRRIGATE_IMMEDIATELY,Immediate,3.5
Tomato,Flowering,Loamy,29.1,18.7,83.0,Moderate,10.6,Flood / Surface,None / Healthy,1.15,2.0,2.3,6.0,28.0,14.0,OPTIMAL_STANDBY,Low,0.0
Tomato,Vegetative,Sandy,10.8,19.2,22.3,Moderate,16.5,Flood / Surface,None / Healthy,0.85,2.47,2.1,10.71,15.0,6.0,DELAY_RAIN_EXPECTED,Low,0.0
Corn,Vegetative,Black Soil,35.3,37.9,34.7,Low,2.6,Sprinkler (Overhead),None / Healthy,0.85,5.85,4.97,0.0,40.0,22.0,MAINTENANCE_DRIP,Normal,4.77
Corn,Vegetative,Black Soil,38.2,32.1,24.4,Moderate,14.7,Sub-surface Drip,None / Healthy,0.85,5.07,4.31,9.22,40.0,22.0,DELAY_RAIN_EXPECTED,Low,0.0
Sugarcane,Fruiting,Loamy,21.2,36.9,49.1,None,0.0,Sprinkler (Overhead),None / Healthy,1.25,4.94,6.18,0.0,28.0,14.0,MAINTENANCE_DRIP,Normal,5.5
Tomato,Fruiting,Sandy Loam,25.6,40.4,87.2,High,19.1,Sprinkler (Overhead),None / Healthy,1.2,3.88,4.66,12.77,22.0,10.0,DELAY_RAIN_EXPECTED,Low,0.0
Tomato,Vegetative,Black Soil,37.7,14.7,55.7,Low,3.2,Drip Irrigation,None / Healthy,0.85,2.0,1.7,0.07,40.0,22.0,OPTIMAL_STANDBY,Low,0.0
Wheat,Fruiting,Black Soil,27.5,24.4,92.9,None,0.0,Drip Irrigation,Tomato Yellow Leaf Curl Virus,0.85,2.0,1.7,0.0,40.0,22.0,IRRIGATE_IMMEDIATELY,Immediate,3.5
Cotton,Maturity,Loamy,22.4,34.0,94.5,Low,5.5,Drip Irrigation,None / Healthy,0.55,3.06,1.68,1.94,28.0,14.0,MAINTENANCE_DRIP,Normal,1.93
Wheat,Seedling,Sandy,6.4,35.3,79.0,None,0.0,Flood / Surface,None / Healthy,0.4,3.28,1.31,0.0,15.0,6.0,IRRIGATE_IMMEDIATELY,Immediate,3.5
Pepper Bell,Vegetative,Clay Loam,21.4,14.0,37.6,Moderate,8.0,Drip Irrigation,None / Healthy,0.8,2.0,1.6,3.89,34.0,18.0,IRRIGATE_IMMEDIATELY,Immediate,3.5
Potato,Seedling,Loamy,21.8,17.5,52.8,Low,3.2,Drip Irrigation,None / Healthy,0.5,2.0,1.0,0.08,28.0,14.0,MAINTENANCE_DRIP,Normal,1.5
Corn,Seedling,Sandy,6.8,32.2,51.6,Moderate,17.6,Drip Irrigation,None / Healthy,0.4,4.0,1.6,11.56,15.0,6.0,IRRIGATE_IMMEDIATELY,Immediate,3.5
Sugarcane,Flowering,Clay Loam,20.9,35.5,30.5,None,0.0,Sprinkler (Overhead),None / Healthy,1.25,5.54,6.92,0.0,34.0,18.0,IRRIGATE_IMMEDIATELY,Immediate,7.0
Cotton,Vegetative,Clay Loam,31.3,15.7,36.4,None,0.0,Drip Irrigation,Tomato Yellow Leaf Curl Virus,0.75,2.0,1.5,0.0,34.0,18.0,OPTIMAL_STANDBY,Low,0.0
Pepper Bell,Vegetative,Loamy,22.6,33.0,67.8,None,0.0,Flood / Surface,Tomato Target Spot,0.8,3.46,2.77,0.0,28.0,14.0,MAINTENANCE_DRIP,Normal,2.89
Corn,Flowering,Sandy Loam,13.8,21.7,85.6,None,0.0,Drip Irrigation,None / Healthy,1.2,2.0,2.4,0.0,22.0,10.0,IRRIGATE_IMMEDIATELY,Immediate,3.5
Potato,Maturity,Sandy Loam,16.4,25.9,70.4,None,0.0,Sprinkler (Overhead),None / Healthy,0.75,2.39,1.79,0.0,22.0,10.0,MAINTENANCE_DRIP,Normal,1.69
Potato,Fruiting,Black Soil,32.1,28.1,41.2,None,0.0,Drip Irrigation,None / Healthy,1.15,3.66,4.21,0.0,40.0,22.0,MAINTENANCE_DRIP,Normal,4.31
Tomato,Flowering,Clay Loam,27.2,36.8,90.5,None,0.0,Flood / Surface,Tomato Septoria Leaf Spot,1.15,3.41,3.92,0.0,34.0,18.0,MAINTENANCE_DRIP,Normal,4.14
Soybean,Vegetative,Black Soil,35.0,17.2,43.7,Low,1.5,Flood / Surface,Tomato Early Blight,0.7,2.0,1.4,0.0,40.0,22.0,MAINTENANCE_DRIP,Normal,1.51
Pepper Bell,Flowering,Clay Loam,20.5,21.8,24.0,None,0.0,Drip Irrigation,None / Healthy,1.05,2.96,3.11,0.0,34.0,18.0,IRRIGATE_IMMEDIATELY,Immediate,4.07
Sugarcane,Flowering,Sandy Loam,8.6,21.2,43.3,Moderate,12.3,Sprinkler (Overhead),None / Healthy,1.25,2.41,3.01,7.31,22.0,10.0,IRRIGATE_IMMEDIATELY,Immediate,3.57
Wheat,Fruiting,Clay Loam,22.5,27.3,48.8,Moderate,9.1,Drip Irrigation,Tomato Yellow Leaf Curl Virus,0.85,3.27,2.78,4.8,34.0,18.0,IRRIGATE_IMMEDIATELY,Immediate,3.5
Tomato,Seedling,Loamy,22.4,23.2,91.0,None,0.0,Drip Irrigation,None / Healthy,0.6,2.0,1.2,0.0,28.0,14.0,MAINTENANCE_DRIP,Normal,1.5
Rice,Maturity,Black Soil,44.0,28.0,87.7,None,0.0,Flood / Surface,Tomato Target Spot,0.95,2.35,2.23,0.0,40.0,22.0,OPTIMAL_STANDBY,Low,0.0
Cotton,Fruiting,Sandy Loam,15.5,28.2,60.3,Low,2.2,Flood / Surface,None / Healthy,0.85,3.04,2.58,0.0,22.0,10.0,MAINTENANCE_DRIP,Normal,2.39
Rice,Fruiting,Black Soil,23.8,40.4,73.0,None,0.0,Sprinkler (Overhead),None / Healthy,1.2,4.26,5.11,0.0,40.0,22.0,IRRIGATE_IMMEDIATELY,Immediate,6.67
Wheat,Vegetative,Loamy,21.4,15.4,72.7,Moderate,17.8,Drip Irrigation,Pepper Bell Bacterial Spot,0.75,2.0,1.5,11.7,28.0,14.0,DELAY_RAIN_EXPECTED,Low,0.0
Potato,Vegetative,Loamy,36.0,38.0,57.4,None,0.0,Sprinkler (Overhead),Potato Late Blight,0.8,4.71,3.77,0.0,28.0,14.0,SUSPEND_OVERHEAD_BLIGHT,Immediate,0.0
Cotton,Flowering,Clay Loam,28.6,41.0,21.2,High,37.7,Sprinkler (Overhead),None / Healthy,1.2,7.27,8.72,27.7,34.0,18.0,DELAY_RAIN_EXPECTED,Low,0.0
Pepper Bell,Vegetative,Loamy,39.5,33.0,53.3,None,0.0,Sub-surface Drip,None / Healthy,0.8,4.07,3.26,0.0,28.0,14.0,OPTIMAL_STANDBY,Low,0.0
Potato,Flowering,Black Soil,18.5,21.7,84.4,Moderate,7.0,Flood / Surface,None / Healthy,1.15,2.0,2.3,3.12,40.0,22.0,IRRIGATE_IMMEDIATELY,Immediate,3.5
Tomato,Maturity,Black Soil,38.7,27.1,54.4,None,0.0,Drip Irrigation,Potato Late Blight,0.8,3.07,2.46,0.0,40.0,22.0,OPTIMAL_STANDBY,Low,0.0
Pepper Bell,Fruiting,Loamy,23.0,17.4,87.3,Low,1.4,Drip Irrigation,None / Healthy,1.1,2.0,2.2,0.0,28.0,14.0,MAINTENANCE_DRIP,Normal,2.07
Pepper Bell,Fruiting,Clay Loam,38.8,23.4,40.4,None,0.0,Drip Irrigation,Tomato Yellow Leaf Curl Virus,1.1,2.85,3.14,0.0,34.0,18.0,OPTIMAL_STANDBY,Low,0.0
Rice,Maturity,Loamy,24.0,39.7,20.7,None,0.0,Drip Irrigation,None / Healthy,0.95,6.99,6.64,0.0,28.0,14.0,MAINTENANCE_DRIP,Normal,5.5
Pepper Bell,Vegetative,Sandy,13.6,20.1,67.8,None,0.0,Drip Irrigation,None / Healthy,0.8,2.0,1.6,0.0,15.0,6.0,OPTIMAL_STANDBY,Low,0.0
Pepper Bell,Vegetative,Black Soil,36.6,32.9,63.5,None,0.0,Sprinkler (Overhead),None / Healthy,0.8,3.62,2.9,0.0,40.0,22.0,OPTIMAL_STANDBY,Low,0.0
Wheat,Vegetative,Black Soil,34.7,39.1,84.9,None,0.0,Drip Irrigation,None / Healthy,0.75,3.71,2.78,0.0,40.0,22.0,MAINTENANCE_DRIP,Normal,3.14
Wheat,Maturity,Clay Loam,29.0,20.7,36.8,None,0.0,Drip Irrigation,None / Healthy,0.35,2.46,0.86,0.0,34.0,18.0,MAINTENANCE_DRIP,Normal,1.5
Corn,Fruiting,Black Soil,38.4,38.7,45.2,Moderate,10.0,Sprinkler (Overhead),None / Healthy,1.1,5.46,6.01,5.49,40.0,22.0,OPTIMAL_STANDBY,Low,0.0
Pepper Bell,Maturity,Sandy Loam,21.1,14.6,59.7,High,19.1,Sprinkler (Overhead),None / Healthy,0.85,2.0,1.7,12.79,22.0,10.0,DELAY_RAIN_EXPECTED,Low,0.0
Potato,Flowering,Loamy,13.9,32.9,89.7,None,0.0,Flood / Surface,Pepper Bell Bacterial Spot,1.15,2.93,3.37,0.0,28.0,14.0,IRRIGATE_IMMEDIATELY,Immediate,4.57
Potato,Fruiting,Sandy Loam,23.3,36.4,91.5,Low,4.7,Flood / Surface,None / Healthy,1.15,3.36,3.86,1.23,22.0,10.0,OPTIMAL_STANDBY,Low,0.0
Wheat,Maturity,Clay Loam,29.7,25.0,53.0,Low,3.7,Sprinkler (Overhead),None / Healthy,0.35,2.78,0.97,0.44,34.0,18.0,MAINTENANCE_DRIP,Normal,1.5
Pepper Bell,Maturity,Black Soil,29.6,37.4,51.7,None,0.0,Sub-surface Drip,None / Healthy,0.85,4.9,4.17,0.0,40.0,22.0,IRRIGATE_IMMEDIATELY,Immediate,5.24
Corn,Seedling,Loamy,23.0,19.3,77.7,Moderate,10.8,Sub-surface Drip,None / Healthy,0.4,2.0,0.8,6.16,28.0,14.0,DELAY_RAIN_EXPECTED,Moderate,0.0
Pepper Bell,Flowering,Clay Loam,29.2,30.0,42.0,Moderate,9.7,Drip Irrigation,None / Healthy,1.05,3.98,4.18,5.23,34.0,18.0,DELAY_RAIN_EXPECTED,Moderate,0.0
Corn,Vegetative,Clay Loam,24.5,29.4,27.9,None,0.0,Drip Irrigation,None / Healthy,0.85,4.39,3.73,0.0,34.0,18.0,IRRIGATE_IMMEDIATELY,Immediate,4.87
Wheat,Flowering,Loamy,16.2,35.8,57.5,None,0.0,Sprinkler (Overhead),None / Healthy,1.15,4.34,4.99,0.0,28.0,14.0,IRRIGATE_IMMEDIATELY,Immediate,6.16
Wheat,Fruiting,Black Soil,44.8,42.0,61.1,Low,3.1,Flood / Surface,None / Healthy,0.85,5.18,4.4,0.0,40.0,22.0,OPTIMAL_STANDBY,Low,0.0
Rice,Vegetative,Sandy,10.4,41.8,36.6,None,0.0,Drip Irrigation,None / Healthy,1.15,6.57,7.56,0.0,15.0,6.0,MAINTENANCE_DRIP,Normal,5.5
Wheat,Seedling,Black Soil,52.5,37.3,69.8,High,41.4,Drip Irrigation,None / Healthy,0.4,3.98,1.59,30.61,40.0,22.0,DELAY_RAIN_EXPECTED,Low,0.0
Pepper Bell,Seedling,Loamy,21.1,15.5,54.2,Moderate,15.2,Flood / Surface,None / Healthy,0.6,2.0,1.2,9.67,28.0,14.0,DELAY_RAIN_EXPECTED,Low,0.0
Tomato,Fruiting,Clay Loam,32.6,30.4,23.6,Low,4.6,Drip Irrigation,Tomato Septoria Leaf Spot,1.2,4.75,5.7,1.19,34.0,18.0,OPTIMAL_STANDBY,Low,0.0
Potato,Fruiting,Clay Loam,15.9,39.6,63.8,Low,2.9,Drip Irrigation,None / Healthy,1.15,4.64,5.34,0.0,34.0,18.0,IRRIGATE_IMMEDIATELY,Immediate,6.72
Corn,Flowering,Sandy Loam,13.5,22.3,38.4,High,44.7,Sub-surface Drip,None / Healthy,1.2,2.71,3.25,33.26,22.0,10.0,IRRIGATE_IMMEDIATELY,Immediate,4.25
Cotton,Flowering,Clay Loam,29.8,27.5,60.1,High,31.4,Flood / Surface,None / Healthy,1.2,2.94,3.53,22.65,34.0,18.0,DELAY_RAIN_EXPECTED,Low,0.0
Potato,Maturity,Clay Loam,14.7,14.4,69.5,None,0.0,Drip Irrigation,None / Healthy,0.75,2.0,1.5,0.0,34.0,18.0,IRRIGATE_IMMEDIATELY,Immediate,3.5
Tomato,Fruiting,Sandy,10.1,28.3,31.8,Low,4.1,Drip Irrigation,None / Healthy,1.2,4.03,4.84,0.81,15.0,6.0,MAINTENANCE_DRIP,Normal,4.79
Potato,Seedling,Black Soil,18.6,41.0,85.1,None,0.0,Drip Irrigation,None / Healthy,0.5,3.95,1.98,0.0,40.0,22.0,IRRIGATE_IMMEDIATELY,Immediate,3.5
Rice,Seedling,Loamy,24.1,15.8,35.0,Low,4.1,Drip Irrigation,None / Healthy,1.05,2.0,2.1,0.81,28.0,14.0,MAINTENANCE_DRIP,Normal,2.31
Cotton,Seedling,Clay Loam,33.0,36.5,80.6,None,0.0,Flood / Surface,None / Healthy,0.45,3.38,1.52,0.0,34.0,18.0,OPTIMAL_STANDBY,Low,0.0
Wheat,Seedling,Black Soil,33.1,18.1,75.5,Moderate,7.6,Drip Irrigation,Pepper Bell Bacterial Spot,0.4,2.0,0.8,3.58,40.0,22.0,MAINTENANCE_DRIP,Normal,1.5
Cotton,Maturity,Sandy,16.0,24.7,21.6,Low,1.1,Drip Irrigation,None / Healthy,0.55,3.61,1.99,0.0,15.0,6.0,OPTIMAL_STANDBY,Low,0.0
Rice,Seedling,Sandy Loam,19.1,40.8,56.1,Low,4.4,Sprinkler (Overhead),Potato Late Blight,1.05,5.27,5.53,1.01,22.0,10.0,SUSPEND_OVERHEAD_BLIGHT,Immediate,0.0
Rice,Vegetative,Loamy,12.7,23.9,60.8,Moderate,8.5,Drip Irrigation,None / Healthy,1.15,2.39,2.75,4.27,28.0,14.0,IRRIGATE_IMMEDIATELY,Immediate,3.5
Sugarcane,Flowering,Sandy Loam,25.9,24.7,22.6,Low,4.6,Flood / Surface,None / Healthy,1.25,3.58,4.47,1.21,22.0,10.0,OPTIMAL_STANDBY,Low,0.0
Wheat,Maturity,Clay Loam,45.2,39.7,63.7,None,0.0,Drip Irrigation,Tomato Target Spot,0.35,4.67,1.63,0.0,34.0,18.0,OPTIMAL_STANDBY,Low,0.0
Corn,Flowering,Sandy,10.7,15.7,32.6,Moderate,11.5,Drip Irrigation,Tomato Early Blight,1.2,2.0,2.4,6.71,15.0,6.0,DELAY_RAIN_EXPECTED,Moderate,0.0
Pepper Bell,Flowering,Loamy,22.0,20.6,40.3,Moderate,8.0,Flood / Surface,Tomato Target Spot,1.05,2.37,2.49,3.93,28.0,14.0,MAINTENANCE_DRIP,Normal,2.3
Tomato,Flowering,Clay Loam,25.6,20.4,85.9,Moderate,7.7,Sprinkler (Overhead),None / Healthy,1.15,2.0,2.3,3.69,34.0,18.0,MAINTENANCE_DRIP,Normal,2.3
Pepper Bell,Vegetative,Black Soil,34.7,14.5,51.4,Low,5.9,Sub-surface Drip,None / Healthy,0.8,2.0,1.6,2.24,40.0,22.0,MAINTENANCE_DRIP,Normal,1.6
Corn,Flowering,Black Soil,50.5,39.5,81.3,High,44.6,Drip Irrigation,None / Healthy,1.2,3.76,4.51,33.17,40.0,22.0,DELAY_RAIN_EXPECTED,Low,0.0
Sugarcane,Vegetative,Sandy,20.0,31.3,65.7,None,0.0,Drip Irrigation,Tomato Septoria Leaf Spot,0.85,3.3,2.8,0.0,15.0,6.0,OPTIMAL_STANDBY,Low,0.0
Soybean,Flowering,Sandy Loam,21.7,37.0,33.5,Moderate,14.6,Flood / Surface,Tomato Early Blight,1.15,5.73,6.59,9.22,22.0,10.0,DELAY_RAIN_EXPECTED,Low,0.0
Tomato,Fruiting,Sandy Loam,18.0,28.0,72.7,Moderate,15.5,Drip Irrigation,Potato Late Blight,1.2,2.59,3.11,9.89,22.0,10.0,DELAY_RAIN_EXPECTED,Low,0.0
Soybean,Vegetative,Sandy,12.6,32.1,24.4,Moderate,16.0,Drip Irrigation,None / Healthy,0.7,5.09,3.56,10.3,15.0,6.0,DELAY_RAIN_EXPECTED,Low,0.0
Potato,Maturity,Clay Loam,20.5,16.1,83.8,None,0.0,Flood / Surface,None / Healthy,0.75,2.0,1.5,0.0,34.0,18.0,IRRIGATE_IMMEDIATELY,Immediate,3.5
Rice,Flowering,Sandy Loam,15.6,33.5,20.5,None,0.0,Drip Irrigation,None / Healthy,1.25,5.55,6.94,0.0,22.0,10.0,MAINTENANCE_DRIP,Normal,5.5
Soybean,Maturity,Sandy Loam,17.4,24.5,63.6,None,0.0,Drip Irrigation,None / Healthy,0.5,2.41,1.21,0.0,22.0,10.0,MAINTENANCE_DRIP,Normal,1.5
Sugarcane,Flowering,Sandy Loam,17.0,16.6,45.7,Moderate,8.3,Sub-surface Drip,Pepper Bell Bacterial Spot,1.25,2.0,2.5,4.14,22.0,10.0,DELAY_RAIN_EXPECTED,Moderate,0.0
Wheat,Flowering,Clay Loam,34.7,26.1,49.3,None,0.0,Sprinkler (Overhead),None / Healthy,1.15,3.05,3.51,0.0,34.0,18.0,OPTIMAL_STANDBY,Low,0.0
Potato,Maturity,Sandy,11.8,22.3,71.1,Moderate,14.7,Drip Irrigation,None / Healthy,0.75,2.0,1.5,9.29,15.0,6.0,DELAY_RAIN_EXPECTED,Low,0.0
Tomato,Seedling,Black Soil,35.1,14.5,37.0,Moderate,14.8,Drip Irrigation,None / Healthy,0.6,2.0,1.2,9.34,40.0,22.0,DELAY_RAIN_EXPECTED,Low,0.0
Potato,Seedling,Clay Loam,26.1,28.2,89.4,Low,2.7,Drip Irrigation,Pepper Bell Bacterial Spot,0.5,2.37,1.19,0.0,34.0,18.0,MAINTENANCE_DRIP,Normal,1.5
Cotton,Fruiting,Clay Loam,28.2,21.9,84.6,Low,3.1,Drip Irrigation,None / Healthy,0.85,2.0,1.7,0.0,34.0,18.0,MAINTENANCE_DRIP,Normal,1.79
Potato,Seedling,Sandy,4.1,25.1,28.3,None,0.0,Sprinkler (Overhead),Potato Late Blight,0.5,3.5,1.75,0.0,15.0,6.0,SUSPEND_OVERHEAD_BLIGHT,Immediate,0.0
Rice,Fruiting,Sandy,7.0,31.2,82.4,Low,3.5,Flood / Surface,None / Healthy,1.2,2.72,3.26,0.32,15.0,6.0,IRRIGATE_IMMEDIATELY,Immediate,4.29
Rice,Seedling,Clay Loam,26.9,18.8,29.0,Low,1.2,Drip Irrigation,None / Healthy,1.05,2.26,2.37,0.0,34.0,18.0,MAINTENANCE_DRIP,Normal,2.59
Potato,Fruiting,Loamy,13.1,37.2,83.7,None,0.0,Flood / Surface,None / Healthy,1.15,3.46,3.98,0.0,28.0,14.0,IRRIGATE_IMMEDIATELY,Immediate,4.86
Potato,Flowering,Black Soil,37.4,34.6,48.6,Low,1.4,Sprinkler (Overhead),Tomato Target Spot,1.15,4.55,5.23,0.0,40.0,22.0,SUSPEND_OVERHEAD_BLIGHT,Immediate,0.0
Pepper Bell,Flowering,Sandy Loam,22.1,14.7,24.9,None,0.0,Drip Irrigation,None / Healthy,1.05,2.0,2.1,0.0,22.0,10.0,OPTIMAL_STANDBY,Low,0.0
Potato,Flowering,Sandy,12.7,26.4,57.4,Low,3.2,Sprinkler (Overhead),None / Healthy,1.15,2.86,3.29,0.04,15.0,6.0,MAINTENANCE_DRIP,Normal,3.0
Soybean,Maturity,Sandy,4.0,14.9,49.6,None,0.0,Sprinkler (Overhead),None / Healthy,0.5,2.0,1.0,0.0,15.0,6.0,IRRIGATE_IMMEDIATELY,Immediate,3.5
Potato,Flowering,Clay Loam,33.0,20.6,53.6,None,0.0,Drip Irrigation,Pepper Bell Bacterial Spot,1.15,2.08,2.39,0.0,34.0,18.0,OPTIMAL_STANDBY,Low,0.0
Tomato,Flowering,Loamy,22.9,31.0,81.1,None,0.0,Drip Irrigation,None / Healthy,1.15,2.7,3.1,0.0,28.0,14.0,MAINTENANCE_DRIP,Normal,3.31
Rice,Seedling,Black Soil,27.6,25.4,34.5,High,36.1,Sprinkler (Overhead),None / Healthy,1.05,3.38,3.55,26.37,40.0,22.0,DELAY_RAIN_EXPECTED,Low,0.0
Wheat,Maturity,Sandy,20.8,21.0,22.6,None,0.0,Sprinkler (Overhead),None / Healthy,0.35,2.83,0.99,0.0,15.0,6.0,OPTIMAL_STANDBY,Low,0.0
Wheat,Fruiting,Black Soil,43.6,25.0,53.9,None,0.0,Sprinkler (Overhead),None / Healthy,0.85,2.75,2.34,0.0,40.0,22.0,OPTIMAL_STANDBY,Low,0.0
Corn,Flowering,Black Soil,21.9,21.6,70.1,None,0.0,Drip Irrigation,None / Healthy,1.2,2.0,2.4,0.0,40.0,22.0,IRRIGATE_IMMEDIATELY,Immediate,3.5
Potato,Fruiting,Sandy Loam,28.9,30.7,40.7,None,0.0,Drip Irrigation,Tomato Early Blight,1.15,4.15,4.77,0.0,22.0,10.0,OPTIMAL_STANDBY,Low,0.0
Potato,Seedling,Clay Loam,25.8,38.3,71.4,None,0.0,Drip Irrigation,None / Healthy,0.5,4.04,2.02,0.0,34.0,18.0,MAINTENANCE_DRIP,Normal,1.89
Cotton,Vegetative,Sandy Loam,22.3,24.7,44.9,None,0.0,Sprinkler (Overhead),None / Healthy,0.75,2.95,2.21,0.0,22.0,10.0,OPTIMAL_STANDBY,Low,0.0
Corn,Fruiting,Clay Loam,15.6,37.5,48.6,Low,4.5,Drip Irrigation,Potato Late Blight,1.1,5.07,5.58,1.1,34.0,18.0,IRRIGATE_IMMEDIATELY,Immediate,7.0
Tomato,Flowering,Clay Loam,32.4,33.8,60.9,None,0.0,Drip Irrigation,None / Healthy,1.15,3.88,4.46,0.0,34.0,18.0,OPTIMAL_STANDBY,Low,0.0
Soybean,Vegetative,Sandy Loam,8.8,16.7,48.6,Moderate,17.3,Flood / Surface,None / Healthy,0.7,2.0,1.4,11.3,22.0,10.0,IRRIGATE_IMMEDIATELY,Immediate,3.5
Potato,Vegetative,Black Soil,38.6,35.5,82.4,Low,1.7,Flood / Surface,Tomato Early Blight,0.8,3.26,2.61,0.0,40.0,22.0,OPTIMAL_STANDBY,Low,0.0
Corn,Flowering,Sandy,12.6,38.6,77.0,Low,5.5,Drip Irrigation,None / Healthy,1.2,3.8,4.56,1.94,15.0,6.0,MAINTENANCE_DRIP,Normal,4.49
Rice,Flowering,Black Soil,29.4,14.9,86.8,Low,4.8,Drip Irrigation,None / Healthy,1.25,2.0,2.5,1.38,40.0,22.0,IRRIGATE_IMMEDIATELY,Immediate,3.5
Soybean,Fruiting,Sandy Loam,22.0,26.8,56.7,None,0.0,Sprinkler (Overhead),None / Healthy,1.05,2.95,3.1,0.0,22.0,10.0,OPTIMAL_STANDBY,Low,0.0
Potato,Flowering,Clay Loam,32.9,22.7,53.5,Low,4.3,Sprinkler (Overhead),None / Healthy,1.15,2.4,2.76,0.97,34.0,18.0,OPTIMAL_STANDBY,Low,0.0
Potato,Fruiting,Sandy Loam,23.3,40.2,54.5,High,44.1,Drip Irrigation,None / Healthy,1.15,5.26,6.05,32.76,22.0,10.0,DELAY_RAIN_EXPECTED,Low,0.0
Cotton,Maturity,Clay Loam,19.4,15.1,59.8,Moderate,13.2,Drip Irrigation,Tomato Yellow Leaf Curl Virus,0.55,2.0,1.1,8.07,34.0,18.0,IRRIGATE_IMMEDIATELY,Immediate,3.5
Wheat,Vegetative,Clay Loam,29.1,21.2,46.7,None,0.0,Flood / Surface,None / Healthy,0.75,2.33,1.75,0.0,34.0,18.0,MAINTENANCE_DRIP,Normal,1.76
Sugarcane,Maturity,Loamy,13.5,40.4,91.4,Low,4.3,Drip Irrigation,None / Healthy,0.7,3.87,2.71,0.94,28.0,14.0,IRRIGATE_IMMEDIATELY,Immediate,3.5
Cotton,Fruiting,Sandy,24.0,37.1,33.6,High,31.4,Sprinkler (Overhead),None / Healthy,0.85,5.74,4.88,22.61,15.0,6.0,DELAY_RAIN_EXPECTED,Low,0.0
Sugarcane,Flowering,Loamy,19.7,34.8,86.5,None,0.0,Sprinkler (Overhead),None / Healthy,1.25,3.16,3.95,0.0,28.0,14.0,IRRIGATE_IMMEDIATELY,Immediate,5.7
Soybean,Fruiting,Sandy,14.9,15.0,23.2,Moderate,11.7,Drip Irrigation,None / Healthy,1.05,2.0,2.1,6.87,15.0,6.0,OPTIMAL_STANDBY,Low,0.0
Potato,Flowering,Black Soil,31.6,35.9,48.6,Moderate,8.1,Drip Irrigation,Potato Late Blight,1.15,4.78,5.5,3.94,40.0,22.0,MAINTENANCE_DRIP,Normal,5.5
Rice,Fruiting,Sandy,4.1,30.2,22.8,Low,5.2,Drip Irrigation,None / Healthy,1.2,4.73,5.68,1.67,15.0,6.0,IRRIGATE_IMMEDIATELY,Immediate,7.0
Potato,Vegetative,Clay Loam,42.3,30.2,74.6,Low,5.4,Drip Irrigation,Potato Late Blight,0.8,2.8,2.24,1.82,34.0,18.0,OPTIMAL_STANDBY,Low,0.0
Pepper Bell,Fruiting,Loamy,18.4,37.5,66.3,Low,2.1,Sprinkler (Overhead),Tomato Yellow Leaf Curl Virus,1.1,4.19,4.61,0.0,28.0,14.0,IRRIGATE_IMMEDIATELY,Immediate,5.5
Rice,Fruiting,Sandy,15.6,30.4,54.9,Low,3.7,Flood / Surface,None / Healthy,1.2,3.56,4.27,0.47,15.0,6.0,OPTIMAL_STANDBY,Low,0.0
Corn,Flowering,Sandy Loam,21.7,34.8,57.4,None,0.0,Sprinkler (Overhead),None / Healthy,1.2,4.18,5.02,0.0,22.0,10.0,OPTIMAL_STANDBY,Low,0.0
Wheat,Seedling,Sandy,15.7,29.6,59.4,None,0.0,Sprinkler (Overhead),None / Healthy,0.4,3.27,1.31,0.0,15.0,6.0,OPTIMAL_STANDBY,Low,0.0
Rice,Flowering,Black Soil,38.1,26.6,85.3,None,0.0,Flood / Surface,None / Healthy,1.25,2.18,2.73,0.0,40.0,22.0,OPTIMAL_STANDBY,Low,0.0
Pepper Bell,Maturity,Sandy Loam,6.6,25.0,91.8,None,0.0,Drip Irrigation,None / Healthy,0.85,2.0,1.7,0.0,22.0,10.0,IRRIGATE_IMMEDIATELY,Immediate,3.5
Corn,Maturity,Black Soil,34.0,23.8,51.7,Low,4.0,Sprinkler (Overhead),None / Healthy,0.6,2.62,1.57,0.69,40.0,22.0,MAINTENANCE_DRIP,Normal,1.58
Sugarcane,Seedling,Clay Loam,28.3,39.1,21.7,None,0.0,Drip Irrigation,None / Healthy,0.45,6.79,3.06,0.0,34.0,18.0,MAINTENANCE_DRIP,Normal,2.98
Sugarcane,Fruiting,Black Soil,33.4,35.4,83.4,None,0.0,Sprinkler (Overhead),None / Healthy,1.25,3.24,4.05,0.0,40.0,22.0,MAINTENANCE_DRIP,Normal,4.27
Potato,Fruiting,Black Soil,30.8,37.8,34.5,Low,3.1,Drip Irrigation,None / Healthy,1.15,5.84,6.72,0.0,40.0,22.0,MAINTENANCE_DRIP,Normal,5.5
Potato,Flowering,Black Soil,41.9,41.8,33.5,None,0.0,Flood / Surface,Tomato Yellow Leaf Curl Virus,1.15,6.76,7.77,0.0,40.0,22.0,OPTIMAL_STANDBY,Low,0.0
Rice,Fruiting,Sandy Loam,14.0,22.3,92.2,High,44.6,Flood / Surface,None / Healthy,1.2,2.0,2.4,33.16,22.0,10.0,DELAY_RAIN_EXPECTED,Low,0.0
Soybean,Flowering,Black Soil,22.1,17.3,30.8,Moderate,8.3,Sub-surface Drip,None / Healthy,1.15,2.0,2.3,4.14,40.0,22.0,IRRIGATE_IMMEDIATELY,Immediate,3.5
Soybean,Seedling,Loamy,26.8,34.1,61.1,None,0.0,Drip Irrigation,None / Healthy,0.4,3.91,1.56,0.0,28.0,14.0,OPTIMAL_STANDBY,Low,0.0
Corn,Flowering,Black Soil,24.8,37.0,49.2,None,0.0,Sprinkler (Overhead),None / Healthy,1.2,4.95,5.94,0.0,40.0,22.0,IRRIGATE_IMMEDIATELY,Immediate,7.0
Sugarcane,Vegetative,Loamy,16.1,32.2,67.4,Low,1.7,Sprinkler (Overhead),None / Healthy,0.85,3.36,2.86,0.0,28.0,14.0,IRRIGATE_IMMEDIATELY,Immediate,3.5
Corn,Vegetative,Clay Loam,14.9,25.9,67.2,Low,1.2,Drip Irrigation,None / Healthy,0.85,2.49,2.12,0.0,34.0,18.0,IRRIGATE_IMMEDIATELY,Immediate,3.5
Sugarcane,Vegetative,Clay Loam,26.8,20.7,64.7,None,0.0,Flood / Surface,Tomato Septoria Leaf Spot,0.85,2.0,1.7,0.0,34.0,18.0,MAINTENANCE_DRIP,Normal,1.68
Tomato,Seedling,Black Soil,31.0,23.1,81.1,Low,3.0,Flood / Surface,None / Healthy,0.6,2.0,1.2,0.0,40.0,22.0,MAINTENANCE_DRIP,Normal,1.5
Pepper Bell,Seedling,Clay Loam,35.2,19.1,39.9,None,0.0,Flood / Surface,Pepper Bell Bacterial Spot,0.6,2.11,1.27,0.0,34.0,18.0,OPTIMAL_STANDBY,Low,0.0
Potato,Flowering,Clay Loam,29.4,34.6,81.0,None,0.0,Drip Irrigation,None / Healthy,1.15,3.14,3.61,0.0,34.0,18.0,MAINTENANCE_DRIP,Normal,3.53
Corn,Fruiting,Loamy,41.3,26.5,34.6,Low,2.6,Flood / Surface,None / Healthy,1.1,3.59,3.95,0.0,28.0,14.0,OPTIMAL_STANDBY,Low,0.0
Soybean,Fruiting,Black Soil,22.7,20.7,92.8,Moderate,13.2,Flood / Surface,Pepper Bell Bacterial Spot,1.05,2.0,2.1,8.08,40.0,22.0,IRRIGATE_IMMEDIATELY,Immediate,3.5
Cotton,Vegetative,Clay Loam,35.9,30.5,86.7,Moderate,7.6,Sub-surface Drip,Tomato Target Spot,0.75,2.64,1.98,3.59,34.0,18.0,OPTIMAL_STANDBY,Low,0.0
Potato,Maturity,Clay Loam,30.0,30.9,48.9,Low,5.7,Drip Irrigation,None / Healthy,0.75,3.88,2.91,2.06,34.0,18.0,MAINTENANCE_DRIP,Normal,3.12
Wheat,Fruiting,Sandy Loam,19.1,20.6,44.0,High,35.2,Sprinkler (Overhead),None / Healthy,0.85,2.29,1.95,25.66,22.0,10.0,DELAY_RAIN_EXPECTED,Low,0.0
Soybean,Maturity,Loamy,11.5,35.2,25.0,None,0.0,Sprinkler (Overhead),None / Healthy,0.5,5.74,2.87,0.0,28.0,14.0,IRRIGATE_IMMEDIATELY,Immediate,3.65
Wheat,Maturity,Black Soil,43.8,39.9,48.8,Low,4.5,Drip Irrigation,None / Healthy,0.35,5.52,1.93,1.11,40.0,22.0,OPTIMAL_STANDBY,Low,0.0
Pepper Bell,Maturity,Sandy,13.8,14.8,92.9,None,0.0,Flood / Surface,None / Healthy,0.85,2.0,1.7,0.0,15.0,6.0,OPTIMAL_STANDBY,Low,0.0
Potato,Flowering,Clay Loam,20.0,19.3,88.0,None,0.0,Drip Irrigation,None / Healthy,1.15,2.0,2.3,0.0,34.0,18.0,IRRIGATE_IMMEDIATELY,Immediate,3.5
Rice,Seedling,Clay Loam,18.2,39.3,65.2,None,0.0,Drip Irrigation,None / Healthy,1.05,4.53,4.76,0.0,34.0,18.0,IRRIGATE_IMMEDIATELY,Immediate,6.16
Soybean,Seedling,Sandy,12.2,27.0,50.5,None,0.0,Drip Irrigation,None / Healthy,0.4,3.16,1.26,0.0,15.0,6.0,MAINTENANCE_DRIP,Normal,1.5
Soybean,Flowering,Black Soil,33.7,29.7,80.3,Low,3.2,Sprinkler (Overhead),None / Healthy,1.15,2.55,2.93,0.07,40.0,22.0,MAINTENANCE_DRIP,Normal,2.61
Pepper Bell,Maturity,Sandy,14.5,30.8,92.6,None,0.0,Sprinkler (Overhead),Tomato Septoria Leaf Spot,0.85,2.67,2.27,0.0,15.0,6.0,SUSPEND_OVERHEAD_BLIGHT,Immediate,0.0
Pepper Bell,Maturity,Black Soil,37.7,35.6,73.9,None,0.0,Sprinkler (Overhead),None / Healthy,0.85,3.54,3.01,0.0,40.0,22.0,OPTIMAL_STANDBY,Low,0.0
Soybean,Flowering,Black Soil,28.7,39.2,84.0,Low,2.1,Sub-surface Drip,None / Healthy,1.15,3.72,4.28,0.0,40.0,22.0,IRRIGATE_IMMEDIATELY,Immediate,5.36
Potato,Vegetative,Black Soil,35.2,32.3,67.8,Low,1.1,Drip Irrigation,None / Healthy,0.8,3.36,2.69,0.0,40.0,22.0,MAINTENANCE_DRIP,Normal,2.74
Wheat,Fruiting,Sandy,10.7,19.4,50.0,None,0.0,Sub-surface Drip,None / Healthy,0.85,2.0,1.7,0.0,15.0,6.0,MAINTENANCE_DRIP,Normal,1.74
Potato,Maturity,Sandy,4.5,21.0,45.9,Moderate,14.0,Sprinkler (Overhead),Tomato Target Spot,0.75,2.31,1.73,8.7,15.0,6.0,SUSPEND_OVERHEAD_BLIGHT,Immediate,0.0
Corn,Vegetative,Sandy Loam,23.5,29.1,67.6,Low,5.8,Drip Irrigation,None / Healthy,0.85,2.91,2.47,2.13,22.0,10.0,OPTIMAL_STANDBY,Low,0.0
Soybean,Fruiting,Clay Loam,29.5,25.1,79.9,None,0.0,Drip Irrigation,None / Healthy,1.05,2.01,2.11,0.0,34.0,18.0,MAINTENANCE_DRIP,Normal,2.19
Wheat,Fruiting,Sandy,11.4,35.7,59.3,Moderate,11.9,Drip Irrigation,None / Healthy,0.85,4.24,3.6,6.99,15.0,6.0,DELAY_RAIN_EXPECTED,Moderate,0.0
Cotton,Maturity,Clay Loam,42.9,22.0,26.1,Low,5.1,Flood / Surface,None / Healthy,0.55,2.94,1.62,1.6,34.0,18.0,OPTIMAL_STANDBY,Low,0.0
Tomato,Vegetative,Loamy,29.6,14.5,44.3,None,0.0,Drip Irrigation,None / Healthy,0.85,2.0,1.7,0.0,28.0,14.0,OPTIMAL_STANDBY,Low,0.0
Pepper Bell,Flowering,Loamy,13.0,15.7,72.6,Moderate,10.0,Drip Irrigation,Potato Late Blight,1.05,2.0,2.1,5.52,28.0,14.0,IRRIGATE_IMMEDIATELY,Immediate,3.5
Wheat,Fruiting,Black Soil,38.9,30.4,25.2,None,0.0,Drip Irrigation,None / Healthy,0.85,4.68,3.98,0.0,40.0,22.0,OPTIMAL_STANDBY,Low,0.0
Sugarcane,Seedling,Clay Loam,25.6,17.9,23.3,Low,1.1,Sub-surface Drip,Tomato Early Blight,0.45,2.19,0.99,0.0,34.0,18.0,MAINTENANCE_DRIP,Normal,1.5
Soybean,Seedling,Black Soil,32.8,25.0,90.5,None,0.0,Drip Irrigation,Tomato Septoria Leaf Spot,0.4,2.0,0.8,0.0,40.0,22.0,MAINTENANCE_DRIP,Normal,1.5
Soybean,Seedling,Sandy Loam,17.1,37.4,49.0,None,0.0,Sprinkler (Overhead),Tomato Yellow Leaf Curl Virus,0.4,5.04,2.02,0.0,22.0,10.0,MAINTENANCE_DRIP,Normal,1.86
Sugarcane,Flowering,Sandy,10.1,18.8,64.5,Low,4.9,Drip Irrigation,Pepper Bell Bacterial Spot,1.25,2.0,2.5,1.41,15.0,6.0,MAINTENANCE_DRIP,Normal,2.6
Potato,Maturity,Clay Loam,41.9,35.9,54.7,Low,5.8,Drip Irrigation,None / Healthy,0.75,4.5,3.38,2.12,34.0,18.0,OPTIMAL_STANDBY,Low,0.0
Tomato,Vegetative,Sandy,7.6,41.6,74.3,None,0.0,Drip Irrigation,Pepper Bell Bacterial Spot,0.85,4.36,3.71,0.0,15.0,6.0,IRRIGATE_IMMEDIATELY,Immediate,4.43
Corn,Fruiting,Black Soil,38.5,40.1,57.5,None,0.0,Flood / Surface,Tomato Septoria Leaf Spot,1.1,5.06,5.57,0.0,40.0,22.0,OPTIMAL_STANDBY,Low,0.0
Corn,Fruiting,Clay Loam,15.2,14.7,29.9,Low,1.7,Sprinkler (Overhead),Tomato Target Spot,1.1,2.0,2.2,0.0,34.0,18.0,SUSPEND_OVERHEAD_BLIGHT,Immediate,0.0
Wheat,Vegetative,Loamy,31.4,41.0,93.7,Low,4.8,Drip Irrigation,None / Healthy,0.75,3.95,2.96,1.31,28.0,14.0,OPTIMAL_STANDBY,Low,0.0
Corn,Fruiting,Black Soil,53.3,16.0,60.1,None,0.0,Flood / Surface,None / Healthy,1.1,2.0,2.2,0.0,40.0,22.0,OPTIMAL_STANDBY,Low,0.0
Corn,Seedling,Sandy Loam,16.6,40.9,36.6,Moderate,9.5,Drip Irrigation,None / Healthy,0.4,6.38,2.55,5.09,22.0,10.0,DELAY_RAIN_EXPECTED,Moderate,0.0
Wheat,Flowering,Sandy,16.1,21.8,60.6,None,0.0,Drip Irrigation,None / Healthy,1.15,2.1,2.42,0.0,15.0,6.0,OPTIMAL_STANDBY,Low,0.0
Rice,Maturity,Sandy,4.0,24.7,31.0,None,0.0,Drip Irrigation,None / Healthy,0.95,3.35,3.18,0.0,15.0,6.0,IRRIGATE_IMMEDIATELY,Immediate,4.11
Sugarcane,Maturity,Black Soil,38.0,35.0,77.2,Moderate,16.9,Sprinkler (Overhead),None / Healthy,0.7,3.31,2.32,11.0,40.0,22.0,DELAY_RAIN_EXPECTED,Low,0.0
Pepper Bell,Vegetative,Sandy,15.7,20.6,89.2,Low,1.3,Flood / Surface,None / Healthy,0.8,2.0,1.6,0.0,15.0,6.0,OPTIMAL_STANDBY,Low,0.0
Potato,Seedling,Clay Loam,24.1,40.4,43.1,Moderate,11.3,Drip Irrigation,None / Healthy,0.5,5.91,2.96,6.51,34.0,18.0,IRRIGATE_IMMEDIATELY,Immediate,3.71
Wheat,Fruiting,Black Soil,31.5,18.9,57.4,Low,5.6,Sub-surface Drip,None / Healthy,0.85,2.0,1.7,1.97,40.0,22.0,MAINTENANCE_DRIP,Normal,1.69
Rice,Flowering,Sandy Loam,17.9,33.8,83.6,None,0.0,Flood / Surface,None / Healthy,1.25,3.04,3.8,0.0,22.0,10.0,MAINTENANCE_DRIP,Normal,3.78
Cotton,Fruiting,Clay Loam,34.0,28.8,61.4,Low,1.4,Drip Irrigation,None / Healthy,0.85,3.08,2.62,0.0,34.0,18.0,OPTIMAL_STANDBY,Low,0.0
Corn,Flowering,Loamy,17.9,23.8,21.3,Low,1.4,Flood / Surface,None / Healthy,1.2,3.42,4.1,0.0,28.0,14.0,IRRIGATE_IMMEDIATELY,Immediate,5.24
Rice,Seedling,Sandy Loam,18.6,14.3,34.8,Moderate,8.2,Drip Irrigation,Tomato Target Spot,1.05,2.0,2.1,4.06,22.0,10.0,DELAY_RAIN_EXPECTED,Moderate,0.0
Wheat,Fruiting,Sandy,6.2,40.9,35.9,None,0.0,Flood / Surface,None / Healthy,0.85,6.43,5.47,0.0,15.0,6.0,IRRIGATE_IMMEDIATELY,Immediate,7.0
Corn,Vegetative,Sandy Loam,18.7,32.3,65.4,Low,1.8,Flood / Surface,Tomato Target Spot,0.85,3.44,2.92,0.0,22.0,10.0,MAINTENANCE_DRIP,Normal,2.92
Rice,Vegetative,Black Soil,21.9,36.7,28.3,None,0.0,Drip Irrigation,None / Healthy,1.15,5.91,6.8,0.0,40.0,22.0,IRRIGATE_IMMEDIATELY,Immediate,7.0
Cotton,Maturity,Sandy,4.7,28.5,86.0,None,0.0,Drip Irrigation,Tomato Target Spot,0.55,2.4,1.32,0.0,15.0,6.0,IRRIGATE_IMMEDIATELY,Immediate,3.5
Corn,Seedling,Sandy Loam,19.1,15.2,52.7,None,0.0,Drip Irrigation,None / Healthy,0.4,2.0,0.8,0.0,22.0,10.0,MAINTENANCE_DRIP,Normal,1.5
Sugarcane,Maturity,Sandy Loam,24.6,24.6,46.4,Low,2.7,Drip Irrigation,None / Healthy,0.7,2.89,2.02,0.0,22.0,10.0,OPTIMAL_STANDBY,Low,0.0
Tomato,Fruiting,Sandy Loam,15.9,38.9,36.2,None,0.0,Drip Irrigation,None / Healthy,1.2,5.98,7.18,0.0,22.0,10.0,MAINTENANCE_DRIP,Normal,5.5
Potato,Fruiting,Black Soil,46.2,24.1,86.2,Low,1.7,Drip Irrigation,None / Healthy,1.15,2.0,2.3,0.0,40.0,22.0,OPTIMAL_STANDBY,Low,0.0
Cotton,Vegetative,Black Soil,35.1,20.0,60.7,None,0.0,Drip Irrigation,None / Healthy,0.75,2.0,1.5,0.0,40.0,22.0,MAINTENANCE_DRIP,Normal,1.58
Cotton,Maturity,Sandy,12.3,24.2,22.4,None,0.0,Sprinkler (Overhead),None / Healthy,0.55,3.48,1.91,0.0,15.0,6.0,MAINTENANCE_DRIP,Normal,2.25
Tomato,Fruiting,Black Soil,24.2,21.7,50.1,High,43.4,Drip Irrigation,None / Healthy,1.2,2.33,2.8,32.25,40.0,22.0,IRRIGATE_IMMEDIATELY,Immediate,3.51
Cotton,Maturity,Clay Loam,39.1,30.0,25.0,Low,1.8,Flood / Surface,None / Healthy,0.55,4.6,2.53,0.0,34.0,18.0,OPTIMAL_STANDBY,Low,0.0
Sugarcane,Fruiting,Black Soil,48.5,28.7,72.6,Low,4.3,Sub-surface Drip,None / Healthy,1.25,2.68,3.35,0.96,40.0,22.0,OPTIMAL_STANDBY,Low,0.0
Sugarcane,Fruiting,Clay Loam,27.6,26.4,59.0,None,0.0,Drip Irrigation,None / Healthy,1.25,2.82,3.52,0.0,34.0,18.0,MAINTENANCE_DRIP,Normal,3.5
Corn,Vegetative,Clay Loam,16.0,26.7,76.1,Moderate,10.3,Sprinkler (Overhead),None / Healthy,0.85,2.31,1.96,5.76,34.0,18.0,IRRIGATE_IMMEDIATELY,Immediate,3.5
Pepper Bell,Maturity,Sandy Loam,14.3,36.2,28.7,Low,4.6,Sprinkler (Overhead),None / Healthy,0.85,5.78,4.91,1.17,22.0,10.0,IRRIGATE_IMMEDIATELY,Immediate,6.34
Tomato,Seedling,Clay Loam,32.6,15.3,38.1,Low,5.2,Drip Irrigation,None / Healthy,0.6,2.0,1.2,1.63,34.0,18.0,OPTIMAL_STANDBY,Low,0.0
Soybean,Fruiting,Sandy,4.0,37.3,58.5,None,0.0,Drip Irrigation,Tomato Yellow Leaf Curl Virus,1.05,4.55,4.78,0.0,15.0,6.0,IRRIGATE_IMMEDIATELY,Immediate,5.85
Sugarcane,Flowering,Loamy,38.2,37.3,44.6,Moderate,10.4,Drip Irrigation,Potato Late Blight,1.25,5.23,6.54,5.8,28.0,14.0,OPTIMAL_STANDBY,Low,0.0
Soybean,Vegetative,Clay Loam,20.2,19.6,26.3,Low,3.0,Drip Irrigation,None / Healthy,0.7,2.46,1.72,0.0,34.0,18.0,IRRIGATE_IMMEDIATELY,Immediate,3.5
Cotton,Vegetative,Sandy Loam,10.5,24.4,51.4,Low,2.0,Sprinkler (Overhead),Potato Late Blight,0.75,2.73,2.05,0.0,22.0,10.0,SUSPEND_OVERHEAD_BLIGHT,Immediate,0.0
Potato,Maturity,Black Soil,26.7,14.8,21.8,High,22.6,Sprinkler (Overhead),None / Healthy,0.75,2.0,1.5,15.6,40.0,22.0,DELAY_RAIN_EXPECTED,Low,0.0
Soybean,Seedling,Sandy,15.2,41.2,81.4,Low,1.9,Drip Irrigation,None / Healthy,0.4,3.98,1.59,0.0,15.0,6.0,OPTIMAL_STANDBY,Low,0.0
Pepper Bell,Flowering,Sandy Loam,21.4,40.7,81.3,Low,4.5,Sub-surface Drip,None / Healthy,1.05,3.92,4.12,1.07,22.0,10.0,OPTIMAL_STANDBY,Low,0.0
Pepper Bell,Maturity,Loamy,10.4,22.1,80.7,Low,1.3,Sprinkler (Overhead),None / Healthy,0.85,2.0,1.7,0.0,28.0,14.0,IRRIGATE_IMMEDIATELY,Immediate,3.5
Pepper Bell,Flowering,Loamy,29.6,21.9,37.1,None,0.0,Sprinkler (Overhead),None / Healthy,1.05,2.67,2.8,0.0,28.0,14.0,OPTIMAL_STANDBY,Low,0.0
Cotton,Vegetative,Sandy,4.0,38.6,81.8,High,21.1,Drip Irrigation,None / Healthy,0.75,3.65,2.74,14.36,15.0,6.0,IRRIGATE_IMMEDIATELY,Immediate,3.5
Soybean,Fruiting,Loamy,14.4,14.1,78.8,None,0.0,Sub-surface Drip,Pepper Bell Bacterial Spot,1.05,2.0,2.1,0.0,28.0,14.0,IRRIGATE_IMMEDIATELY,Immediate,3.5
Sugarcane,Flowering,Clay Loam,27.7,27.9,74.2,Low,5.8,Sub-surface Drip,None / Healthy,1.25,2.53,3.16,2.18,34.0,18.0,MAINTENANCE_DRIP,Normal,3.2
Wheat,Seedling,Sandy,11.3,30.1,26.9,None,0.0,Sprinkler (Overhead),Tomato Target Spot,0.4,4.57,1.83,0.0,15.0,6.0,SUSPEND_OVERHEAD_BLIGHT,Immediate,0.0
Pepper Bell,Seedling,Black Soil,35.0,35.1,57.3,None,0.0,Flood / Surface,None / Healthy,0.6,4.25,2.55,0.0,40.0,22.0,MAINTENANCE_DRIP,Normal,2.55
Potato,Fruiting,Sandy,8.0,32.0,82.5,Moderate,14.7,Sprinkler (Overhead),None / Healthy,1.15,2.82,3.24,9.27,15.0,6.0,IRRIGATE_IMMEDIATELY,Immediate,3.94
Potato,Flowering,Sandy Loam,13.6,20.9,85.4,None,0.0,Flood / Surface,Tomato Target Spot,1.15,2.0,2.3,0.0,22.0,10.0,IRRIGATE_IMMEDIATELY,Immediate,3.5
Potato,Maturity,Sandy Loam,22.4,36.4,66.2,Low,1.8,Drip Irrigation,None / Healthy,0.75,4.03,3.02,0.0,22.0,10.0,OPTIMAL_STANDBY,Low,0.0
Rice,Seedling,Sandy,16.0,26.9,88.0,None,0.0,Drip Irrigation,Tomato Yellow Leaf Curl Virus,1.05,2.22,2.33,0.0,15.0,6.0,OPTIMAL_STANDBY,Low,0.0
Cotton,Seedling,Sandy Loam,12.1,16.5,92.5,None,0.0,Drip Irrigation,None / Healthy,0.45,2.0,0.9,0.0,22.0,10.0,IRRIGATE_IMMEDIATELY,Immediate,3.5
Rice,Maturity,Sandy,4.1,36.2,72.1,High,33.9,Flood / Surface,None / Healthy,0.95,3.72,3.53,24.64,15.0,6.0,IRRIGATE_IMMEDIATELY,Immediate,4.61
Soybean,Maturity,Clay Loam,16.1,17.2,86.0,High,22.8,Sub-surface Drip,None / Healthy,0.5,2.0,1.0,15.72,34.0,18.0,IRRIGATE_IMMEDIATELY,Immediate,3.5
Corn,Seedling,Black Soil,50.3,41.1,34.2,None,0.0,Drip Irrigation,None / Healthy,0.4,6.55,2.62,0.0,40.0,22.0,OPTIMAL_STANDBY,Low,0.0
Wheat,Maturity,Sandy Loam,18.6,18.7,47.0,None,0.0,Drip Irrigation,None / Healthy,0.35,2.0,0.7,0.0,22.0,10.0,MAINTENANCE_DRIP,Normal,1.5
Tomato,Vegetative,Sandy Loam,20.4,26.7,76.0,Low,1.7,Drip Irrigation,None / Healthy,0.85,2.33,1.98,0.0,22.0,10.0,OPTIMAL_STANDBY,Low,0.0
Corn,Fruiting,Clay Loam,28.9,16.2,28.6,None,0.0,Drip Irrigation,None / Healthy,1.1,2.0,2.2,0.0,34.0,18.0,MAINTENANCE_DRIP,Normal,1.98
Rice,Vegetative,Black Soil,40.6,36.2,77.2,None,0.0,Flood / Surface,Pepper Bell Bacterial Spot,1.15,3.47,3.99,0.0,40.0,22.0,OPTIMAL_STANDBY,Low,0.0
Rice,Seedling,Black Soil,34.5,19.2,59.1,Low,5.3,Flood / Surface,Pepper Bell Bacterial Spot,1.05,2.0,2.1,1.73,40.0,22.0,MAINTENANCE_DRIP,Normal,1.83
Potato,Seedling,Black Soil,35.3,28.6,73.1,Low,1.1,Drip Irrigation,None / Healthy,0.5,2.66,1.33,0.0,40.0,22.0,MAINTENANCE_DRIP,Normal,1.5
Wheat,Seedling,Sandy Loam,16.5,19.8,78.3,Low,2.5,Drip Irrigation,None / Healthy,0.4,2.0,0.8,0.0,22.0,10.0,MAINTENANCE_DRIP,Normal,1.5
Cotton,Vegetative,Loamy,22.4,36.6,62.5,High,31.6,Flood / Surface,None / Healthy,0.75,4.24,3.18,22.82,28.0,14.0,DELAY_RAIN_EXPECTED,Low,0.0
Corn,Vegetative,Loamy,24.5,39.4,49.5,None,0.0,Sub-surface Drip,None / Healthy,0.85,5.37,4.56,0.0,28.0,14.0,MAINTENANCE_DRIP,Normal,4.35
Tomato,Vegetative,Black Soil,31.2,26.8,81.1,Low,2.6,Sprinkler (Overhead),None / Healthy,0.85,2.21,1.88,0.0,40.0,22.0,MAINTENANCE_DRIP,Normal,2.1
Cotton,Fruiting,Black Soil,40.2,17.1,75.9,Moderate,9.9,Drip Irrigation,Pepper Bell Bacterial Spot,0.85,2.0,1.7,5.41,40.0,22.0,OPTIMAL_STANDBY,Low,0.0
Wheat,Seedling,Clay Loam,32.8,20.1,75.8,High,22.5,Sprinkler (Overhead),None / Healthy,0.4,2.0,0.8,15.5,34.0,18.0,DELAY_RAIN_EXPECTED,Low,0.0
Rice,Maturity,Black Soil,35.0,26.4,87.5,High,28.3,Flood / Surface,None / Healthy,0.95,2.17,2.06,20.16,40.0,22.0,DELAY_RAIN_EXPECTED,Low,0.0
Corn,Maturity,Clay Loam,32.7,35.7,56.3,High,19.3,Drip Irrigation,None / Healthy,0.6,4.38,2.63,12.91,34.0,18.0,DELAY_RAIN_EXPECTED,Low,0.0
Sugarcane,Vegetative,Sandy,11.6,28.9,94.5,None,0.0,Flood / Surface,None / Healthy,0.85,2.45,2.08,0.0,15.0,6.0,MAINTENANCE_DRIP,Normal,2.15
Pepper Bell,Vegetative,Black Soil,26.2,23.3,65.2,Low,5.1,Drip Irrigation,None / Healthy,0.8,2.19,1.75,1.6,40.0,22.0,IRRIGATE_IMMEDIATELY,Immediate,3.5
Corn,Flowering,Clay Loam,28.1,15.2,27.4,None,0.0,Sprinkler (Overhead),None / Healthy,1.2,2.0,2.4,0.0,34.0,18.0,MAINTENANCE_DRIP,Normal,2.26
Cotton,Fruiting,Black Soil,39.4,38.0,44.6,Moderate,14.8,Sprinkler (Overhead),None / Healthy,0.85,5.37,4.56,9.37,40.0,22.0,DELAY_RAIN_EXPECTED,Low,0.0
Sugarcane,Flowering,Loamy,11.1,39.7,30.1,High,29.7,Flood / Surface,Tomato Target Spot,1.25,6.48,8.1,21.29,28.0,14.0,IRRIGATE_IMMEDIATELY,Immediate,7.0
Pepper Bell,Seedling,Sandy Loam,29.9,30.1,21.5,None,0.0,Sprinkler (Overhead),Tomato Early Blight,0.6,4.76,2.86,0.0,22.0,10.0,SUSPEND_OVERHEAD_BLIGHT,Immediate,0.0
Pepper Bell,Seedling,Black Soil,38.0,20.5,22.3,None,0.0,Sprinkler (Overhead),None / Healthy,0.6,2.74,1.64,0.0,40.0,22.0,OPTIMAL_STANDBY,Low,0.0
Pepper Bell,Vegetative,Clay Loam,29.3,33.1,69.9,None,0.0,Sprinkler (Overhead),Potato Late Blight,0.8,3.38,2.7,0.0,34.0,18.0,SUSPEND_OVERHEAD_BLIGHT,Immediate,0.0
Cotton,Vegetative,Black Soil,31.9,17.4,58.2,None,0.0,Sprinkler (Overhead),Tomato Target Spot,0.75,2.0,1.5,0.0,40.0,22.0,SUSPEND_OVERHEAD_BLIGHT,Immediate,0.0
Corn,Maturity,Sandy,4.0,20.6,27.9,None,0.0,Drip Irrigation,None / Healthy,0.6,2.64,1.58,0.0,15.0,6.0,IRRIGATE_IMMEDIATELY,Immediate,3.5
Potato,Fruiting,Loamy,21.6,14.8,92.2,High,27.0,Drip Irrigation,None / Healthy,1.15,2.0,2.3,19.11,28.0,14.0,DELAY_RAIN_EXPECTED,Low,0.0
Wheat,Flowering,Loamy,20.3,39.9,59.1,Moderate,14.5,Flood / Surface,None / Healthy,1.15,4.94,5.68,9.06,28.0,14.0,DELAY_RAIN_EXPECTED,Low,0.0
Corn,Maturity,Clay Loam,24.2,37.6,24.6,Low,2.6,Drip Irrigation,None / Healthy,0.6,6.28,3.77,0.0,34.0,18.0,IRRIGATE_IMMEDIATELY,Immediate,4.37
Tomato,Maturity,Sandy Loam,23.7,23.2,25.2,Moderate,17.9,Drip Irrigation,None / Healthy,0.8,3.21,2.57,11.83,22.0,10.0,DELAY_RAIN_EXPECTED,Low,0.0
Cotton,Flowering,Clay Loam,34.7,17.0,67.3,Moderate,10.7,Sprinkler (Overhead),None / Healthy,1.2,2.0,2.4,6.06,34.0,18.0,OPTIMAL_STANDBY,Low,0.0
Pepper Bell,Vegetative,Sandy Loam,15.4,30.2,83.9,Low,2.9,Drip Irrigation,None / Healthy,0.8,2.6,2.08,0.0,22.0,10.0,MAINTENANCE_DRIP,Normal,1.98
Sugarcane,Vegetative,Loamy,15.0,17.0,28.9,High,27.1,Drip Irrigation,None / Healthy,0.85,2.0,1.7,19.16,28.0,14.0,IRRIGATE_IMMEDIATELY,Immediate,3.5
Wheat,Flowering,Sandy,10.8,15.7,49.9,None,0.0,Drip Irrigation,None / Healthy,1.15,2.0,2.3,0.0,15.0,6.0,MAINTENANCE_DRIP,Normal,2.52
Corn,Vegetative,Sandy Loam,20.2,26.9,44.8,None,0.0,Drip Irrigation,None / Healthy,0.85,3.34,2.84,0.0,22.0,10.0,OPTIMAL_STANDBY,Low,0.0
Pepper Bell,Vegetative,Sandy Loam,20.7,14.3,63.1,None,0.0,Drip Irrigation,None / Healthy,0.8,2.0,1.6,0.0,22.0,10.0,OPTIMAL_STANDBY,Low,0.0
Cotton,Fruiting,Sandy,27.8,25.7,30.6,Moderate,13.5,Flood / Surface,Potato Late Blight,0.85,3.54,3.01,8.31,15.0,6.0,DELAY_RAIN_EXPECTED,Low,0.0
Pepper Bell,Maturity,Black Soil,43.1,28.0,82.3,Low,2.6,Drip Irrigation,None / Healthy,0.85,2.35,2.0,0.0,40.0,22.0,OPTIMAL_STANDBY,Low,0.0
Soybean,Maturity,Clay Loam,32.6,31.5,43.7,None,0.0,Flood / Surface,None / Healthy,0.5,4.19,2.1,0.0,34.0,18.0,OPTIMAL_STANDBY,Low,0.0
Sugarcane,Maturity,Sandy Loam,16.3,29.8,47.9,Moderate,8.5,Drip Irrigation,None / Healthy,0.7,3.72,2.6,4.3,22.0,10.0,DELAY_RAIN_EXPECTED,Moderate,0.0
Pepper Bell,Flowering,Sandy,4.7,34.2,61.4,None,0.0,Sprinkler (Overhead),None / Healthy,1.05,3.92,4.12,0.0,15.0,6.0,IRRIGATE_IMMEDIATELY,Immediate,5.5
Soybean,Seedling,Black Soil,38.5,23.3,37.5,Low,5.2,Drip Irrigation,None / Healthy,0.4,2.91,1.16,1.63,40.0,22.0,OPTIMAL_STANDBY,Low,0.0
Rice,Vegetative,Loamy,27.7,24.6,76.2,Low,3.1,Drip Irrigation,None / Healthy,1.15,2.06,2.37,0.01,28.0,14.0,OPTIMAL_STANDBY,Low,0.0
Potato,Vegetative,Loamy,31.2,15.8,94.1,High,35.2,Flood / Surface,None / Healthy,0.8,2.0,1.6,25.68,28.0,14.0,DELAY_RAIN_EXPECTED,Low,0.0
Tomato,Flowering,Sandy,16.2,29.8,35.8,Low,3.7,Sprinkler (Overhead),None / Healthy,1.15,4.18,4.81,0.48,15.0,6.0,OPTIMAL_STANDBY,Low,0.0
Corn,Seedling,Sandy,8.9,39.8,68.1,Low,3.0,Drip Irrigation,None / Healthy,0.4,4.43,1.77,0.0,15.0,6.0,IRRIGATE_IMMEDIATELY,Immediate,3.5
Rice,Fruiting,Clay Loam,14.2,28.3,41.2,None,0.0,Flood / Surface,Pepper Bell Bacterial Spot,1.2,3.7,4.44,0.0,34.0,18.0,IRRIGATE_IMMEDIATELY,Immediate,5.64
Corn,Fruiting,Black Soil,32.8,24.5,52.5,Low,2.8,Drip Irrigation,None / Healthy,1.1,2.72,2.99,0.0,40.0,22.0,MAINTENANCE_DRIP,Normal,2.96
Rice,Seedling,Sandy Loam,19.1,41.5,94.3,Moderate,10.9,Drip Irrigation,Pepper Bell Bacterial Spot,1.05,4.01,4.21,6.23,22.0,10.0,DELAY_RAIN_EXPECTED,Moderate,0.0
Corn,Vegetative,Black Soil,28.2,20.4,38.4,None,0.0,Sprinkler (Overhead),None / Healthy,0.85,2.37,2.01,0.0,40.0,22.0,IRRIGATE_IMMEDIATELY,Immediate,3.5
Cotton,Fruiting,Loamy,21.6,18.1,27.5,Low,3.2,Drip Irrigation,None / Healthy,0.85,2.15,1.83,0.05,28.0,14.0,MAINTENANCE_DRIP,Normal,1.73
Rice,Vegetative,Sandy Loam,32.3,37.4,28.4,None,0.0,Drip Irrigation,None / Healthy,1.15,6.05,6.96,0.0,22.0,10.0,OPTIMAL_STANDBY,Low,0.0
Wheat,Vegetative,Black Soil,32.6,37.1,47.3,None,0.0,Drip Irrigation,None / Healthy,0.75,5.07,3.8,0.0,40.0,22.0,MAINTENANCE_DRIP,Normal,3.54
Wheat,Seedling,Black Soil,35.3,21.2,52.0,Low,5.4,Drip Irrigation,Tomato Target Spot,0.4,2.21,0.88,1.86,40.0,22.0,MAINTENANCE_DRIP,Normal,1.5
Potato,Maturity,Sandy,16.7,32.0,91.2,Moderate,11.2,Flood / Surface,None / Healthy,0.75,2.82,2.11,6.48,15.0,6.0,OPTIMAL_STANDBY,Low,0.0
Cotton,Vegetative,Sandy,13.8,19.5,54.3,None,0.0,Drip Irrigation,None / Healthy,0.75,2.0,1.5,0.0,15.0,6.0,OPTIMAL_STANDBY,Low,0.0
Pepper Bell,Seedling,Clay Loam,30.0,39.2,36.3,None,0.0,Drip Irrigation,Tomato Target Spot,0.6,6.03,3.62,0.0,34.0,18.0,MAINTENANCE_DRIP,Normal,3.48
Pepper Bell,Fruiting,Clay Loam,19.0,35.3,54.3,None,0.0,Drip Irrigation,Tomato Yellow Leaf Curl Virus,1.1,4.41,4.85,0.0,34.0,18.0,IRRIGATE_IMMEDIATELY,Immediate,6.3
Tomato,Vegetative,Sandy,12.4,17.6,44.8,None,0.0,Sub-surface Drip,Tomato Septoria Leaf Spot,0.85,2.0,1.7,0.0,15.0,6.0,MAINTENANCE_DRIP,Normal,1.94
Wheat,Seedling,Sandy Loam,6.9,34.7,36.9,Low,3.9,Drip Irrigation,Tomato Septoria Leaf Spot,0.4,5.1,2.04,0.66,22.0,10.0,IRRIGATE_IMMEDIATELY,Immediate,3.5
Pepper Bell,Vegetative,Clay Loam,33.3,18.7,26.8,None,0.0,Drip Irrigation,Tomato Yellow Leaf Curl Virus,0.8,2.3,1.84,0.0,34.0,18.0,OPTIMAL_STANDBY,Low,0.0
Cotton,Maturity,Black Soil,30.3,23.2,35.5,Moderate,11.4,Sprinkler (Overhead),None / Healthy,0.55,2.94,1.62,6.64,40.0,22.0,DELAY_RAIN_EXPECTED,Moderate,0.0
Rice,Vegetative,Sandy,4.0,39.4,71.6,Moderate,8.8,Sub-surface Drip,None / Healthy,1.15,4.2,4.83,4.57,15.0,6.0,IRRIGATE_IMMEDIATELY,Immediate,6.09
Corn,Maturity,Clay Loam,27.6,29.8,72.1,None,0.0,Flood / Surface,None / Healthy,0.6,2.84,1.7,0.0,34.0,18.0,MAINTENANCE_DRIP,Normal,1.5
Soybean,Fruiting,Sandy Loam,18.8,15.5,91.1,Low,3.9,Drip Irrigation,None / Healthy,1.05,2.0,2.1,0.58,22.0,10.0,MAINTENANCE_DRIP,Normal,1.98
Pepper Bell,Vegetative,Sandy Loam,20.6,30.9,22.4,Moderate,7.4,Flood / Surface,Tomato Target Spot,0.8,4.89,3.91,3.39,22.0,10.0,OPTIMAL_STANDBY,Low,0.0
Corn,Maturity,Loamy,28.2,31.3,28.8,Moderate,11.3,Sub-surface Drip,None / Healthy,0.6,4.73,2.84,6.5,28.0,14.0,OPTIMAL_STANDBY,Low,0.0
Rice,Flowering,Loamy,28.0,15.1,37.4,Low,5.4,Flood / Surface,None / Healthy,1.25,2.0,2.5,1.86,28.0,14.0,OPTIMAL_STANDBY,Low,0.0
Corn,Maturity,Loamy,27.5,33.7,44.7,None,0.0,Sprinkler (Overhead),None / Healthy,0.6,4.54,2.72,0.0,28.0,14.0,OPTIMAL_STANDBY,Low,0.0
Corn,Flowering,Sandy,12.6,32.4,30.6,Moderate,8.0,Sprinkler (Overhead),None / Healthy,1.2,4.88,5.86,3.93,15.0,6.0,MAINTENANCE_DRIP,Normal,5.5
Cotton,Fruiting,Loamy,23.8,18.5,82.8,None,0.0,Sprinkler (Overhead),Tomato Yellow Leaf Curl Virus,0.85,2.0,1.7,0.0,28.0,14.0,MAINTENANCE_DRIP,Normal,1.93
Rice,Vegetative,Loamy,23.6,16.2,92.3,None,0.0,Flood / Surface,None / Healthy,1.15,2.0,2.3,0.0,28.0,14.0,MAINTENANCE_DRIP,Normal,2.33
Tomato,Seedling,Black Soil,39.9,20.9,82.1,Low,4.2,Sub-surface Drip,None / Healthy,0.6,2.0,1.2,0.83,40.0,22.0,OPTIMAL_STANDBY,Low,0.0
Corn,Seedling,Clay Loam,28.2,35.4,25.9,Low,4.0,Drip Irrigation,Pepper Bell Bacterial Spot,0.4,5.74,2.3,0.66,34.0,18.0,MAINTENANCE_DRIP,Normal,2.58
Corn,Vegetative,Black Soil,32.7,29.0,59.5,Moderate,11.0,Drip Irrigation,None / Healthy,0.85,3.18,2.7,6.33,40.0,22.0,DELAY_RAIN_EXPECTED,Moderate,0.0
Potato,Seedling,Clay Loam,32.2,16.3,36.3,None,0.0,Sub-surface Drip,None / Healthy,0.5,2.0,1.0,0.0,34.0,18.0,OPTIMAL_STANDBY,Low,0.0
Potato,Maturity,Clay Loam,19.3,25.6,68.2,Low,4.3,Drip Irrigation,None / Healthy,0.75,2.42,1.81,0.95,34.0,18.0,IRRIGATE_IMMEDIATELY,Immediate,3.5
Sugarcane,Seedling,Clay Loam,16.2,15.7,61.6,Low,3.2,Sprinkler (Overhead),None / Healthy,0.45,2.0,0.9,0.02,34.0,18.0,IRRIGATE_IMMEDIATELY,Immediate,3.5
Corn,Fruiting,Sandy Loam,10.1,40.3,88.1,Low,3.9,Drip Irrigation,None / Healthy,1.1,3.86,4.25,0.62,22.0,10.0,IRRIGATE_IMMEDIATELY,Immediate,5.56
Sugarcane,Fruiting,Sandy Loam,12.8,41.2,90.2,Low,1.0,Drip Irrigation,None / Healthy,1.25,3.99,4.99,0.0,22.0,10.0,IRRIGATE_IMMEDIATELY,Immediate,6.12
Soybean,Seedling,Sandy,25.6,38.4,60.2,None,0.0,Flood / Surface,Tomato Septoria Leaf Spot,0.4,4.64,1.86,0.0,15.0,6.0,OPTIMAL_STANDBY,Low,0.0
Soybean,Vegetative,Sandy Loam,18.9,24.3,57.9,None,0.0,Flood / Surface,None / Healthy,0.7,2.53,1.77,0.0,22.0,10.0,MAINTENANCE_DRIP,Normal,1.57
Soybean,Vegetative,Loamy,19.5,16.5,46.0,None,0.0,Sub-surface Drip,Pepper Bell Bacterial Spot,0.7,2.0,1.4,0.0,28.0,14.0,IRRIGATE_IMMEDIATELY,Immediate,3.5
Sugarcane,Fruiting,Sandy,11.7,23.3,33.5,High,26.3,Drip Irrigation,None / Healthy,1.25,3.02,3.77,18.51,15.0,6.0,DELAY_RAIN_EXPECTED,Low,0.0
Tomato,Flowering,Loamy,28.7,31.4,66.2,None,0.0,Sub-surface Drip,None / Healthy,1.15,3.29,3.78,0.0,28.0,14.0,OPTIMAL_STANDBY,Low,0.0
Rice,Maturity,Sandy,6.7,31.4,57.6,Moderate,11.1,Flood / Surface,None / Healthy,0.95,3.62,3.44,6.39,15.0,6.0,IRRIGATE_IMMEDIATELY,Immediate,4.34
Rice,Seedling,Sandy,17.5,32.1,36.6,Low,1.7,Sprinkler (Overhead),None / Healthy,1.05,4.58,4.81,0.0,15.0,6.0,OPTIMAL_STANDBY,Low,0.0
Corn,Flowering,Sandy,17.0,39.3,49.7,Moderate,13.2,Drip Irrigation,None / Healthy,1.2,5.36,6.43,8.06,15.0,6.0,DELAY_RAIN_EXPECTED,Low,0.0
Tomato,Vegetative,Black Soil,31.7,39.2,88.0,None,0.0,Sprinkler (Overhead),None / Healthy,0.85,3.72,3.16,0.0,40.0,22.0,MAINTENANCE_DRIP,Normal,3.3
Cotton,Maturity,Sandy Loam,20.4,40.0,41.0,None,0.0,Flood / Surface,None / Healthy,0.55,5.94,3.27,0.0,22.0,10.0,OPTIMAL_STANDBY,Low,0.0
Potato,Flowering,Sandy,12.0,24.3,32.4,None,0.0,Drip Irrigation,None / Healthy,1.15,3.23,3.71,0.0,15.0,6.0,MAINTENANCE_DRIP,Normal,3.72
Sugarcane,Vegetative,Sandy,10.7,32.9,55.4,Moderate,17.1,Drip Irrigation,Tomato Early Blight,0.85,3.97,3.37,11.16,15.0,6.0,DELAY_RAIN_EXPECTED,Low,0.0
Pepper Bell,Fruiting,Sandy,10.9,32.2,53.1,Moderate,11.4,Sprinkler (Overhead),Tomato Early Blight,1.1,3.95,4.35,6.6,15.0,6.0,SUSPEND_OVERHEAD_BLIGHT,Immediate,0.0
Corn,Fruiting,Clay Loam,46.5,25.1,90.9,Low,5.1,Drip Irrigation,None / Healthy,1.1,2.01,2.21,1.61,34.0,18.0,OPTIMAL_STANDBY,Low,0.0
Potato,Maturity,Black Soil,37.8,18.7,86.5,Moderate,13.5,Drip Irrigation,None / Healthy,0.75,2.0,1.5,8.28,40.0,22.0,DELAY_RAIN_EXPECTED,Low,0.0
Sugarcane,Maturity,Sandy,11.0,18.1,41.4,High,41.9,Drip Irrigation,Pepper Bell Bacterial Spot,0.7,2.0,1.4,31.03,15.0,6.0,DELAY_RAIN_EXPECTED,Low,0.0
Potato,Fruiting,Clay Loam,31.5,41.6,75.9,Moderate,16.5,Flood / Surface,None / Healthy,1.15,4.27,4.91,10.74,34.0,18.0,DELAY_RAIN_EXPECTED,Low,0.0
Potato,Flowering,Sandy,10.9,37.8,48.8,None,0.0,Sprinkler (Overhead),Tomato Target Spot,1.15,5.11,5.88,0.0,15.0,6.0,SUSPEND_OVERHEAD_BLIGHT,Immediate,0.0
Potato,Seedling,Sandy Loam,16.8,36.4,76.3,Low,4.9,Drip Irrigation,None / Healthy,0.5,3.53,1.76,1.39,22.0,10.0,MAINTENANCE_DRIP,Normal,1.97
Potato,Flowering,Sandy Loam,17.3,14.2,73.9,None,0.0,Drip Irrigation,None / Healthy,1.15,2.0,2.3,0.0,22.0,10.0,MAINTENANCE_DRIP,Normal,2.4
Cotton,Seedling,Clay Loam,25.7,30.0,61.9,None,0.0,Drip Irrigation,Pepper Bell Bacterial Spot,0.45,3.25,1.46,0.0,34.0,18.0,MAINTENANCE_DRIP,Normal,1.5
Rice,Flowering,Sandy,14.6,30.4,24.0,None,0.0,Sprinkler (Overhead),Tomato Septoria Leaf Spot,1.25,4.72,5.9,0.0,15.0,6.0,SUSPEND_OVERHEAD_BLIGHT,Immediate,0.0
Tomato,Maturity,Clay Loam,34.1,29.7,66.0,Moderate,17.2,Drip Irrigation,None / Healthy,0.8,3.05,2.44,11.29,34.0,18.0,DELAY_RAIN_EXPECTED,Low,0.0
Pepper Bell,Vegetative,Black Soil,24.9,36.9,22.2,Moderate,7.9,Drip Irrigation,None / Healthy,0.8,6.25,5.0,3.79,40.0,22.0,IRRIGATE_IMMEDIATELY,Immediate,6.41
Sugarcane,Maturity,Black Soil,30.6,24.5,46.5,None,0.0,Drip Irrigation,None / Healthy,0.7,2.88,2.02,0.0,40.0,22.0,MAINTENANCE_DRIP,Normal,2.05
Wheat,Fruiting,Loamy,25.8,32.7,38.8,None,0.0,Drip Irrigation,None / Healthy,0.85,4.61,3.92,0.0,28.0,14.0,OPTIMAL_STANDBY,Low,0.0
Sugarcane,Flowering,Clay Loam,32.6,33.2,56.8,None,0.0,Drip Irrigation,None / Healthy,1.25,3.95,4.94,0.0,34.0,18.0,OPTIMAL_STANDBY,Low,0.0
Pepper Bell,Seedling,Loamy,22.6,31.8,34.3,None,0.0,Flood / Surface,None / Healthy,0.6,4.62,2.77,0.0,28.0,14.0,MAINTENANCE_DRIP,Normal,2.7
Corn,Seedling,Clay Loam,27.3,21.7,85.4,Moderate,14.6,Drip Irrigation,None / Healthy,0.4,2.0,0.8,9.16,34.0,18.0,DELAY_RAIN_EXPECTED,Low,0.0
Sugarcane,Seedling,Loamy,27.2,24.4,54.9,Low,4.4,Drip Irrigation,None / Healthy,0.45,2.63,1.18,1.04,28.0,14.0,OPTIMAL_STANDBY,Low,0.0
Pepper Bell,Maturity,Sandy,10.7,17.0,35.5,None,0.0,Sprinkler (Overhead),None / Healthy,0.85,2.0,1.7,0.0,15.0,6.0,MAINTENANCE_DRIP,Normal,1.65
Tomato,Maturity,Clay Loam,15.9,24.3,63.1,None,0.0,Drip Irrigation,None / Healthy,0.8,2.39,1.91,0.0,34.0,18.0,IRRIGATE_IMMEDIATELY,Immediate,3.5
Pepper Bell,Seedling,Black Soil,40.4,23.1,30.8,Low,2.8,Sprinkler (Overhead),None / Healthy,0.6,3.04,1.82,0.0,40.0,22.0,OPTIMAL_STANDBY,Low,0.0
Corn,Flowering,Clay Loam,29.7,23.0,61.1,Moderate,13.7,Drip Irrigation,None / Healthy,1.2,2.25,2.7,8.44,34.0,18.0,DELAY_RAIN_EXPECTED,Low,0.0
Potato,Seedling,Loamy,26.0,23.4,30.7,Low,2.4,Drip Irrigation,None / Healthy,0.5,3.1,1.55,0.0,28.0,14.0,OPTIMAL_STANDBY,Low,0.0
Cotton,Seedling,Loamy,36.1,18.5,31.8,None,0.0,Sub-surface Drip,None / Healthy,0.45,2.16,0.97,0.0,28.0,14.0,OPTIMAL_STANDBY,Low,0.0
Corn,Flowering,Loamy,29.3,33.3,61.0,Moderate,10.8,Flood / Surface,None / Healthy,1.2,3.78,4.54,6.15,28.0,14.0,OPTIMAL_STANDBY,Low,0.0
Corn,Fruiting,Sandy Loam,6.3,19.4,31.1,None,0.0,Drip Irrigation,None / Healthy,1.1,2.34,2.57,0.0,22.0,10.0,IRRIGATE_IMMEDIATELY,Immediate,3.5
Potato,Fruiting,Sandy,8.8,27.7,25.7,Moderate,16.1,Flood / Surface,None / Healthy,1.15,4.11,4.73,10.38,15.0,6.0,IRRIGATE_IMMEDIATELY,Immediate,6.19
Potato,Seedling,Loamy,29.6,25.7,39.5,None,0.0,Sprinkler (Overhead),None / Healthy,0.5,3.28,1.64,0.0,28.0,14.0,OPTIMAL_STANDBY,Low,0.0
Rice,Flowering,Clay Loam,26.5,22.8,50.9,None,0.0,Sub-surface Drip,None / Healthy,1.25,2.49,3.11,0.0,34.0,18.0,MAINTENANCE_DRIP,Normal,3.41
Corn,Flowering,Loamy,14.5,24.7,46.8,None,0.0,Drip Irrigation,None / Healthy,1.2,2.89,3.47,0.0,28.0,14.0,IRRIGATE_IMMEDIATELY,Immediate,4.26
Corn,Seedling,Loamy,22.3,23.1,70.1,None,0.0,Drip Irrigation,None / Healthy,0.4,2.04,0.82,0.0,28.0,14.0,MAINTENANCE_DRIP,Normal,1.5
Tomato,Fruiting,Black Soil,34.5,37.6,39.9,None,0.0,Drip Irrigation,Tomato Target Spot,1.2,5.53,6.64,0.0,40.0,22.0,MAINTENANCE_DRIP,Normal,5.5
Potato,Fruiting,Sandy Loam,13.4,32.9,58.2,Low,5.1,Drip Irrigation,None / Healthy,1.15,3.85,4.43,1.62,22.0,10.0,IRRIGATE_IMMEDIATELY,Immediate,5.33
Corn,Fruiting,Loamy,21.8,19.3,45.0,None,0.0,Drip Irrigation,None / Healthy,1.1,2.05,2.25,0.0,28.0,14.0,MAINTENANCE_DRIP,Normal,2.15
Pepper Bell,Flowering,Sandy Loam,29.0,40.8,86.8,None,0.0,Drip Irrigation,None / Healthy,1.05,3.93,4.13,0.0,22.0,10.0,OPTIMAL_STANDBY,Low,0.0
Rice,Fruiting,Black Soil,40.2,22.3,94.7,None,0.0,Drip Irrigation,None / Healthy,1.2,2.0,2.4,0.0,40.0,22.0,OPTIMAL_STANDBY,Low,0.0
Soybean,Flowering,Clay Loam,28.3,15.3,41.0,None,0.0,Flood / Surface,None / Healthy,1.15,2.0,2.3,0.0,34.0,18.0,MAINTENANCE_DRIP,Normal,2.26
Sugarcane,Vegetative,Black Soil,30.9,27.4,34.8,None,0.0,Flood / Surface,Tomato Septoria Leaf Spot,0.85,3.75,3.19,0.0,40.0,22.0,MAINTENANCE_DRIP,Normal,3.28
Rice,Vegetative,Black Soil,35.1,18.6,71.6,None,0.0,Sprinkler (Overhead),None / Healthy,1.15,2.0,2.3,0.0,40.0,22.0,MAINTENANCE_DRIP,Normal,2.53
Pepper Bell,Seedling,Loamy,25.7,20.2,72.6,None,0.0,Sub-surface Drip,None / Healthy,0.6,2.0,1.2,0.0,28.0,14.0,OPTIMAL_STANDBY,Low,0.0
Potato,Seedling,Clay Loam,32.7,30.2,83.2,Low,1.4,Drip Irrigation,None / Healthy,0.5,2.6,1.3,0.0,34.0,18.0,OPTIMAL_STANDBY,Low,0.0
Corn,Maturity,Sandy Loam,7.6,21.5,40.0,Low,5.3,Sprinkler (Overhead),None / Healthy,0.6,2.52,1.51,1.75,22.0,10.0,IRRIGATE_IMMEDIATELY,Immediate,3.5
Sugarcane,Fruiting,Clay Loam,25.2,41.8,22.2,Low,4.3,Drip Irrigation,None / Healthy,1.25,7.41,9.26,0.94,34.0,18.0,MAINTENANCE_DRIP,Normal,5.5
Potato,Fruiting,Sandy Loam,11.7,24.1,61.5,None,0.0,Sprinkler (Overhead),Pepper Bell Bacterial Spot,1.15,2.4,2.76,0.0,22.0,10.0,SUSPEND_OVERHEAD_BLIGHT,Immediate,0.0
Wheat,Seedling,Sandy,11.6,24.2,68.2,Low,1.1,Sprinkler (Overhead),None / Healthy,0.4,2.24,0.9,0.0,15.0,6.0,MAINTENANCE_DRIP,Normal,1.5
Potato,Flowering,Sandy,15.0,18.3,22.5,None,0.0,Sprinkler (Overhead),Potato Late Blight,1.15,2.29,2.63,0.0,15.0,6.0,SUSPEND_OVERHEAD_BLIGHT,Immediate,0.0
Corn,Flowering,Loamy,26.8,19.3,47.7,Moderate,16.4,Drip Irrigation,None / Healthy,1.2,2.0,2.4,10.61,28.0,14.0,DELAY_RAIN_EXPECTED,Low,0.0
Potato,Fruiting,Black Soil,21.1,34.9,35.1,Moderate,15.9,Drip Irrigation,None / Healthy,1.15,5.21,5.99,10.25,40.0,22.0,IRRIGATE_IMMEDIATELY,Immediate,7.0
Cotton,Fruiting,Sandy Loam,21.0,20.5,24.4,Low,4.3,Sprinkler (Overhead),Tomato Target Spot,0.85,2.69,2.29,0.91,22.0,10.0,SUSPEND_OVERHEAD_BLIGHT,Immediate,0.0
Tomato,Seedling,Clay Loam,14.6,24.9,59.7,None,0.0,Drip Irrigation,None / Healthy,0.6,2.57,1.54,0.0,34.0,18.0,IRRIGATE_IMMEDIATELY,Immediate,3.5
Potato,Fruiting,Loamy,17.3,39.3,83.4,Low,5.5,Drip Irrigation,Tomato Yellow Leaf Curl Virus,1.15,3.73,4.29,1.87,28.0,14.0,IRRIGATE_IMMEDIATELY,Immediate,5.41
Cotton,Maturity,Sandy,14.7,33.9,70.9,Moderate,14.2,Sprinkler (Overhead),None / Healthy,0.55,3.45,1.9,8.86,15.0,6.0,DELAY_RAIN_EXPECTED,Low,0.0
Pepper Bell,Seedling,Black Soil,35.0,39.5,55.5,Moderate,9.0,Flood / Surface,None / Healthy,0.6,5.07,3.04,4.67,40.0,22.0,DELAY_RAIN_EXPECTED,Moderate,0.0
Rice,Seedling,Sandy,5.6,31.6,82.7,Low,4.6,Drip Irrigation,None / Healthy,1.05,2.78,2.92,1.14,15.0,6.0,IRRIGATE_IMMEDIATELY,Immediate,3.73
Corn,Flowering,Black Soil,31.1,29.1,85.6,High,20.3,Sprinkler (Overhead),Tomato Target Spot,1.2,2.47,2.96,13.75,40.0,22.0,SUSPEND_OVERHEAD_BLIGHT,Immediate,0.0
Rice,Fruiting,Sandy,13.9,19.7,89.8,None,0.0,Sub-surface Drip,None / Healthy,1.2,2.0,2.4,0.0,15.0,6.0,OPTIMAL_STANDBY,Low,0.0
Potato,Vegetative,Sandy Loam,12.9,35.9,55.4,None,0.0,Drip Irrigation,None / Healthy,0.8,4.46,3.57,0.0,22.0,10.0,IRRIGATE_IMMEDIATELY,Immediate,4.67
Soybean,Fruiting,Clay Loam,34.3,30.8,32.5,None,0.0,Drip Irrigation,None / Healthy,1.05,4.5,4.73,0.0,34.0,18.0,OPTIMAL_STANDBY,Low,0.0
Soybean,Seedling,Sandy,14.4,34.3,44.1,Low,1.6,Drip Irrigation,Potato Late Blight,0.4,4.69,1.88,0.0,15.0,6.0,OPTIMAL_STANDBY,Low,0.0
Cotton,Vegetative,Clay Loam,32.0,30.0,64.3,Low,5.1,Drip Irrigation,None / Healthy,0.75,3.16,2.37,1.6,34.0,18.0,OPTIMAL_STANDBY,Low,0.0
Potato,Fruiting,Black Soil,34.7,38.1,65.3,None,0.0,Drip Irrigation,None / Healthy,1.15,4.32,4.97,0.0,40.0,22.0,MAINTENANCE_DRIP,Normal,5.05
Corn,Flowering,Loamy,27.5,18.1,56.1,None,0.0,Sprinkler (Overhead),None / Healthy,1.2,2.0,2.4,0.0,28.0,14.0,OPTIMAL_STANDBY,Low,0.0
Tomato,Flowering,Clay Loam,35.8,36.2,21.1,None,0.0,Drip Irrigation,Tomato Septoria Leaf Spot,1.15,6.15,7.07,0.0,34.0,18.0,OPTIMAL_STANDBY,Low,0.0
Sugarcane,Flowering,Loamy,13.0,27.2,31.1,Moderate,16.4,Drip Irrigation,None / Healthy,1.25,3.83,4.79,10.59,28.0,14.0,IRRIGATE_IMMEDIATELY,Immediate,6.31
Rice,Fruiting,Black Soil,33.6,36.8,70.0,Low,2.7,Sub-surface Drip,None / Healthy,1.2,3.9,4.68,0.0,40.0,22.0,MAINTENANCE_DRIP,Normal,4.88
Sugarcane,Flowering,Sandy Loam,23.6,24.6,80.9,Moderate,12.4,Sprinkler (Overhead),Tomato Early Blight,1.25,2.0,2.5,7.45,22.0,10.0,SUSPEND_OVERHEAD_BLIGHT,Immediate,0.0
Pepper Bell,Flowering,Sandy Loam,8.5,22.3,48.8,None,0.0,Drip Irrigation,None / Healthy,1.05,2.46,2.58,0.0,22.0,10.0,IRRIGATE_IMMEDIATELY,Immediate,3.5
Corn,Maturity,Clay Loam,25.8,39.2,28.6,Low,2.8,Drip Irrigation,Pepper Bell Bacterial Spot,0.6,6.46,3.88,0.0,34.0,18.0,MAINTENANCE_DRIP,Normal,3.85
Potato,Seedling,Sandy,5.3,39.6,90.6,Low,5.1,Sub-surface Drip,None / Healthy,0.5,3.77,1.89,1.55,15.0,6.0,IRRIGATE_IMMEDIATELY,Immediate,3.5
Pepper Bell,Fruiting,Loamy,24.6,22.4,42.9,None,0.0,Drip Irrigation,None / Healthy,1.1,2.62,2.88,0.0,28.0,14.0,MAINTENANCE_DRIP,Normal,3.02
Sugarcane,Fruiting,Sandy,15.1,21.0,42.0,Low,4.8,Drip Irrigation,None / Healthy,1.25,2.4,3.0,1.35,15.0,6.0,OPTIMAL_STANDBY,Low,0.0
Wheat,Flowering,Sandy Loam,17.0,32.8,45.6,Low,4.6,Sub-surface Drip,None / Healthy,1.15,4.35,5.0,1.2,22.0,10.0,MAINTENANCE_DRIP,Normal,4.94
Sugarcane,Fruiting,Black Soil,35.0,31.5,80.8,Moderate,17.9,Drip Irrigation,None / Healthy,1.25,2.77,3.46,11.78,40.0,22.0,DELAY_RAIN_EXPECTED,Low,0.0
Corn,Flowering,Sandy Loam,13.4,31.9,84.4,Moderate,16.7,Flood / Surface,None / Healthy,1.2,2.81,3.37,10.88,22.0,10.0,IRRIGATE_IMMEDIATELY,Immediate,4.4
Rice,Vegetative,Sandy Loam,19.1,15.7,39.3,None,0.0,Flood / Surface,None / Healthy,1.15,2.0,2.3,0.0,22.0,10.0,MAINTENANCE_DRIP,Normal,2.16
Soybean,Fruiting,Clay Loam,35.0,24.6,68.0,High,21.9,Drip Irrigation,Potato Late Blight,1.05,2.29,2.4,15.03,34.0,18.0,DELAY_RAIN_EXPECTED,Low,0.0
Cotton,Vegetative,Sandy,16.7,39.8,47.0,None,0.0,Sprinkler (Overhead),Tomato Yellow Leaf Curl Virus,0.75,5.58,4.19,0.0,15.0,6.0,OPTIMAL_STANDBY,Low,0.0
Soybean,Vegetative,Black Soil,25.5,29.3,36.9,None,0.0,Drip Irrigation,Tomato Yellow Leaf Curl Virus,0.7,4.04,2.83,0.0,40.0,22.0,IRRIGATE_IMMEDIATELY,Immediate,3.72
Sugarcane,Vegetative,Black Soil,37.8,34.2,39.5,Low,3.9,Sub-surface Drip,None / Healthy,0.85,4.87,4.14,0.63,40.0,22.0,OPTIMAL_STANDBY,Low,0.0
Tomato,Fruiting,Sandy Loam,18.0,37.5,56.2,Low,5.5,Drip Irrigation,None / Healthy,1.2,4.69,5.63,1.9,22.0,10.0,MAINTENANCE_DRIP,Normal,5.43
Sugarcane,Maturity,Sandy,6.9,40.3,84.9,Moderate,7.8,Drip Irrigation,None / Healthy,0.7,3.86,2.7,3.76,15.0,6.0,IRRIGATE_IMMEDIATELY,Immediate,3.5
Pepper Bell,Seedling,Sandy Loam,19.3,36.0,21.2,Moderate,7.5,Drip Irrigation,None / Healthy,0.6,6.09,3.65,3.52,22.0,10.0,MAINTENANCE_DRIP,Normal,3.66
Rice,Flowering,Sandy,12.0,16.8,55.1,Low,4.3,Drip Irrigation,None / Healthy,1.25,2.0,2.5,0.97,15.0,6.0,MAINTENANCE_DRIP,Normal,2.58
Pepper Bell,Vegetative,Sandy,12.5,20.9,51.1,None,0.0,Sub-surface Drip,Potato Late Blight,0.8,2.18,1.74,0.0,15.0,6.0,MAINTENANCE_DRIP,Normal,1.88
Rice,Maturity,Loamy,19.2,20.4,39.8,None,0.0,Flood / Surface,None / Healthy,0.95,2.34,2.22,0.0,28.0,14.0,IRRIGATE_IMMEDIATELY,Immediate,3.5
Cotton,Seedling,Loamy,17.2,36.6,69.2,None,0.0,Sprinkler (Overhead),None / Healthy,0.45,3.92,1.76,0.0,28.0,14.0,IRRIGATE_IMMEDIATELY,Immediate,3.5
Corn,Maturity,Sandy,6.3,20.2,66.1,Moderate,17.6,Drip Irrigation,None / Healthy,0.6,2.0,1.2,11.61,15.0,6.0,IRRIGATE_IMMEDIATELY,Immediate,3.5
Cotton,Flowering,Clay Loam,34.9,22.5,76.5,Low,3.4,Drip Irrigation,Tomato Septoria Leaf Spot,1.2,2.0,2.4,0.2,34.0,18.0,OPTIMAL_STANDBY,Low,0.0
Rice,Flowering,Sandy,28.3,24.4,61.1,Moderate,16.2,Sub-surface Drip,None / Healthy,1.25,2.46,3.08,10.49,15.0,6.0,DELAY_RAIN_EXPECTED,Low,0.0
Soybean,Maturity,Loamy,26.1,35.0,46.5,None,0.0,Drip Irrigation,None / Healthy,0.5,4.71,2.35,0.0,28.0,14.0,OPTIMAL_STANDBY,Low,0.0
Potato,Vegetative,Clay Loam,21.2,21.8,38.1,Moderate,11.3,Flood / Surface,None / Healthy,0.8,2.62,2.1,6.56,34.0,18.0,IRRIGATE_IMMEDIATELY,Immediate,3.5
Corn,Vegetative,Black Soil,29.1,32.6,89.6,None,0.0,Drip Irrigation,None / Healthy,0.85,2.9,2.46,0.0,40.0,22.0,IRRIGATE_IMMEDIATELY,Immediate,3.5
Cotton,Fruiting,Loamy,13.6,27.9,24.3,High,21.3,Drip Irrigation,Pepper Bell Bacterial Spot,0.85,4.19,3.56,14.54,28.0,14.0,IRRIGATE_IMMEDIATELY,Immediate,4.26
Rice,Seedling,Sandy,11.4,25.7,88.6,None,0.0,Sub-surface Drip,None / Healthy,1.05,2.08,2.18,0.0,15.0,6.0,MAINTENANCE_DRIP,Normal,2.12
Cotton,Maturity,Black Soil,27.8,35.3,73.6,Moderate,9.7,Sub-surface Drip,Tomato Yellow Leaf Curl Virus,0.55,3.52,1.94,5.23,40.0,22.0,IRRIGATE_IMMEDIATELY,Immediate,3.5
Soybean,Maturity,Loamy,30.0,35.7,46.7,High,19.2,Sprinkler (Overhead),None / Healthy,0.5,4.83,2.42,12.87,28.0,14.0,DELAY_RAIN_EXPECTED,Low,0.0
Tomato,Seedling,Sandy Loam,30.5,27.3,79.8,Low,2.7,Flood / Surface,Potato Late Blight,0.6,2.27,1.36,0.0,22.0,10.0,OPTIMAL_STANDBY,Low,0.0
Sugarcane,Fruiting,Black Soil,37.1,16.2,57.2,Moderate,10.7,Drip Irrigation,Tomato Septoria Leaf Spot,1.25,2.0,2.5,6.05,40.0,22.0,OPTIMAL_STANDBY,Low,0.0
Pepper Bell,Maturity,Loamy,29.1,26.4,61.1,None,0.0,Drip Irrigation,None / Healthy,0.85,2.75,2.34,0.0,28.0,14.0,OPTIMAL_STANDBY,Low,0.0
Sugarcane,Flowering,Black Soil,30.5,28.6,27.9,Low,1.7,Sprinkler (Overhead),None / Healthy,1.25,4.21,5.26,0.0,40.0,22.0,MAINTENANCE_DRIP,Normal,5.37
Tomato,Vegetative,Loamy,37.9,25.0,91.4,None,0.0,Sub-surface Drip,None / Healthy,0.85,2.0,1.7,0.0,28.0,14.0,OPTIMAL_STANDBY,Low,0.0
Cotton,Flowering,Black Soil,30.4,32.7,38.1,None,0.0,Flood / Surface,None / Healthy,1.2,4.64,5.57,0.0,40.0,22.0,MAINTENANCE_DRIP,Normal,5.39
Tomato,Fruiting,Black Soil,35.5,39.8,69.7,None,0.0,Drip Irrigation,None / Healthy,1.2,4.36,5.23,0.0,40.0,22.0,MAINTENANCE_DRIP,Normal,5.1
Cotton,Flowering,Sandy,6.7,15.7,26.1,None,0.0,Sub-surface Drip,None / Healthy,1.2,2.0,2.4,0.0,15.0,6.0,IRRIGATE_IMMEDIATELY,Immediate,3.5
Tomato,Vegetative,Black Soil,46.3,25.9,83.2,Moderate,9.8,Drip Irrigation,Tomato Yellow Leaf Curl Virus,0.85,2.1,1.78,5.34,40.0,22.0,OPTIMAL_STANDBY,Low,0.0
Soybean,Maturity,Sandy,15.8,37.9,41.9,Moderate,12.1,Drip Irrigation,None / Healthy,0.5,5.49,2.75,7.16,15.0,6.0,OPTIMAL_STANDBY,Low,0.0
Wheat,Flowering,Clay Loam,16.9,35.8,31.9,None,0.0,Sprinkler (Overhead),None / Healthy,1.15,5.54,6.37,0.0,34.0,18.0,IRRIGATE_IMMEDIATELY,Immediate,7.0
Pepper Bell,Maturity,Loamy,17.4,29.3,45.1,High,21.0,Sprinkler (Overhead),Tomato Septoria Leaf Spot,0.85,3.74,3.18,14.31,28.0,14.0,SUSPEND_OVERHEAD_BLIGHT,Immediate,0.0
Sugarcane,Flowering,Sandy,14.5,37.0,21.9,Moderate,8.1,Sub-surface Drip,None / Healthy,1.25,6.28,7.85,4.0,15.0,6.0,OPTIMAL_STANDBY,Low,0.0
Sugarcane,Seedling,Sandy,7.1,20.0,78.0,Moderate,10.5,Sprinkler (Overhead),None / Healthy,0.45,2.0,0.9,5.92,15.0,6.0,IRRIGATE_IMMEDIATELY,Immediate,3.5
Corn,Maturity,Loamy,29.8,18.4,33.0,Moderate,16.7,Drip Irrigation,None / Healthy,0.6,2.12,1.27,10.9,28.0,14.0,DELAY_RAIN_EXPECTED,Low,0.0
Sugarcane,Maturity,Loamy,23.1,37.2,76.8,Moderate,14.5,Sprinkler (Overhead),None / Healthy,0.7,3.61,2.53,9.07,28.0,14.0,DELAY_RAIN_EXPECTED,Low,0.0
Sugarcane,Flowering,Sandy Loam,18.5,36.9,24.0,None,0.0,Sub-surface Drip,None / Healthy,1.25,6.16,7.7,0.0,22.0,10.0,MAINTENANCE_DRIP,Normal,5.5
Wheat,Flowering,Clay Loam,25.8,25.5,24.8,None,0.0,Drip Irrigation,None / Healthy,1.15,3.69,4.24,0.0,34.0,18.0,MAINTENANCE_DRIP,Normal,4.25
Cotton,Seedling,Black Soil,30.2,32.3,43.7,None,0.0,Sub-surface Drip,None / Healthy,0.45,4.33,1.95,0.0,40.0,22.0,MAINTENANCE_DRIP,Normal,2.05
Soybean,Fruiting,Clay Loam,21.1,19.6,77.0,Low,4.4,Flood / Surface,None / Healthy,1.05,2.0,2.1,1.04,34.0,18.0,IRRIGATE_IMMEDIATELY,Immediate,3.5
Sugarcane,Seedling,Sandy Loam,7.0,32.4,43.3,None,0.0,Flood / Surface,None / Healthy,0.45,4.38,1.97,0.0,22.0,10.0,IRRIGATE_IMMEDIATELY,Immediate,3.5
Pepper Bell,Vegetative,Black Soil,33.0,19.5,47.7,Moderate,10.0,Sprinkler (Overhead),None / Healthy,0.8,2.03,1.62,5.5,40.0,22.0,DELAY_RAIN_EXPECTED,Moderate,0.0
Rice,Maturity,Black Soil,34.5,36.9,77.4,None,0.0,Flood / Surface,None / Healthy,0.95,3.54,3.36,0.0,40.0,22.0,MAINTENANCE_DRIP,Normal,2.99
Corn,Maturity,Black Soil,37.0,15.4,83.7,Moderate,7.8,Sub-surface Drip,None / Healthy,0.6,2.0,1.2,3.74,40.0,22.0,OPTIMAL_STANDBY,Low,0.0
Wheat,Seedling,Black Soil,40.5,37.9,79.1,None,0.0,Drip Irrigation,None / Healthy,0.4,3.6,1.44,0.0,40.0,22.0,OPTIMAL_STANDBY,Low,0.0
Cotton,Fruiting,Loamy,21.4,15.4,76.2,Moderate,9.8,Sprinkler (Overhead),None / Healthy,0.85,2.0,1.7,5.34,28.0,14.0,DELAY_RAIN_EXPECTED,Moderate,0.0
Wheat,Vegetative,Loamy,29.1,40.9,84.5,None,0.0,Sub-surface Drip,None / Healthy,0.75,3.94,2.96,0.0,28.0,14.0,OPTIMAL_STANDBY,Low,0.0
Potato,Flowering,Black Soil,34.7,22.6,70.5,None,0.0,Sprinkler (Overhead),None / Healthy,1.15,2.0,2.3,0.0,40.0,22.0,MAINTENANCE_DRIP,Normal,2.22
Corn,Maturity,Sandy,16.9,27.4,76.7,Moderate,10.9,Sprinkler (Overhead),None / Healthy,0.6,2.38,1.43,6.2,15.0,6.0,OPTIMAL_STANDBY,Low,0.0
Wheat,Maturity,Clay Loam,14.1,36.4,52.8,Moderate,16.3,Sprinkler (Overhead),None / Healthy,0.35,4.67,1.63,10.55,34.0,18.0,IRRIGATE_IMMEDIATELY,Immediate,3.5
Soybean,Seedling,Sandy,10.7,26.5,32.8,None,0.0,Sprinkler (Overhead),None / Healthy,0.4,3.63,1.45,0.0,15.0,6.0,MAINTENANCE_DRIP,Normal,1.5
Potato,Fruiting,Clay Loam,29.4,16.0,56.4,None,0.0,Sprinkler (Overhead),Tomato Early Blight,1.15,2.0,2.3,0.0,34.0,18.0,SUSPEND_OVERHEAD_BLIGHT,Immediate,0.0
Wheat,Vegetative,Sandy,4.0,29.1,23.9,Moderate,14.4,Sub-surface Drip,Potato Late Blight,0.75,4.46,3.34,8.98,15.0,6.0,IRRIGATE_IMMEDIATELY,Immediate,4.37
Soybean,Fruiting,Sandy Loam,20.2,41.2,93.7,Low,3.6,Sprinkler (Overhead),None / Healthy,1.05,3.97,4.17,0.41,22.0,10.0,OPTIMAL_STANDBY,Low,0.0
Cotton,Flowering,Loamy,22.8,29.8,84.7,None,0.0,Sprinkler (Overhead),None / Healthy,1.2,2.55,3.06,0.0,28.0,14.0,MAINTENANCE_DRIP,Normal,2.84
Tomato,Fruiting,Black Soil,34.8,21.9,41.6,Low,2.2,Drip Irrigation,None / Healthy,1.2,2.57,3.08,0.0,40.0,22.0,MAINTENANCE_DRIP,Normal,2.72
Pepper Bell,Flowering,Sandy Loam,6.7,41.5,46.1,Low,5.2,Drip Irrigation,Tomato Septoria Leaf Spot,1.05,5.96,6.26,1.65,22.0,10.0,IRRIGATE_IMMEDIATELY,Immediate,7.0
Cotton,Seedling,Sandy,10.5,27.8,82.1,Low,2.9,Drip Irrigation,Tomato Septoria Leaf Spot,0.45,2.32,1.04,0.0,15.0,6.0,MAINTENANCE_DRIP,Normal,1.5
Corn,Maturity,Loamy,24.7,14.3,25.8,None,0.0,Drip Irrigation,None / Healthy,0.6,2.0,1.2,0.0,28.0,14.0,MAINTENANCE_DRIP,Normal,1.5
Sugarcane,Fruiting,Sandy,5.0,15.0,59.5,None,0.0,Sub-surface Drip,Tomato Early Blight,1.25,2.0,2.5,0.0,15.0,6.0,IRRIGATE_IMMEDIATELY,Immediate,3.5
Sugarcane,Fruiting,Sandy,12.8,32.6,78.4,None,0.0,Drip Irrigation,None / Healthy,1.25,2.96,3.7,0.0,15.0,6.0,MAINTENANCE_DRIP,Normal,3.6
Sugarcane,Seedling,Sandy,11.4,16.2,73.1,Low,3.3,Drip Irrigation,None / Healthy,0.45,2.0,0.9,0.14,15.0,6.0,MAINTENANCE_DRIP,Normal,1.5
Corn,Maturity,Clay Loam,21.2,24.5,56.4,Moderate,12.6,Drip Irrigation,None / Healthy,0.6,2.6,1.56,7.56,34.0,18.0,IRRIGATE_IMMEDIATELY,Immediate,3.5
Soybean,Vegetative,Sandy Loam,6.2,19.9,73.5,None,0.0,Drip Irrigation,None / Healthy,0.7,2.0,1.4,0.0,22.0,10.0,IRRIGATE_IMMEDIATELY,Immediate,3.5
Rice,Fruiting,Clay Loam,27.1,33.2,59.0,Low,4.7,Flood / Surface,None / Healthy,1.2,3.86,4.63,1.28,34.0,18.0,MAINTENANCE_DRIP,Normal,4.81
Corn,Seedling,Sandy,4.9,27.7,20.7,None,0.0,Sprinkler (Overhead),None / Healthy,0.4,4.28,1.71,0.0,15.0,6.0,IRRIGATE_IMMEDIATELY,Immediate,3.5
Potato,Seedling,Black Soil,41.2,32.1,89.3,High,43.6,Flood / Surface,None / Healthy,0.5,2.83,1.42,32.38,40.0,22.0,DELAY_RAIN_EXPECTED,Low,0.0
Sugarcane,Flowering,Loamy,25.6,32.6,20.6,High,21.7,Sprinkler (Overhead),None / Healthy,1.25,5.35,6.69,14.87,28.0,14.0,DELAY_RAIN_EXPECTED,Low,0.0
Wheat,Vegetative,Loamy,30.6,19.8,77.3,None,0.0,Sprinkler (Overhead),Potato Late Blight,0.75,2.0,1.5,0.0,28.0,14.0,SUSPEND_OVERHEAD_BLIGHT,Immediate,0.0
Corn,Fruiting,Black Soil,26.6,33.2,81.2,High,39.8,Sprinkler (Overhead),None / Healthy,1.1,2.97,3.27,29.33,40.0,22.0,DELAY_RAIN_EXPECTED,Low,0.0
Potato,Maturity,Sandy Loam,33.8,32.9,56.9,Low,5.5,Flood / Surface,None / Healthy,0.75,3.9,2.92,1.88,22.0,10.0,OPTIMAL_STANDBY,Low,0.0
Tomato,Seedling,Loamy,13.2,31.5,77.2,None,0.0,Flood / Surface,Pepper Bell Bacterial Spot,0.6,2.86,1.72,0.0,28.0,14.0,IRRIGATE_IMMEDIATELY,Immediate,3.5
Wheat,Vegetative,Loamy,36.4,18.4,24.8,Moderate,11.0,Sprinkler (Overhead),Potato Late Blight,0.75,2.27,1.7,6.32,28.0,14.0,SUSPEND_OVERHEAD_BLIGHT,Immediate,0.0
Soybean,Flowering,Sandy,4.0,34.4,76.3,None,0.0,Sub-surface Drip,Tomato Target Spot,1.15,3.28,3.77,0.0,15.0,6.0,IRRIGATE_IMMEDIATELY,Immediate,5.05
Tomato,Seedling,Sandy,13.5,29.1,28.1,Low,4.5,Sprinkler (Overhead),None / Healthy,0.6,4.31,2.59,1.08,15.0,6.0,OPTIMAL_STANDBY,Low,0.0
Tomato,Fruiting,Sandy,12.2,37.2,55.4,None,0.0,Flood / Surface,None / Healthy,1.2,4.68,5.62,0.0,15.0,6.0,MAINTENANCE_DRIP,Normal,5.5
Pepper Bell,Fruiting,Sandy,5.3,39.8,78.6,Moderate,9.9,Flood / Surface,None / Healthy,1.1,3.87,4.26,5.4,15.0,6.0,IRRIGATE_IMMEDIATELY,Immediate,5.64
Pepper Bell,Maturity,Clay Loam,19.5,21.7,53.4,Low,2.1,Drip Irrigation,None / Healthy,0.85,2.25,1.91,0.0,34.0,18.0,IRRIGATE_IMMEDIATELY,Immediate,3.5
Sugarcane,Maturity,Clay Loam,26.9,33.8,63.6,None,0.0,Drip Irrigation,None / Healthy,0.7,3.75,2.62,0.0,34.0,18.0,MAINTENANCE_DRIP,Normal,2.31
Potato,Vegetative,Sandy Loam,19.2,30.1,40.2,None,0.0,Sprinkler (Overhead),None / Healthy,0.8,4.07,3.26,0.0,22.0,10.0,MAINTENANCE_DRIP,Normal,3.57
Corn,Maturity,Sandy Loam,16.5,33.0,93.4,Low,4.2,Sprinkler (Overhead),None / Healthy,0.6,2.94,1.76,0.89,22.0,10.0,MAINTENANCE_DRIP,Normal,1.64
Rice,Fruiting,Clay Loam,21.2,34.9,31.1,Low,3.3,Flood / Surface,None / Healthy,1.2,5.4,6.48,0.17,34.0,18.0,IRRIGATE_IMMEDIATELY,Immediate,7.0
Tomato,Vegetative,Sandy Loam,22.9,34.8,77.1,None,0.0,Sub-surface Drip,None / Healthy,0.85,3.3,2.8,0.0,22.0,10.0,OPTIMAL_STANDBY,Low,0.0
Pepper Bell,Vegetative,Sandy Loam,22.3,23.9,47.5,None,0.0,Flood / Surface,Tomato Yellow Leaf Curl Virus,0.8,2.75,2.2,0.0,22.0,10.0,OPTIMAL_STANDBY,Low,0.0
Sugarcane,Flowering,Clay Loam,16.8,36.7,79.1,Moderate,8.7,Sprinkler (Overhead),None / Healthy,1.25,3.45,4.31,4.45,34.0,18.0,IRRIGATE_IMMEDIATELY,Immediate,5.62
Rice,Maturity,Sandy Loam,6.4,38.4,52.4,Moderate,12.4,Sprinkler (Overhead),Pepper Bell Bacterial Spot,0.95,5.04,4.79,7.38,22.0,10.0,SUSPEND_OVERHEAD_BLIGHT,Immediate,0.0
Cotton,Maturity,Sandy,8.3,17.5,88.3,Low,2.4,Flood / Surface,None / Healthy,0.55,2.0,1.1,0.0,15.0,6.0,IRRIGATE_IMMEDIATELY,Immediate,3.5
Cotton,Flowering,Sandy Loam,17.6,40.1,60.4,None,0.0,Flood / Surface,None / Healthy,1.2,4.91,5.89,0.0,22.0,10.0,MAINTENANCE_DRIP,Normal,5.5
Potato,Vegetative,Clay Loam,27.9,31.8,28.8,None,0.0,Flood / Surface,None / Healthy,0.8,4.84,3.87,0.0,34.0,18.0,MAINTENANCE_DRIP,Normal,4.11
Potato,Vegetative,Sandy,7.6,19.7,64.6,Low,2.8,Drip Irrigation,None / Healthy,0.8,2.0,1.6,0.0,15.0,6.0,IRRIGATE_IMMEDIATELY,Immediate,3.5
Cotton,Flowering,Sandy,4.7,33.1,88.4,High,22.6,Drip Irrigation,None / Healthy,1.2,2.95,3.54,15.6,15.0,6.0,IRRIGATE_IMMEDIATELY,Immediate,4.26
Pepper Bell,Vegetative,Loamy,19.4,25.9,47.6,High,39.4,Sprinkler (Overhead),None / Healthy,0.8,3.08,2.46,29.03,28.0,14.0,DELAY_RAIN_EXPECTED,Low,0.0
Sugarcane,Flowering,Sandy Loam,16.0,14.5,76.1,High,27.7,Sub-surface Drip,None / Healthy,1.25,2.0,2.5,19.68,22.0,10.0,DELAY_RAIN_EXPECTED,Low,0.0
Corn,Seedling,Clay Loam,30.7,16.4,60.6,None,0.0,Sub-surface Drip,Tomato Early Blight,0.4,2.0,0.8,0.0,34.0,18.0,OPTIMAL_STANDBY,Low,0.0
Sugarcane,Vegetative,Sandy,16.3,27.5,84.5,Moderate,9.3,Drip Irrigation,Tomato Target Spot,0.85,2.29,1.95,4.97,15.0,6.0,OPTIMAL_STANDBY,Low,0.0
Rice,Vegetative,Sandy Loam,17.6,28.9,64.9,Low,1.1,Sub-surface Drip,None / Healthy,1.15,2.98,3.43,0.0,22.0,10.0,MAINTENANCE_DRIP,Normal,3.27
Wheat,Vegetative,Sandy,12.4,20.3,25.9,Moderate,15.0,Drip Irrigation,Potato Late Blight,0.75,2.61,1.96,9.52,15.0,6.0,DELAY_RAIN_EXPECTED,Low,0.0
Rice,Flowering,Loamy,21.3,19.6,81.2,None,0.0,Drip Irrigation,None / Healthy,1.25,2.0,2.5,0.0,28.0,14.0,MAINTENANCE_DRIP,Normal,2.58
Sugarcane,Fruiting,Black Soil,35.0,27.1,62.7,None,0.0,Drip Irrigation,None / Healthy,1.25,2.79,3.49,0.0,40.0,22.0,MAINTENANCE_DRIP,Normal,3.51
Pepper Bell,Fruiting,Loamy,15.0,19.7,71.6,Low,1.5,Drip Irrigation,None / Healthy,1.1,2.0,2.2,0.0,28.0,14.0,IRRIGATE_IMMEDIATELY,Immediate,3.5
Soybean,Flowering,Sandy Loam,22.7,14.1,81.4,Low,2.7,Flood / Surface,None / Healthy,1.15,2.0,2.3,0.0,22.0,10.0,OPTIMAL_STANDBY,Low,0.0
Corn,Seedling,Loamy,29.0,17.3,48.6,None,0.0,Drip Irrigation,None / Healthy,0.4,2.0,0.8,0.0,28.0,14.0,OPTIMAL_STANDBY,Low,0.0
Corn,Fruiting,Sandy,6.3,40.6,53.2,None,0.0,Drip Irrigation,None / Healthy,1.1,5.4,5.94,0.0,15.0,6.0,IRRIGATE_IMMEDIATELY,Immediate,7.0
Cotton,Vegetative,Black Soil,34.0,14.3,73.3,None,0.0,Sub-surface Drip,None / Healthy,0.75,2.0,1.5,0.0,40.0,22.0,MAINTENANCE_DRIP,Normal,1.57
Sugarcane,Maturity,Loamy,24.5,27.8,49.0,None,0.0,Sprinkler (Overhead),None / Healthy,0.7,3.35,2.34,0.0,28.0,14.0,MAINTENANCE_DRIP,Normal,2.23
Soybean,Flowering,Clay Loam,18.4,23.4,80.8,Moderate,16.4,Drip Irrigation,Tomato Septoria Leaf Spot,1.15,2.0,2.3,10.63,34.0,18.0,IRRIGATE_IMMEDIATELY,Immediate,3.5
Rice,Fruiting,Sandy Loam,21.4,31.0,89.8,Moderate,8.7,Drip Irrigation,Tomato Early Blight,1.2,2.7,3.24,4.43,22.0,10.0,OPTIMAL_STANDBY,Low,0.0
Cotton,Fruiting,Sandy Loam,10.0,21.2,46.4,Low,2.8,Sprinkler (Overhead),Tomato Target Spot,0.85,2.34,1.99,0.0,22.0,10.0,SUSPEND_OVERHEAD_BLIGHT,Immediate,0.0
Tomato,Flowering,Loamy,28.0,23.6,70.7,None,0.0,Drip Irrigation,Tomato Target Spot,1.15,2.09,2.4,0.0,28.0,14.0,OPTIMAL_STANDBY,Low,0.0
Corn,Seedling,Black Soil,30.6,27.8,92.4,High,33.2,Drip Irrigation,None / Healthy,0.4,2.32,0.93,24.07,40.0,22.0,DELAY_RAIN_EXPECTED,Low,0.0
Sugarcane,Fruiting,Sandy,16.3,25.5,55.7,Low,4.4,Drip Irrigation,None / Healthy,1.25,2.78,3.47,1.02,15.0,6.0,OPTIMAL_STANDBY,Low,0.0
Tomato,Vegetative,Loamy,12.0,26.9,27.8,Low,3.9,Flood / Surface,Pepper Bell Bacterial Spot,0.85,3.88,3.3,0.58,28.0,14.0,IRRIGATE_IMMEDIATELY,Immediate,4.18
Potato,Maturity,Black Soil,38.3,35.8,61.4,Low,1.3,Drip Irrigation,None / Healthy,0.75,4.16,3.12,0.0,40.0,22.0,OPTIMAL_STANDBY,Low,0.0
Cotton,Vegetative,Clay Loam,36.0,35.6,76.4,None,0.0,Flood / Surface,Pepper Bell Bacterial Spot,0.75,3.42,2.56,0.0,34.0,18.0,OPTIMAL_STANDBY,Low,0.0
Rice,Maturity,Clay Loam,31.3,27.9,61.0,Low,5.8,Sprinkler (Overhead),None / Healthy,0.95,2.97,2.82,2.11,34.0,18.0,OPTIMAL_STANDBY,Low,0.0
Wheat,Maturity,Black Soil,46.6,26.2,59.0,None,0.0,Drip Irrigation,Tomato Yellow Leaf Curl Virus,0.35,2.78,0.97,0.0,40.0,22.0,OPTIMAL_STANDBY,Low,0.0
Sugarcane,Vegetative,Sandy Loam,16.2,29.6,42.4,Low,3.4,Drip Irrigation,None / Healthy,0.85,3.89,3.31,0.24,22.0,10.0,MAINTENANCE_DRIP,Normal,3.51
Wheat,Fruiting,Sandy Loam,10.8,24.4,83.5,None,0.0,Flood / Surface,Tomato Early Blight,0.85,2.0,1.7,0.0,22.0,10.0,IRRIGATE_IMMEDIATELY,Immediate,3.5
Rice,Fruiting,Sandy Loam,21.3,18.2,70.8,None,0.0,Flood / Surface,None / Healthy,1.2,2.0,2.4,0.0,22.0,10.0,OPTIMAL_STANDBY,Low,0.0
Corn,Seedling,Clay Loam,15.8,20.5,27.0,Moderate,9.9,Sprinkler (Overhead),None / Healthy,0.4,2.63,1.05,5.41,34.0,18.0,IRRIGATE_IMMEDIATELY,Immediate,3.5
Rice,Vegetative,Sandy Loam,17.4,40.0,76.5,High,39.5,Drip Irrigation,Tomato Yellow Leaf Curl Virus,1.15,4.02,4.62,29.11,22.0,10.0,DELAY_RAIN_EXPECTED,Low,0.0
Cotton,Flowering,Clay Loam,37.3,16.1,66.6,Low,2.2,Flood / Surface,Pepper Bell Bacterial Spot,1.2,2.0,2.4,0.0,34.0,18.0,OPTIMAL_STANDBY,Low,0.0
Rice,Vegetative,Sandy Loam,19.2,16.0,64.1,Low,3.8,Sprinkler (Overhead),Tomato Target Spot,1.15,2.0,2.3,0.58,22.0,10.0,SUSPEND_OVERHEAD_BLIGHT,Immediate,0.0
Pepper Bell,Fruiting,Loamy,20.8,33.3,22.5,None,0.0,Sprinkler (Overhead),None / Healthy,1.1,5.43,5.97,0.0,28.0,14.0,MAINTENANCE_DRIP,Normal,5.5
Rice,Vegetative,Clay Loam,22.0,20.5,92.7,Low,4.3,Flood / Surface,None / Healthy,1.15,2.0,2.3,0.94,34.0,18.0,IRRIGATE_IMMEDIATELY,Immediate,3.5
Corn,Maturity,Sandy,6.6,22.5,71.0,None,0.0,Sub-surface Drip,Pepper Bell Bacterial Spot,0.6,2.0,1.2,0.0,15.0,6.0,IRRIGATE_IMMEDIATELY,Immediate,3.5
Wheat,Fruiting,Black Soil,32.2,33.6,34.8,None,0.0,Flood / Surface,None / Healthy,0.85,4.96,4.22,0.0,40.0,22.0,MAINTENANCE_DRIP,Normal,4.21
Rice,Flowering,Clay Loam,33.2,19.3,60.6,Low,5.9,Drip Irrigation,None / Healthy,1.25,2.0,2.5,2.19,34.0,18.0,OPTIMAL_STANDBY,Low,0.0
Rice,Flowering,Black Soil,30.4,22.0,79.6,None,0.0,Drip Irrigation,None / Healthy,1.25,2.0,2.5,0.0,40.0,22.0,MAINTENANCE_DRIP,Normal,2.8
Potato,Vegetative,Clay Loam,33.2,16.2,45.8,None,0.0,Sub-surface Drip,None / Healthy,0.8,2.0,1.6,0.0,34.0,18.0,OPTIMAL_STANDBY,Low,0.0
Pepper Bell,Vegetative,Sandy Loam,23.0,17.8,79.8,None,0.0,Drip Irrigation,None / Healthy,0.8,2.0,1.6,0.0,22.0,10.0,OPTIMAL_STANDBY,Low,0.0
Soybean,Seedling,Black Soil,51.2,36.5,58.2,Moderate,10.0,Drip Irrigation,None / Healthy,0.4,4.43,1.77,5.52,40.0,22.0,OPTIMAL_STANDBY,Low,0.0
Wheat,Flowering,Sandy Loam,12.7,38.2,30.4,Low,5.2,Sprinkler (Overhead),Tomato Septoria Leaf Spot,1.15,6.13,7.05,1.68,22.0,10.0,SUSPEND_OVERHEAD_BLIGHT,Immediate,0.0
Cotton,Seedling,Clay Loam,20.8,29.3,71.1,None,0.0,Flood / Surface,None / Healthy,0.45,2.81,1.26,0.0,34.0,18.0,IRRIGATE_IMMEDIATELY,Immediate,3.5
Cotton,Maturity,Sandy,11.2,37.4,83.7,Low,4.5,Drip Irrigation,Tomato Septoria Leaf Spot,0.55,3.49,1.92,1.12,15.0,6.0,MAINTENANCE_DRIP,Normal,1.94
Potato,Seedling,Sandy,8.4,20.5,68.5,Low,5.4,Drip Irrigation,None / Healthy,0.5,2.0,1.0,1.84,15.0,6.0,IRRIGATE_IMMEDIATELY,Immediate,3.5
Wheat,Fruiting,Sandy Loam,7.6,33.2,48.0,None,0.0,Flood / Surface,None / Healthy,0.85,4.32,3.67,0.0,22.0,10.0,IRRIGATE_IMMEDIATELY,Immediate,4.6
Pepper Bell,Flowering,Clay Loam,28.7,38.4,38.2,Moderate,11.9,Drip Irrigation,None / Healthy,1.05,5.77,6.06,7.02,34.0,18.0,DELAY_RAIN_EXPECTED,Moderate,0.0
Cotton,Vegetative,Black Soil,37.6,31.6,79.0,Low,5.0,Drip Irrigation,None / Healthy,0.75,2.82,2.11,1.5,40.0,22.0,OPTIMAL_STANDBY,Low,0.0
Rice,Maturity,Clay Loam,28.8,35.8,32.0,None,0.0,Sprinkler (Overhead),None / Healthy,0.95,5.54,5.26,0.0,34.0,18.0,MAINTENANCE_DRIP,Normal,5.44
Tomato,Maturity,Loamy,27.8,31.9,44.5,Low,2.7,Drip Irrigation,None / Healthy,0.8,4.24,3.39,0.0,28.0,14.0,OPTIMAL_STANDBY,Low,0.0
Tomato,Seedling,Black Soil,31.6,24.8,31.6,High,25.1,Flood / Surface,None / Healthy,0.6,3.35,2.01,17.6,40.0,22.0,DELAY_RAIN_EXPECTED,Low,0.0
Soybean,Vegetative,Clay Loam,23.6,36.9,55.1,None,0.0,Drip Irrigation,None / Healthy,0.7,4.65,3.25,0.0,34.0,18.0,IRRIGATE_IMMEDIATELY,Immediate,4.25
Potato,Flowering,Clay Loam,25.4,18.7,70.5,Low,3.1,Flood / Surface,Tomato Target Spot,1.15,2.0,2.3,0.0,34.0,18.0,MAINTENANCE_DRIP,Normal,2.27
Potato,Vegetative,Loamy,22.3,33.0,61.4,Low,5.8,Drip Irrigation,None / Healthy,0.8,3.72,2.98,2.11,28.0,14.0,MAINTENANCE_DRIP,Normal,3.01
Tomato,Fruiting,Sandy,16.3,18.7,67.1,None,0.0,Drip Irrigation,None / Healthy,1.2,2.0,2.4,0.0,15.0,6.0,OPTIMAL_STANDBY,Low,0.0
Corn,Flowering,Clay Loam,26.3,34.8,35.5,Low,5.2,Drip Irrigation,None / Healthy,1.2,5.16,6.19,1.69,34.0,18.0,MAINTENANCE_DRIP,Normal,5.5
Sugarcane,Fruiting,Loamy,18.6,24.7,45.4,None,0.0,Drip Irrigation,Tomato Target Spot,1.25,2.94,3.67,0.0,28.0,14.0,IRRIGATE_IMMEDIATELY,Immediate,4.61
Wheat,Fruiting,Sandy,16.7,31.1,57.0,None,0.0,Drip Irrigation,None / Healthy,0.85,3.6,3.06,0.0,15.0,6.0,OPTIMAL_STANDBY,Low,0.0
Sugarcane,Seedling,Loamy,11.4,34.9,25.7,Moderate,7.7,Sub-surface Drip,None / Healthy,0.45,5.63,2.53,3.7,28.0,14.0,IRRIGATE_IMMEDIATELY,Immediate,3.5
Potato,Fruiting,Clay Loam,29.5,40.8,51.3,None,0.0,Sprinkler (Overhead),None / Healthy,1.15,5.54,6.37,0.0,34.0,18.0,MAINTENANCE_DRIP,Normal,5.5
Cotton,Vegetative,Sandy Loam,24.6,39.8,42.3,None,0.0,Drip Irrigation,None / Healthy,0.75,5.85,4.39,0.0,22.0,10.0,OPTIMAL_STANDBY,Low,0.0
Tomato,Vegetative,Loamy,16.8,18.9,90.9,Low,1.8,Flood / Surface,None / Healthy,0.85,2.0,1.7,0.0,28.0,14.0,IRRIGATE_IMMEDIATELY,Immediate,3.5
Pepper Bell,Seedling,Sandy,28.8,22.4,78.2,High,27.1,Drip Irrigation,None / Healthy,0.6,2.0,1.2,19.2,15.0,6.0,DELAY_RAIN_EXPECTED,Low,0.0
Cotton,Flowering,Sandy Loam,16.9,21.4,61.8,Moderate,7.7,Sprinkler (Overhead),None / Healthy,1.2,2.01,2.41,3.66,22.0,10.0,MAINTENANCE_DRIP,Normal,2.31
Pepper Bell,Seedling,Clay Loam,30.0,36.6,78.9,Low,1.6,Drip Irrigation,None / Healthy,0.6,3.44,2.06,0.0,34.0,18.0,MAINTENANCE_DRIP,Normal,2.06
Soybean,Vegetative,Sandy,15.3,20.2,20.8,None,0.0,Flood / Surface,None / Healthy,0.7,2.7,1.89,0.0,15.0,6.0,OPTIMAL_STANDBY,Low,0.0
Rice,Seedling,Clay Loam,36.0,25.7,74.5,Moderate,11.9,Drip Irrigation,None / Healthy,1.05,2.24,2.35,7.04,34.0,18.0,OPTIMAL_STANDBY,Low,0.0
Rice,Flowering,Sandy,12.5,39.2,57.8,None,0.0,Drip Irrigation,None / Healthy,1.25,4.89,6.11,0.0,15.0,6.0,MAINTENANCE_DRIP,Normal,5.5
Potato,Vegetative,Loamy,26.6,38.5,57.4,Low,2.1,Drip Irrigation,None / Healthy,0.8,4.81,3.85,0.0,28.0,14.0,OPTIMAL_STANDBY,Low,0.0
Cotton,Seedling,Clay Loam,30.7,27.1,43.9,Low,5.1,Drip Irrigation,Tomato Early Blight,0.45,3.41,1.53,1.57,34.0,18.0,OPTIMAL_STANDBY,Low,0.0
Wheat,Flowering,Clay Loam,26.2,17.9,57.5,Low,5.5,Flood / Surface,None / Healthy,1.15,2.0,2.3,1.86,34.0,18.0,MAINTENANCE_DRIP,Normal,2.17
Wheat,Vegetative,Clay Loam,29.2,15.1,37.1,Moderate,16.9,Sprinkler (Overhead),None / Healthy,0.75,2.0,1.5,11.04,34.0,18.0,DELAY_RAIN_EXPECTED,Low,0.0
Rice,Maturity,Clay Loam,16.4,30.1,68.5,None,0.0,Drip Irrigation,None / Healthy,0.95,3.02,2.87,0.0,34.0,18.0,IRRIGATE_IMMEDIATELY,Immediate,3.81
Corn,Fruiting,Black Soil,27.0,22.5,21.9,None,0.0,Drip Irrigation,None / Healthy,1.1,3.15,3.47,0.0,40.0,22.0,IRRIGATE_IMMEDIATELY,Immediate,4.21
Corn,Vegetative,Clay Loam,15.4,31.5,58.3,None,0.0,Drip Irrigation,Tomato Target Spot,0.85,3.61,3.07,0.0,34.0,18.0,IRRIGATE_IMMEDIATELY,Immediate,4.11
Tomato,Fruiting,Loamy,22.1,39.5,68.9,Low,3.4,Drip Irrigation,Tomato Yellow Leaf Curl Virus,1.2,4.35,5.22,0.2,28.0,14.0,MAINTENANCE_DRIP,Normal,5.24
Tomato,Flowering,Clay Loam,28.6,26.0,25.3,Low,1.6,Sprinkler (Overhead),Tomato Target Spot,1.15,3.78,4.35,0.0,34.0,18.0,SUSPEND_OVERHEAD_BLIGHT,Immediate,0.0
Corn,Seedling,Loamy,13.4,38.9,63.5,Low,2.6,Drip Irrigation,None / Healthy,0.4,4.55,1.82,0.0,28.0,14.0,IRRIGATE_IMMEDIATELY,Immediate,3.5
Potato,Fruiting,Sandy,10.1,36.9,78.6,Low,3.6,Sprinkler (Overhead),None / Healthy,1.15,3.49,4.01,0.37,15.0,6.0,MAINTENANCE_DRIP,Normal,4.0
Rice,Flowering,Black Soil,33.9,29.2,68.9,Moderate,10.5,Drip Irrigation,Tomato Target Spot,1.25,2.88,3.6,5.88,40.0,22.0,DELAY_RAIN_EXPECTED,Moderate,0.0
Wheat,Flowering,Clay Loam,43.0,34.4,48.0,Low,1.8,Sub-surface Drip,None / Healthy,1.15,4.54,5.22,0.0,34.0,18.0,OPTIMAL_STANDBY,Low,0.0
Pepper Bell,Vegetative,Loamy,28.5,16.9,59.3,High,36.9,Sprinkler (Overhead),Pepper Bell Bacterial Spot,0.8,2.0,1.6,26.99,28.0,14.0,SUSPEND_OVERHEAD_BLIGHT,Immediate,0.0
Soybean,Vegetative,Sandy,16.6,22.3,39.6,None,0.0,Drip Irrigation,None / Healthy,0.7,2.68,1.88,0.0,15.0,6.0,OPTIMAL_STANDBY,Low,0.0
Cotton,Vegetative,Black Soil,24.5,38.2,81.2,Moderate,8.0,Flood / Surface,None / Healthy,0.75,3.59,2.69,3.86,40.0,22.0,IRRIGATE_IMMEDIATELY,Immediate,3.5
Soybean,Flowering,Sandy Loam,6.5,38.9,28.3,Moderate,14.9,Flood / Surface,None / Healthy,1.15,6.4,7.36,9.39,22.0,10.0,IRRIGATE_IMMEDIATELY,Immediate,7.0
Rice,Maturity,Clay Loam,29.7,41.7,61.0,None,0.0,Sprinkler (Overhead),None / Healthy,0.95,5.15,4.89,0.0,34.0,18.0,MAINTENANCE_DRIP,Normal,4.88
Corn,Fruiting,Clay Loam,32.3,38.8,35.0,Moderate,8.9,Flood / Surface,None / Healthy,1.1,6.03,6.63,4.66,34.0,18.0,OPTIMAL_STANDBY,Low,0.0
Cotton,Vegetative,Loamy,22.4,36.9,21.0,None,0.0,Drip Irrigation,None / Healthy,0.75,6.31,4.73,0.0,28.0,14.0,MAINTENANCE_DRIP,Normal,4.62
Corn,Vegetative,Black Soil,34.6,28.4,31.0,Moderate,8.6,Sprinkler (Overhead),Potato Late Blight,0.85,4.07,3.46,4.4,40.0,22.0,SUSPEND_OVERHEAD_BLIGHT,Immediate,0.0
Cotton,Fruiting,Sandy Loam,17.4,35.8,85.4,None,0.0,Drip Irrigation,Pepper Bell Bacterial Spot,0.85,3.29,2.8,0.0,22.0,10.0,MAINTENANCE_DRIP,Normal,2.73
Pepper Bell,Maturity,Clay Loam,47.6,27.9,21.7,None,0.0,Sub-surface Drip,None / Healthy,0.85,4.28,3.64,0.0,34.0,18.0,OPTIMAL_STANDBY,Low,0.0
Corn,Vegetative,Clay Loam,15.6,33.0,32.5,Low,4.8,Drip Irrigation,Tomato Septoria Leaf Spot,0.85,4.94,4.2,1.31,34.0,18.0,IRRIGATE_IMMEDIATELY,Immediate,5.24
Potato,Maturity,Loamy,22.1,35.0,69.5,None,0.0,Drip Irrigation,Potato Late Blight,0.75,3.66,2.75,0.0,28.0,14.0,MAINTENANCE_DRIP,Normal,2.66
Soybean,Maturity,Black Soil,37.1,14.5,83.9,None,0.0,Drip Irrigation,Pepper Bell Bacterial Spot,0.5,2.0,1.0,0.0,40.0,22.0,OPTIMAL_STANDBY,Low,0.0
Soybean,Vegetative,Sandy,12.2,35.5,87.8,Moderate,13.5,Drip Irrigation,None / Healthy,0.7,3.25,2.27,8.34,15.0,6.0,DELAY_RAIN_EXPECTED,Low,0.0
Tomato,Flowering,Sandy,8.8,17.8,75.7,None,0.0,Drip Irrigation,None / Healthy,1.15,2.0,2.3,0.0,15.0,6.0,IRRIGATE_IMMEDIATELY,Immediate,3.5
Tomato,Maturity,Black Soil,34.5,17.1,56.3,Low,1.5,Flood / Surface,None / Healthy,0.8,2.0,1.6,0.0,40.0,22.0,MAINTENANCE_DRIP,Normal,1.56
Soybean,Vegetative,Sandy Loam,21.6,39.9,32.9,None,0.0,Drip Irrigation,None / Healthy,0.7,6.38,4.47,0.0,22.0,10.0,OPTIMAL_STANDBY,Low,0.0
Pepper Bell,Flowering,Loamy,27.3,36.8,55.9,Low,3.7,Flood / Surface,None / Healthy,1.05,4.59,4.82,0.48,28.0,14.0,OPTIMAL_STANDBY,Low,0.0
Tomato,Flowering,Clay Loam,21.6,34.6,31.6,Low,4.1,Sprinkler (Overhead),Tomato Early Blight,1.15,5.32,6.12,0.74,34.0,18.0,SUSPEND_OVERHEAD_BLIGHT,Immediate,0.0
Sugarcane,Fruiting,Clay Loam,47.9,25.3,61.0,Low,4.7,Drip Irrigation,Potato Late Blight,1.25,2.59,3.24,1.26,34.0,18.0,OPTIMAL_STANDBY,Low,0.0
Tomato,Seedling,Sandy,9.5,40.8,67.1,None,0.0,Sprinkler (Overhead),None / Healthy,0.6,4.65,2.79,0.0,15.0,6.0,IRRIGATE_IMMEDIATELY,Immediate,3.59
Sugarcane,Maturity,Sandy,11.3,27.0,27.8,Moderate,16.7,Drip Irrigation,None / Healthy,0.7,3.9,2.73,10.88,15.0,6.0,DELAY_RAIN_EXPECTED,Low,0.0
Soybean,Vegetative,Black Soil,39.5,22.8,47.5,High,31.8,Drip Irrigation,None / Healthy,0.7,2.57,1.8,22.96,40.0,22.0,DELAY_RAIN_EXPECTED,Low,0.0
Cotton,Seedling,Black Soil,38.1,28.6,34.1,Low,2.6,Drip Irrigation,None / Healthy,0.45,4.01,1.8,0.0,40.0,22.0,OPTIMAL_STANDBY,Low,0.0
Sugarcane,Maturity,Sandy Loam,11.8,28.5,71.5,Moderate,8.8,Sprinkler (Overhead),None / Healthy,0.7,2.69,1.88,4.58,22.0,10.0,IRRIGATE_IMMEDIATELY,Immediate,3.5
Soybean,Maturity,Clay Loam,35.4,34.6,43.6,Low,3.0,Flood / Surface,None / Healthy,0.5,4.77,2.38,0.0,34.0,18.0,OPTIMAL_STANDBY,Low,0.0
Sugarcane,Seedling,Clay Loam,35.6,39.2,92.7,Low,2.1,Drip Irrigation,Tomato Target Spot,0.45,3.72,1.67,0.0,34.0,18.0,OPTIMAL_STANDBY,Low,0.0
Tomato,Fruiting,Sandy Loam,10.8,16.8,53.7,High,27.5,Drip Irrigation,None / Healthy,1.2,2.0,2.4,19.49,22.0,10.0,IRRIGATE_IMMEDIATELY,Immediate,3.5
Tomato,Fruiting,Black Soil,51.1,22.9,20.3,None,0.0,Drip Irrigation,Tomato Target Spot,1.2,3.27,3.92,0.0,40.0,22.0,OPTIMAL_STANDBY,Low,0.0
Rice,Seedling,Loamy,28.3,16.7,92.3,None,0.0,Drip Irrigation,None / Healthy,1.05,2.0,2.1,0.0,28.0,14.0,OPTIMAL_STANDBY,Low,0.0
Soybean,Fruiting,Sandy,23.8,26.2,91.0,None,0.0,Drip Irrigation,Pepper Bell Bacterial Spot,1.05,2.14,2.25,0.0,15.0,6.0,OPTIMAL_STANDBY,Low,0.0
Soybean,Seedling,Clay Loam,26.1,19.3,62.8,High,43.3,Drip Irrigation,None / Healthy,0.4,2.0,0.8,32.14,34.0,18.0,DELAY_RAIN_EXPECTED,Low,0.0
Sugarcane,Vegetative,Clay Loam,27.3,19.9,25.7,Moderate,13.6,Drip Irrigation,None / Healthy,0.85,2.54,2.16,8.41,34.0,18.0,DELAY_RAIN_EXPECTED,Low,0.0
Tomato,Maturity,Sandy,13.7,19.6,59.3,Low,3.2,Sprinkler (Overhead),None / Healthy,0.8,2.0,1.6,0.09,15.0,6.0,OPTIMAL_STANDBY,Low,0.0
Corn,Seedling,Black Soil,30.4,40.4,90.8,Low,1.2,Drip Irrigation,None / Healthy,0.4,3.88,1.55,0.0,40.0,22.0,MAINTENANCE_DRIP,Normal,1.5
Corn,Seedling,Black Soil,23.1,30.3,61.9,Low,3.7,Drip Irrigation,None / Healthy,0.4,3.3,1.32,0.47,40.0,22.0,IRRIGATE_IMMEDIATELY,Immediate,3.5
Cotton,Flowering,Clay Loam,17.6,29.8,23.5,Low,4.9,Drip Irrigation,None / Healthy,1.2,4.63,5.56,1.4,34.0,18.0,IRRIGATE_IMMEDIATELY,Immediate,7.0
Potato,Fruiting,Clay Loam,19.9,26.7,84.5,Moderate,8.1,Flood / Surface,None / Healthy,1.15,2.2,2.53,3.99,34.0,18.0,IRRIGATE_IMMEDIATELY,Immediate,3.5
Corn,Seedling,Sandy Loam,18.4,33.3,56.4,Moderate,10.9,Sub-surface Drip,None / Healthy,0.4,3.98,1.59,6.21,22.0,10.0,DELAY_RAIN_EXPECTED,Moderate,0.0
Corn,Flowering,Sandy,12.5,23.6,52.2,None,0.0,Drip Irrigation,Tomato Yellow Leaf Curl Virus,1.2,2.58,3.1,0.0,15.0,6.0,MAINTENANCE_DRIP,Normal,3.16
Tomato,Maturity,Sandy Loam,18.2,39.3,49.4,None,0.0,Drip Irrigation,None / Healthy,0.8,5.37,4.3,0.0,22.0,10.0,MAINTENANCE_DRIP,Normal,4.32
Pepper Bell,Fruiting,Loamy,22.4,39.3,49.4,High,40.9,Sprinkler (Overhead),Tomato Septoria Leaf Spot,1.1,5.36,5.9,30.26,28.0,14.0,SUSPEND_OVERHEAD_BLIGHT,Immediate,0.0
Cotton,Maturity,Black Soil,35.4,16.5,43.5,Low,2.8,Flood / Surface,None / Healthy,0.55,2.0,1.1,0.0,40.0,22.0,MAINTENANCE_DRIP,Normal,1.5
Rice,Flowering,Sandy Loam,21.4,35.1,27.6,Low,5.8,Flood / Surface,None / Healthy,1.25,5.6,7.0,2.15,22.0,10.0,OPTIMAL_STANDBY,Low,0.0
Sugarcane,Vegetative,Clay Loam,28.9,35.7,81.0,Low,4.0,Drip Irrigation,Tomato Target Spot,0.85,3.28,2.79,0.67,34.0,18.0,MAINTENANCE_DRIP,Normal,2.77
Rice,Seedling,Clay Loam,17.5,27.3,84.5,Low,2.4,Drip Irrigation,None / Healthy,1.05,2.26,2.37,0.0,34.0,18.0,IRRIGATE_IMMEDIATELY,Immediate,3.5
Cotton,Seedling,Sandy,17.0,39.1,25.4,Low,3.8,Drip Irrigation,None / Healthy,0.45,6.6,2.97,0.56,15.0,6.0,OPTIMAL_STANDBY,Low,0.0
Soybean,Maturity,Sandy Loam,22.5,31.2,61.6,Low,4.4,Sub-surface Drip,None / Healthy,0.5,3.45,1.73,1.03,22.0,10.0,OPTIMAL_STANDBY,Low,0.0
Sugarcane,Fruiting,Clay Loam,25.6,16.4,79.7,None,0.0,Drip Irrigation,None / Healthy,1.25,2.0,2.5,0.0,34.0,18.0,MAINTENANCE_DRIP,Normal,2.24
Tomato,Flowering,Sandy,11.2,27.2,83.5,Moderate,8.0,Drip Irrigation,None / Healthy,1.15,2.25,2.59,3.88,15.0,6.0,MAINTENANCE_DRIP,Normal,2.49
Pepper Bell,Maturity,Sandy Loam,17.2,36.9,28.2,Low,3.1,Sprinkler (Overhead),None / Healthy,0.85,5.96,5.07,0.0,22.0,10.0,MAINTENANCE_DRIP,Normal,5.02
Pepper Bell,Vegetative,Sandy Loam,6.8,20.2,47.1,None,0.0,Drip Irrigation,None / Healthy,0.8,2.15,1.72,0.0,22.0,10.0,IRRIGATE_IMMEDIATELY,Immediate,3.5
Soybean,Seedling,Black Soil,39.5,28.9,50.2,Low,5.8,Drip Irrigation,None / Healthy,0.4,3.49,1.4,2.12,40.0,22.0,OPTIMAL_STANDBY,Low,0.0
Corn,Seedling,Sandy,10.7,27.3,92.8,None,0.0,Drip Irrigation,Tomato Target Spot,0.4,2.26,0.9,0.0,15.0,6.0,MAINTENANCE_DRIP,Normal,1.5
Corn,Vegetative,Sandy,16.8,33.0,26.9,None,0.0,Drip Irrigation,None / Healthy,0.85,5.17,4.39,0.0,15.0,6.0,OPTIMAL_STANDBY,Low,0.0
Soybean,Seedling,Black Soil,31.7,24.8,85.4,None,0.0,Drip Irrigation,None / Healthy,0.4,2.0,0.8,0.0,40.0,22.0,MAINTENANCE_DRIP,Normal,1.5
Wheat,Flowering,Sandy Loam,28.3,25.0,54.7,None,0.0,Sprinkler (Overhead),None / Healthy,1.15,2.72,3.13,0.0,22.0,10.0,OPTIMAL_STANDBY,Low,0.0
Corn,Maturity,Clay Loam,35.6,37.0,22.2,Low,2.5,Drip Irrigation,Potato Late Blight,0.6,6.27,3.76,0.0,34.0,18.0,OPTIMAL_STANDBY,Low,0.0
Pepper Bell,Maturity,Loamy,10.9,39.3,36.7,None,0.0,Drip Irrigation,None / Healthy,0.85,6.04,5.13,0.0,28.0,14.0,IRRIGATE_IMMEDIATELY,Immediate,6.59
Sugarcane,Flowering,Sandy Loam,23.0,41.9,67.6,Moderate,16.6,Sprinkler (Overhead),Pepper Bell Bacterial Spot,1.25,4.8,6.0,10.79,22.0,10.0,SUSPEND_OVERHEAD_BLIGHT,Immediate,0.0
Tomato,Vegetative,Sandy Loam,17.0,32.1,37.3,None,0.0,Drip Irrigation,None / Healthy,0.85,4.55,3.87,0.0,22.0,10.0,MAINTENANCE_DRIP,Normal,3.75
Soybean,Flowering,Sandy Loam,22.6,19.8,65.5,None,0.0,Drip Irrigation,Tomato Early Blight,1.15,2.0,2.3,0.0,22.0,10.0,OPTIMAL_STANDBY,Low,0.0
Tomato,Maturity,Clay Loam,35.1,23.0,55.5,Moderate,10.3,Drip Irrigation,None / Healthy,0.8,2.4,1.92,5.72,34.0,18.0,OPTIMAL_STANDBY,Low,0.0
Wheat,Maturity,Sandy,10.4,17.9,46.1,Moderate,14.0,Drip Irrigation,None / Healthy,0.35,2.0,0.7,8.72,15.0,6.0,DELAY_RAIN_EXPECTED,Low,0.0
Corn,Seedling,Sandy,11.7,31.1,65.4,None,0.0,Drip Irrigation,None / Healthy,0.4,3.29,1.32,0.0,15.0,6.0,MAINTENANCE_DRIP,Normal,1.5
Potato,Seedling,Loamy,24.5,24.2,33.4,None,0.0,Drip Irrigation,Tomato Early Blight,0.5,3.18,1.59,0.0,28.0,14.0,MAINTENANCE_DRIP,Normal,1.6
Wheat,Vegetative,Loamy,28.6,41.8,75.0,Moderate,12.7,Drip Irrigation,None / Healthy,0.75,4.35,3.26,7.66,28.0,14.0,OPTIMAL_STANDBY,Low,0.0
Sugarcane,Seedling,Sandy,19.2,31.3,66.2,Low,5.2,Sprinkler (Overhead),Potato Late Blight,0.45,3.28,1.48,1.7,15.0,6.0,SUSPEND_OVERHEAD_BLIGHT,Immediate,0.0
Pepper Bell,Maturity,Black Soil,41.4,24.1,84.1,None,0.0,Sub-surface Drip,None / Healthy,0.85,2.0,1.7,0.0,40.0,22.0,OPTIMAL_STANDBY,Low,0.0
Rice,Fruiting,Sandy,11.1,20.0,56.9,None,0.0,Drip Irrigation,None / Healthy,1.2,2.0,2.4,0.0,15.0,6.0,MAINTENANCE_DRIP,Normal,2.46
Soybean,Fruiting,Clay Loam,46.2,38.4,85.1,Moderate,13.0,Drip Irrigation,None / Healthy,1.05,3.61,3.79,7.9,34.0,18.0,OPTIMAL_STANDBY,Low,0.0
Sugarcane,Seedling,Sandy Loam,21.8,21.9,45.6,None,0.0,Drip Irrigation,Tomato Target Spot,0.45,2.47,1.11,0.0,22.0,10.0,OPTIMAL_STANDBY,Low,0.0
Cotton,Fruiting,Sandy Loam,17.2,39.2,23.5,None,0.0,Sub-surface Drip,None / Healthy,0.85,6.72,5.71,0.0,22.0,10.0,MAINTENANCE_DRIP,Normal,5.5
Potato,Vegetative,Black Soil,21.0,40.4,54.1,None,0.0,Drip Irrigation,None / Healthy,0.8,5.32,4.26,0.0,40.0,22.0,IRRIGATE_IMMEDIATELY,Immediate,5.17
Cotton,Seedling,Clay Loam,27.3,41.4,41.0,Low,1.3,Flood / Surface,None / Healthy,0.45,6.24,2.81,0.0,34.0,18.0,MAINTENANCE_DRIP,Normal,2.69
Pepper Bell,Seedling,Clay Loam,40.0,26.8,71.7,Low,3.4,Drip Irrigation,Pepper Bell Bacterial Spot,0.6,2.47,1.48,0.21,34.0,18.0,OPTIMAL_STANDBY,Low,0.0
Pepper Bell,Vegetative,Sandy,12.5,19.7,85.2,Low,4.3,Sub-surface Drip,None / Healthy,0.8,2.0,1.6,0.97,15.0,6.0,MAINTENANCE_DRIP,Normal,1.82
Tomato,Fruiting,Sandy,11.0,23.3,21.8,Moderate,15.5,Sprinkler (Overhead),None / Healthy,1.2,3.31,3.97,9.86,15.0,6.0,DELAY_RAIN_EXPECTED,Low,0.0
Pepper Bell,Maturity,Black Soil,37.3,16.1,45.3,Low,2.9,Sub-surface Drip,None / Healthy,0.85,2.0,1.7,0.0,40.0,22.0,OPTIMAL_STANDBY,Low,0.0
Soybean,Seedling,Sandy Loam,21.0,38.4,80.6,High,36.0,Drip Irrigation,None / Healthy,0.4,3.62,1.45,26.27,22.0,10.0,DELAY_RAIN_EXPECTED,Low,0.0
Rice,Fruiting,Sandy Loam,26.7,30.9,92.9,None,0.0,Sprinkler (Overhead),Tomato Target Spot,1.2,2.68,3.22,0.0,22.0,10.0,SUSPEND_OVERHEAD_BLIGHT,Immediate,0.0
Rice,Fruiting,Black Soil,32.3,18.7,46.0,None,0.0,Drip Irrigation,None / Healthy,1.2,2.0,2.4,0.0,40.0,22.0,MAINTENANCE_DRIP,Normal,2.57
Pepper Bell,Fruiting,Loamy,24.6,22.2,21.5,None,0.0,Sprinkler (Overhead),Tomato Yellow Leaf Curl Virus,1.1,3.09,3.4,0.0,28.0,14.0,MAINTENANCE_DRIP,Normal,3.12
Potato,Fruiting,Loamy,18.4,34.0,51.1,Low,1.6,Drip Irrigation,Tomato Septoria Leaf Spot,1.15,4.33,4.98,0.0,28.0,14.0,IRRIGATE_IMMEDIATELY,Immediate,6.45
Wheat,Flowering,Sandy Loam,22.0,15.8,90.4,Low,1.1,Flood / Surface,Tomato Yellow Leaf Curl Virus,1.15,2.0,2.3,0.0,22.0,10.0,OPTIMAL_STANDBY,Low,0.0
Tomato,Flowering,Sandy,14.5,28.8,46.5,Moderate,7.7,Drip Irrigation,None / Healthy,1.15,3.61,4.15,3.63,15.0,6.0,OPTIMAL_STANDBY,Low,0.0
Rice,Flowering,Sandy Loam,7.1,32.6,27.1,Low,4.1,Sprinkler (Overhead),None / Healthy,1.25,5.07,6.34,0.79,22.0,10.0,IRRIGATE_IMMEDIATELY,Immediate,7.0
Sugarcane,Flowering,Sandy,8.7,14.1,33.7,Low,2.1,Drip Irrigation,None / Healthy,1.25,2.0,2.5,0.0,15.0,6.0,IRRIGATE_IMMEDIATELY,Immediate,3.5
Cotton,Fruiting,Sandy Loam,21.4,15.3,50.7,None,0.0,Flood / Surface,None / Healthy,0.85,2.0,1.7,0.0,22.0,10.0,OPTIMAL_STANDBY,Low,0.0
Potato,Fruiting,Loamy,41.1,29.3,60.0,High,20.1,Sprinkler (Overhead),None / Healthy,1.15,3.22,3.7,13.61,28.0,14.0,DELAY_RAIN_EXPECTED,Low,0.0
Pepper Bell,Seedling,Black Soil,32.3,39.3,58.4,None,0.0,Drip Irrigation,None / Healthy,0.6,4.89,2.93,0.0,40.0,22.0,MAINTENANCE_DRIP,Normal,3.04
Cotton,Fruiting,Loamy,41.4,16.7,72.4,Low,2.4,Sub-surface Drip,None / Healthy,0.85,2.0,1.7,0.0,28.0,14.0,OPTIMAL_STANDBY,Low,0.0
Corn,Flowering,Black Soil,25.5,37.9,50.4,None,0.0,Drip Irrigation,None / Healthy,1.2,5.05,6.06,0.0,40.0,22.0,IRRIGATE_IMMEDIATELY,Immediate,7.0
Potato,Flowering,Sandy Loam,22.5,27.6,87.5,None,0.0,Drip Irrigation,Potato Late Blight,1.15,2.3,2.64,0.0,22.0,10.0,OPTIMAL_STANDBY,Low,0.0
Rice,Seedling,Sandy Loam,15.9,21.9,21.1,None,0.0,Flood / Surface,Pepper Bell Bacterial Spot,1.05,3.04,3.19,0.0,22.0,10.0,MAINTENANCE_DRIP,Normal,3.18
Pepper Bell,Vegetative,Clay Loam,37.8,33.6,33.7,Low,3.0,Sprinkler (Overhead),None / Healthy,0.8,5.01,4.01,0.0,34.0,18.0,OPTIMAL_STANDBY,Low,0.0
Rice,Seedling,Loamy,28.4,18.8,29.1,Low,4.9,Drip Irrigation,Tomato Early Blight,1.05,2.27,2.38,1.43,28.0,14.0,OPTIMAL_STANDBY,Low,0.0
Pepper Bell,Fruiting,Clay Loam,26.8,14.9,40.1,None,0.0,Drip Irrigation,None / Healthy,1.1,2.0,2.2,0.0,34.0,18.0,MAINTENANCE_DRIP,Normal,2.0
Sugarcane,Fruiting,Black Soil,31.0,30.1,44.4,None,0.0,Drip Irrigation,None / Healthy,1.25,3.92,4.9,0.0,40.0,22.0,MAINTENANCE_DRIP,Normal,4.91
Wheat,Vegetative,Sandy,11.8,16.3,80.0,None,0.0,Flood / Surface,None / Healthy,0.75,2.0,1.5,0.0,15.0,6.0,MAINTENANCE_DRIP,Normal,1.5
Cotton,Flowering,Black Soil,41.5,40.2,55.0,Low,2.9,Sub-surface Drip,None / Healthy,1.2,5.22,6.26,0.0,40.0,22.0,OPTIMAL_STANDBY,Low,0.0
Potato,Flowering,Sandy Loam,17.7,22.9,37.2,None,0.0,Drip Irrigation,None / Healthy,1.15,2.84,3.27,0.0,22.0,10.0,MAINTENANCE_DRIP,Normal,3.44
Corn,Fruiting,Clay Loam,42.0,37.2,31.1,Low,3.2,Sprinkler (Overhead),Tomato Target Spot,1.1,5.87,6.46,0.04,34.0,18.0,SUSPEND_OVERHEAD_BLIGHT,Immediate,0.0
Rice,Fruiting,Loamy,22.3,29.7,31.3,Moderate,13.6,Sprinkler (Overhead),None / Healthy,1.2,4.31,5.17,8.36,28.0,14.0,DELAY_RAIN_EXPECTED,Low,0.0
Rice,Vegetative,Clay Loam,27.3,33.9,67.1,None,0.0,Sprinkler (Overhead),Tomato Yellow Leaf Curl Virus,1.15,3.62,4.16,0.0,34.0,18.0,MAINTENANCE_DRIP,Normal,4.36
Wheat,Seedling,Loamy,10.8,41.2,69.2,Moderate,13.1,Drip Irrigation,None / Healthy,0.4,4.6,1.84,7.97,28.0,14.0,IRRIGATE_IMMEDIATELY,Immediate,3.5
Wheat,Flowering,Black Soil,32.8,16.8,65.5,None,0.0,Drip Irrigation,None / Healthy,1.15,2.0,2.3,0.0,40.0,22.0,MAINTENANCE_DRIP,Normal,2.66
Pepper Bell,Fruiting,Sandy Loam,23.8,22.1,35.8,None,0.0,Drip Irrigation,None / Healthy,1.1,2.74,3.01,0.0,22.0,10.0,OPTIMAL_STANDBY,Low,0.0
Corn,Fruiting,Sandy Loam,15.6,21.7,61.7,Moderate,8.5,Flood / Surface,None / Healthy,1.1,2.05,2.25,4.28,22.0,10.0,DELAY_RAIN_EXPECTED,Moderate,0.0
Cotton,Flowering,Sandy,13.9,36.6,87.3,Low,4.9,Drip Irrigation,None / Healthy,1.2,3.39,4.07,1.45,15.0,6.0,OPTIMAL_STANDBY,Low,0.0
Tomato,Fruiting,Clay Loam,29.6,37.3,69.9,None,0.0,Drip Irrigation,None / Healthy,1.2,3.98,4.78,0.0,34.0,18.0,MAINTENANCE_DRIP,Normal,4.76
Soybean,Seedling,Sandy,19.9,14.5,52.1,Low,3.1,Sprinkler (Overhead),Potato Late Blight,0.4,2.0,0.8,0.0,15.0,6.0,SUSPEND_OVERHEAD_BLIGHT,Immediate,0.0
Soybean,Fruiting,Sandy Loam,18.8,23.0,29.6,None,0.0,Sprinkler (Overhead),None / Healthy,1.05,3.06,3.21,0.0,22.0,10.0,MAINTENANCE_DRIP,Normal,3.22
Wheat,Fruiting,Sandy Loam,7.7,19.9,37.4,None,0.0,Sub-surface Drip,Tomato Yellow Leaf Curl Virus,0.85,2.3,1.95,0.0,22.0,10.0,IRRIGATE_IMMEDIATELY,Immediate,3.5
Corn,Maturity,Clay Loam,32.4,34.6,61.8,Low,3.8,Drip Irrigation,None / Healthy,0.6,3.95,2.37,0.52,34.0,18.0,OPTIMAL_STANDBY,Low,0.0
Potato,Maturity,Black Soil,29.2,36.9,41.4,Low,1.7,Sprinkler (Overhead),None / Healthy,0.75,5.32,3.99,0.0,40.0,22.0,IRRIGATE_IMMEDIATELY,Immediate,4.66
Pepper Bell,Flowering,Loamy,15.1,15.5,32.8,None,0.0,Flood / Surface,None / Healthy,1.05,2.0,2.1,0.0,28.0,14.0,IRRIGATE_IMMEDIATELY,Immediate,3.5
Wheat,Fruiting,Black Soil,25.6,33.6,27.5,Moderate,17.8,Drip Irrigation,None / Healthy,0.85,5.26,4.47,11.76,40.0,22.0,IRRIGATE_IMMEDIATELY,Immediate,5.69
Rice,Maturity,Black Soil,21.9,23.1,22.8,Low,2.2,Sprinkler (Overhead),None / Healthy,0.95,3.24,3.08,0.0,40.0,22.0,IRRIGATE_IMMEDIATELY,Immediate,3.55
Potato,Fruiting,Loamy,24.2,25.8,49.0,None,0.0,Drip Irrigation,Pepper Bell Bacterial Spot,1.15,3.01,3.46,0.0,28.0,14.0,MAINTENANCE_DRIP,Normal,3.41
Pepper Bell,Seedling,Clay Loam,26.5,39.8,49.9,Low,3.3,Drip Irrigation,None / Healthy,0.6,5.43,3.26,0.15,34.0,18.0,MAINTENANCE_DRIP,Normal,3.4
Pepper Bell,Seedling,Black Soil,32.0,32.3,29.0,Low,3.9,Drip Irrigation,None / Healthy,0.6,4.93,2.96,0.59,40.0,22.0,MAINTENANCE_DRIP,Normal,2.89
Sugarcane,Seedling,Sandy,20.8,22.9,93.3,None,0.0,Flood / Surface,None / Healthy,0.45,2.0,0.9,0.0,15.0,6.0,OPTIMAL_STANDBY,Low,0.0
Wheat,Flowering,Clay Loam,28.6,23.4,69.0,None,0.0,Sprinkler (Overhead),None / Healthy,1.15,2.1,2.42,0.0,34.0,18.0,MAINTENANCE_DRIP,Normal,2.44
Soybean,Vegetative,Black Soil,32.0,30.0,26.8,Moderate,8.9,Flood / Surface,None / Healthy,0.7,4.54,3.18,4.64,40.0,22.0,DELAY_RAIN_EXPECTED,Moderate,0.0
Soybean,Maturity,Black Soil,26.4,30.6,46.1,None,0.0,Sprinkler (Overhead),Tomato Yellow Leaf Curl Virus,0.5,3.93,1.97,0.0,40.0,22.0,IRRIGATE_IMMEDIATELY,Immediate,3.5
Wheat,Flowering,Clay Loam,42.0,38.4,58.6,Moderate,16.1,Flood / Surface,None / Healthy,1.15,4.72,5.43,10.4,34.0,18.0,DELAY_RAIN_EXPECTED,Low,0.0
Rice,Maturity,Sandy Loam,34.5,28.0,43.0,None,0.0,Sub-surface Drip,None / Healthy,0.95,3.58,3.4,0.0,22.0,10.0,OPTIMAL_STANDBY,Low,0.0
Wheat,Vegetative,Loamy,17.1,36.5,76.4,High,35.1,Flood / Surface,Tomato Target Spot,0.75,3.55,2.66,25.57,28.0,14.0,IRRIGATE_IMMEDIATELY,Immediate,3.5
Pepper Bell,Fruiting,Loamy,21.7,39.4,81.1,Low,3.8,Flood / Surface,None / Healthy,1.1,3.75,4.12,0.55,28.0,14.0,MAINTENANCE_DRIP,Normal,4.26
Tomato,Flowering,Loamy,27.0,34.0,61.5,None,0.0,Drip Irrigation,None / Healthy,1.15,3.88,4.46,0.0,28.0,14.0,OPTIMAL_STANDBY,Low,0.0
Potato,Fruiting,Sandy,9.4,23.4,35.9,None,0.0,Drip Irrigation,None / Healthy,1.15,2.97,3.42,0.0,15.0,6.0,IRRIGATE_IMMEDIATELY,Immediate,4.03
Wheat,Vegetative,Sandy,11.1,20.8,67.7,None,0.0,Sprinkler (Overhead),None / Healthy,0.75,2.0,1.5,0.0,15.0,6.0,MAINTENANCE_DRIP,Normal,1.5
Cotton,Seedling,Loamy,22.1,26.7,67.0,None,0.0,Flood / Surface,Tomato Early Blight,0.45,2.6,1.17,0.0,28.0,14.0,MAINTENANCE_DRIP,Normal,1.5
Soybean,Fruiting,Black Soil,32.7,29.9,35.4,Low,2.0,Sub-surface Drip,None / Healthy,1.05,4.2,4.41,0.0,40.0,22.0,MAINTENANCE_DRIP,Normal,4.51
Cotton,Seedling,Sandy,4.6,35.0,62.5,Low,1.7,Sub-surface Drip,None / Healthy,0.45,3.98,1.79,0.0,15.0,6.0,IRRIGATE_IMMEDIATELY,Immediate,3.5
Sugarcane,Seedling,Sandy,8.5,14.4,44.4,None,0.0,Flood / Surface,Tomato Early Blight,0.45,2.0,0.9,0.0,15.0,6.0,IRRIGATE_IMMEDIATELY,Immediate,3.5
Wheat,Vegetative,Clay Loam,47.9,18.2,57.3,Low,3.3,Drip Irrigation,None / Healthy,0.75,2.0,1.5,0.13,34.0,18.0,OPTIMAL_STANDBY,Low,0.0
Tomato,Fruiting,Clay Loam,15.1,31.0,83.4,Moderate,17.1,Sprinkler (Overhead),None / Healthy,1.2,2.7,3.24,11.18,34.0,18.0,IRRIGATE_IMMEDIATELY,Immediate,4.07
Tomato,Seedling,Black Soil,24.2,40.4,26.5,Low,1.6,Drip Irrigation,None / Healthy,0.6,6.82,4.09,0.0,40.0,22.0,IRRIGATE_IMMEDIATELY,Immediate,5.26
Rice,Seedling,Sandy,17.6,41.3,20.6,High,43.3,Sprinkler (Overhead),Tomato Septoria Leaf Spot,1.05,7.38,7.75,32.11,15.0,6.0,SUSPEND_OVERHEAD_BLIGHT,Immediate,0.0
Potato,Seedling,Black Soil,33.0,31.2,92.9,None,0.0,Drip Irrigation,None / Healthy,0.5,2.73,1.36,0.0,40.0,22.0,MAINTENANCE_DRIP,Normal,1.5
Cotton,Flowering,Sandy,9.2,17.4,46.0,None,0.0,Drip Irrigation,None / Healthy,1.2,2.0,2.4,0.0,15.0,6.0,IRRIGATE_IMMEDIATELY,Immediate,3.5
Pepper Bell,Maturity,Clay Loam,34.9,36.8,60.3,None,0.0,Drip Irrigation,Tomato Septoria Leaf Spot,0.85,4.38,3.72,0.0,34.0,18.0,OPTIMAL_STANDBY,Low,0.0
Wheat,Vegetative,Sandy,11.6,37.1,28.2,None,0.0,Drip Irrigation,Tomato Yellow Leaf Curl Virus,0.75,6.0,4.5,0.0,15.0,6.0,MAINTENANCE_DRIP,Normal,4.56
Tomato,Fruiting,Black Soil,26.9,21.3,83.6,None,0.0,Sprinkler (Overhead),Potato Late Blight,1.2,2.0,2.4,0.0,40.0,22.0,SUSPEND_OVERHEAD_BLIGHT,Immediate,0.0
Potato,Flowering,Black Soil,46.5,23.1,62.3,High,28.3,Sprinkler (Overhead),None / Healthy,1.15,2.23,2.56,20.12,40.0,22.0,DELAY_RAIN_EXPECTED,Low,0.0
Soybean,Maturity,Loamy,23.7,18.9,22.5,Low,5.9,Flood / Surface,Tomato Early Blight,0.5,2.41,1.21,2.26,28.0,14.0,MAINTENANCE_DRIP,Normal,1.5
Cotton,Flowering,Black Soil,23.6,14.6,37.7,Low,2.3,Drip Irrigation,Potato Late Blight,1.2,2.0,2.4,0.0,40.0,22.0,IRRIGATE_IMMEDIATELY,Immediate,3.5
Tomato,Maturity,Clay Loam,29.9,41.7,32.8,Moderate,7.0,Drip Irrigation,None / Healthy,0.8,6.77,5.42,3.11,34.0,18.0,MAINTENANCE_DRIP,Normal,5.5
Potato,Seedling,Black Soil,38.0,41.5,48.2,High,42.1,Sprinkler (Overhead),Tomato Early Blight,0.5,5.85,2.92,31.17,40.0,22.0,SUSPEND_OVERHEAD_BLIGHT,Immediate,0.0
Rice,Maturity,Sandy Loam,20.7,24.1,70.4,High,24.5,Drip Irrigation,Pepper Bell Bacterial Spot,0.95,2.17,2.06,17.14,22.0,10.0,DELAY_RAIN_EXPECTED,Low,0.0
Pepper Bell,Seedling,Loamy,22.5,38.3,81.5,Low,3.2,Flood / Surface,None / Healthy,0.6,3.6,2.16,0.09,28.0,14.0,MAINTENANCE_DRIP,Normal,1.87
Potato,Fruiting,Loamy,20.9,22.0,47.8,Moderate,10.6,Drip Irrigation,Potato Late Blight,1.15,2.44,2.81,5.99,28.0,14.0,DELAY_RAIN_EXPECTED,Moderate,0.0
Tomato,Flowering,Sandy Loam,17.0,28.7,63.2,None,0.0,Drip Irrigation,Potato Late Blight,1.15,3.01,3.46,0.0,22.0,10.0,MAINTENANCE_DRIP,Normal,3.51
Wheat,Maturity,Clay Loam,29.7,39.7,83.5,None,0.0,Drip Irrigation,None / Healthy,0.35,3.79,1.33,0.0,34.0,18.0,MAINTENANCE_DRIP,Normal,1.5
Pepper Bell,Flowering,Loamy,29.7,37.9,75.8,Moderate,17.1,Drip Irrigation,Potato Late Blight,1.05,3.77,3.96,11.16,28.0,14.0,DELAY_RAIN_EXPECTED,Low,0.0
Cotton,Vegetative,Sandy Loam,8.3,33.5,32.8,None,0.0,Flood / Surface,None / Healthy,0.75,5.03,3.77,0.0,22.0,10.0,IRRIGATE_IMMEDIATELY,Immediate,4.57
Corn,Flowering,Sandy Loam,16.0,19.7,31.4,High,44.8,Drip Irrigation,None / Healthy,1.2,2.39,2.87,33.37,22.0,10.0,DELAY_RAIN_EXPECTED,Low,0.0
Wheat,Vegetative,Loamy,17.1,37.5,44.3,Moderate,17.7,Flood / Surface,Tomato Yellow Leaf Curl Virus,0.75,5.28,3.96,11.7,28.0,14.0,IRRIGATE_IMMEDIATELY,Immediate,4.74
Rice,Seedling,Sandy,4.0,38.4,35.6,None,0.0,Flood / Surface,None / Healthy,1.05,5.91,6.21,0.0,15.0,6.0,IRRIGATE_IMMEDIATELY,Immediate,7.0
Wheat,Fruiting,Clay Loam,26.3,22.6,90.1,None,0.0,Drip Irrigation,None / Healthy,0.85,2.0,1.7,0.0,34.0,18.0,MAINTENANCE_DRIP,Normal,1.76
Cotton,Vegetative,Sandy Loam,12.1,23.2,81.1,None,0.0,Sprinkler (Overhead),None / Healthy,0.75,2.0,1.5,0.0,22.0,10.0,IRRIGATE_IMMEDIATELY,Immediate,3.5
Cotton,Fruiting,Loamy,19.4,22.3,23.2,Low,4.4,Sub-surface Drip,None / Healthy,0.85,3.08,2.62,1.04,28.0,14.0,IRRIGATE_IMMEDIATELY,Immediate,3.5
Rice,Flowering,Black Soil,30.8,14.8,25.8,High,37.8,Sprinkler (Overhead),None / Healthy,1.25,2.0,2.5,27.72,40.0,22.0,DELAY_RAIN_EXPECTED,Low,0.0
Soybean,Fruiting,Black Soil,37.0,38.8,43.9,None,0.0,Drip Irrigation,None / Healthy,1.05,5.57,5.85,0.0,40.0,22.0,OPTIMAL_STANDBY,Low,0.0
Pepper Bell,Fruiting,Sandy Loam,18.2,36.5,27.6,None,0.0,Sprinkler (Overhead),None / Healthy,1.1,5.9,6.49,0.0,22.0,10.0,MAINTENANCE_DRIP,Normal,5.5
Potato,Vegetative,Sandy,14.8,39.2,40.9,High,19.6,Drip Irrigation,Tomato Early Blight,0.8,5.79,4.63,13.18,15.0,6.0,DELAY_RAIN_EXPECTED,Low,0.0
Rice,Vegetative,Sandy,4.0,23.8,82.1,Low,3.7,Sprinkler (Overhead),None / Healthy,1.15,2.0,2.3,0.46,15.0,6.0,IRRIGATE_IMMEDIATELY,Immediate,3.5
Rice,Flowering,Sandy Loam,11.2,35.5,82.2,None,0.0,Drip Irrigation,None / Healthy,1.25,3.25,4.06,0.0,22.0,10.0,IRRIGATE_IMMEDIATELY,Immediate,5.28
Wheat,Maturity,Loamy,33.1,28.4,25.9,Moderate,7.4,Sprinkler (Overhead),Tomato Target Spot,0.35,4.24,1.48,3.41,28.0,14.0,SUSPEND_OVERHEAD_BLIGHT,Immediate,0.0
Wheat,Vegetative,Clay Loam,31.4,17.1,79.7,Low,3.8,Drip Irrigation,None / Healthy,0.75,2.0,1.5,0.56,34.0,18.0,OPTIMAL_STANDBY,Low,0.0
Sugarcane,Vegetative,Loamy,18.4,18.7,34.9,None,0.0,Flood / Surface,None / Healthy,0.85,2.15,1.83,0.0,28.0,14.0,IRRIGATE_IMMEDIATELY,Immediate,3.5
Potato,Maturity,Clay Loam,20.8,29.7,21.7,High,41.5,Sub-surface Drip,None / Healthy,0.75,4.67,3.5,30.7,34.0,18.0,IRRIGATE_IMMEDIATELY,Immediate,4.07
Potato,Seedling,Loamy,24.1,27.0,53.0,None,0.0,Drip Irrigation,None / Healthy,0.5,3.09,1.54,0.0,28.0,14.0,MAINTENANCE_DRIP,Normal,1.5
Tomato,Seedling,Sandy Loam,24.8,23.6,52.3,None,0.0,Drip Irrigation,None / Healthy,0.6,2.58,1.55,0.0,22.0,10.0,OPTIMAL_STANDBY,Low,0.0
Wheat,Flowering,Black Soil,33.9,27.2,88.1,Low,3.0,Flood / Surface,None / Healthy,1.15,2.26,2.6,0.0,40.0,22.0,MAINTENANCE_DRIP,Normal,2.44
Sugarcane,Fruiting,Black Soil,28.4,31.7,87.0,Low,2.7,Flood / Surface,Potato Late Blight,1.25,2.78,3.47,0.0,40.0,22.0,IRRIGATE_IMMEDIATELY,Immediate,4.21
Tomato,Fruiting,Black Soil,46.7,36.3,44.0,Low,4.5,Sprinkler (Overhead),None / Healthy,1.2,5.08,6.1,1.13,40.0,22.0,OPTIMAL_STANDBY,Low,0.0
Cotton,Vegetative,Loamy,28.7,20.5,84.8,High,39.5,Drip Irrigation,Tomato Septoria Leaf Spot,0.75,2.0,1.5,29.08,28.0,14.0,DELAY_RAIN_EXPECTED,Low,0.0
Sugarcane,Seedling,Sandy,4.3,29.4,38.4,Low,4.8,Sprinkler (Overhead),None / Healthy,0.45,3.99,1.8,1.36,15.0,6.0,IRRIGATE_IMMEDIATELY,Immediate,3.5
Rice,Seedling,Sandy Loam,17.8,23.7,94.6,None,0.0,Sprinkler (Overhead),None / Healthy,1.05,2.0,2.1,0.0,22.0,10.0,MAINTENANCE_DRIP,Normal,2.14
Wheat,Vegetative,Sandy Loam,20.3,37.8,20.8,None,0.0,Sprinkler (Overhead),Tomato Septoria Leaf Spot,0.75,6.53,4.9,0.0,22.0,10.0,SUSPEND_OVERHEAD_BLIGHT,Immediate,0.0
Tomato,Flowering,Black Soil,24.0,29.7,75.4,None,0.0,Drip Irrigation,Potato Late Blight,1.15,2.71,3.12,0.0,40.0,22.0,IRRIGATE_IMMEDIATELY,Immediate,4.07
Sugarcane,Vegetative,Black Soil,18.4,29.2,48.1,None,0.0,Drip Irrigation,Tomato Target Spot,0.85,3.61,3.07,0.0,40.0,22.0,IRRIGATE_IMMEDIATELY,Immediate,4.23
Corn,Vegetative,Black Soil,33.4,36.6,35.7,High,23.1,Sub-surface Drip,None / Healthy,0.85,5.53,4.7,15.95,40.0,22.0,DELAY_RAIN_EXPECTED,Low,0.0
Sugarcane,Flowering,Black Soil,33.0,26.7,36.9,Low,5.9,Sprinkler (Overhead),None / Healthy,1.25,3.55,4.44,2.25,40.0,22.0,MAINTENANCE_DRIP,Normal,4.64
Pepper Bell,Flowering,Loamy,10.4,24.8,87.4,None,0.0,Drip Irrigation,Tomato Septoria Leaf Spot,1.05,2.0,2.1,0.0,28.0,14.0,IRRIGATE_IMMEDIATELY,Immediate,3.5
Sugarcane,Vegetative,Sandy Loam,22.8,17.2,80.8,High,21.4,Sprinkler (Overhead),Tomato Target Spot,0.85,2.0,1.7,14.58,22.0,10.0,SUSPEND_OVERHEAD_BLIGHT,Immediate,0.0
Cotton,Vegetative,Sandy Loam,11.6,36.5,71.6,Moderate,10.0,Sprinkler (Overhead),None / Healthy,0.75,3.78,2.83,5.52,22.0,10.0,IRRIGATE_IMMEDIATELY,Immediate,3.64
Potato,Vegetative,Clay Loam,27.0,30.9,76.3,High,42.6,Drip Irrigation,None / Healthy,0.8,2.83,2.26,31.55,34.0,18.0,DELAY_RAIN_EXPECTED,Low,0.0
Cotton,Flowering,Sandy Loam,23.6,16.8,57.0,None,0.0,Sub-surface Drip,Pepper Bell Bacterial Spot,1.2,2.0,2.4,0.0,22.0,10.0,OPTIMAL_STANDBY,Low,0.0
Corn,Vegetative,Sandy Loam,7.8,35.6,76.3,Low,5.2,Drip Irrigation,Tomato Target Spot,0.85,3.44,2.92,1.67,22.0,10.0,IRRIGATE_IMMEDIATELY,Immediate,3.75
Wheat,Fruiting,Clay Loam,33.9,18.1,87.8,None,0.0,Flood / Surface,Tomato Target Spot,0.85,2.0,1.7,0.0,34.0,18.0,OPTIMAL_STANDBY,Low,0.0
Potato,Seedling,Clay Loam,46.5,18.5,87.1,High,40.6,Drip Irrigation,Tomato Early Blight,0.5,2.0,1.0,30.01,34.0,18.0,DELAY_RAIN_EXPECTED,Low,0.0
Corn,Fruiting,Clay Loam,26.4,25.1,65.5,Moderate,13.1,Sprinkler (Overhead),Tomato Target Spot,1.1,2.43,2.67,7.95,34.0,18.0,SUSPEND_OVERHEAD_BLIGHT,Immediate,0.0
Sugarcane,Maturity,Sandy,10.9,37.4,64.3,None,0.0,Flood / Surface,None / Healthy,0.7,4.27,2.99,0.0,15.0,6.0,MAINTENANCE_DRIP,Normal,3.11
Cotton,Maturity,Clay Loam,35.8,34.6,43.1,Low,3.3,Drip Irrigation,None / Healthy,0.55,4.79,2.63,0.14,34.0,18.0,OPTIMAL_STANDBY,Low,0.0
Wheat,Fruiting,Black Soil,27.5,23.8,42.9,None,0.0,Sub-surface Drip,None / Healthy,0.85,2.86,2.43,0.0,40.0,22.0,IRRIGATE_IMMEDIATELY,Immediate,3.5
Potato,Fruiting,Sandy,10.7,24.3,82.1,None,0.0,Sub-surface Drip,Tomato Septoria Leaf Spot,1.15,2.0,2.3,0.0,15.0,6.0,MAINTENANCE_DRIP,Normal,2.15
Rice,Maturity,Sandy,10.1,33.2,75.2,None,0.0,Sprinkler (Overhead),None / Healthy,0.95,3.17,3.01,0.0,15.0,6.0,MAINTENANCE_DRIP,Normal,3.01
Wheat,Fruiting,Clay Loam,28.0,33.6,58.5,Low,1.7,Sprinkler (Overhead),Tomato Target Spot,0.85,3.94,3.35,0.0,34.0,18.0,SUSPEND_OVERHEAD_BLIGHT,Immediate,0.0
Pepper Bell,Vegetative,Loamy,20.6,24.6,30.8,None,0.0,Sub-surface Drip,None / Healthy,0.8,3.33,2.66,0.0,28.0,14.0,MAINTENANCE_DRIP,Normal,2.63
Sugarcane,Fruiting,Sandy,10.9,41.5,20.9,Low,3.4,Sprinkler (Overhead),Potato Late Blight,1.25,7.4,9.25,0.25,15.0,6.0,SUSPEND_OVERHEAD_BLIGHT,Immediate,0.0
Cotton,Fruiting,Sandy,6.3,17.5,51.2,Moderate,12.6,Drip Irrigation,None / Healthy,0.85,2.0,1.7,7.6,15.0,6.0,IRRIGATE_IMMEDIATELY,Immediate,3.5
Cotton,Flowering,Black Soil,30.5,25.9,23.0,Low,4.2,Sprinkler (Overhead),Tomato Septoria Leaf Spot,1.2,3.81,4.57,0.89,40.0,22.0,SUSPEND_OVERHEAD_BLIGHT,Immediate,0.0
Tomato,Flowering,Sandy,6.8,15.0,22.8,None,0.0,Sprinkler (Overhead),None / Healthy,1.15,2.0,2.3,0.0,15.0,6.0,IRRIGATE_IMMEDIATELY,Immediate,3.5
Cotton,Seedling,Loamy,16.8,18.5,43.2,Moderate,10.6,Sprinkler (Overhead),None / Healthy,0.45,2.0,0.9,6.01,28.0,14.0,IRRIGATE_IMMEDIATELY,Immediate,3.5
Wheat,Vegetative,Loamy,26.8,24.4,43.8,None,0.0,Drip Irrigation,None / Healthy,0.75,2.93,2.2,0.0,28.0,14.0,OPTIMAL_STANDBY,Low,0.0
Rice,Vegetative,Black Soil,24.7,31.4,34.4,Low,2.1,Drip Irrigation,Tomato Septoria Leaf Spot,1.15,4.53,5.21,0.0,40.0,22.0,IRRIGATE_IMMEDIATELY,Immediate,6.85
Cotton,Maturity,Sandy Loam,35.2,37.3,67.8,Low,5.4,Drip Irrigation,None / Healthy,0.55,4.09,2.25,1.85,22.0,10.0,OPTIMAL_STANDBY,Low,0.0
Sugarcane,Maturity,Sandy Loam,23.3,19.5,61.1,None,0.0,Drip Irrigation,None / Healthy,0.7,2.0,1.4,0.0,22.0,10.0,OPTIMAL_STANDBY,Low,0.0
Soybean,Flowering,Sandy Loam,22.1,33.5,90.9,Low,4.9,Sub-surface Drip,Potato Late Blight,1.15,3.0,3.45,1.39,22.0,10.0,OPTIMAL_STANDBY,Low,0.0
Corn,Flowering,Loamy,16.8,24.3,23.0,Low,5.5,Flood / Surface,None / Healthy,1.2,3.48,4.18,1.93,28.0,14.0,IRRIGATE_IMMEDIATELY,Immediate,5.15
Tomato,Fruiting,Sandy,16.9,27.8,71.5,Low,5.6,Drip Irrigation,None / Healthy,1.2,2.6,3.12,1.99,15.0,6.0,OPTIMAL_STANDBY,Low,0.0
Wheat,Vegetative,Sandy Loam,28.4,22.3,49.0,None,0.0,Sub-surface Drip,None / Healthy,0.75,2.46,1.84,0.0,22.0,10.0,OPTIMAL_STANDBY,Low,0.0
Tomato,Flowering,Black Soil,28.3,21.0,27.1,None,0.0,Drip Irrigation,None / Healthy,1.15,2.74,3.15,0.0,40.0,22.0,IRRIGATE_IMMEDIATELY,Immediate,4.09
Pepper Bell,Flowering,Loamy,23.5,24.6,54.7,Moderate,8.8,Drip Irrigation,None / Healthy,1.05,2.66,2.79,4.54,28.0,14.0,DELAY_RAIN_EXPECTED,Moderate,0.0
Wheat,Fruiting,Loamy,13.9,39.3,31.3,None,0.0,Flood / Surface,Tomato Target Spot,0.85,6.33,5.38,0.0,28.0,14.0,IRRIGATE_IMMEDIATELY,Immediate,7.0
Cotton,Flowering,Black Soil,26.4,30.2,26.9,None,0.0,Drip Irrigation,None / Healthy,1.2,4.57,5.48,0.0,40.0,22.0,IRRIGATE_IMMEDIATELY,Immediate,7.0
Tomato,Seedling,Black Soil,38.0,28.1,91.3,Low,1.5,Drip Irrigation,None / Healthy,0.6,2.36,1.42,0.0,40.0,22.0,OPTIMAL_STANDBY,Low,0.0
Corn,Fruiting,Clay Loam,27.8,23.0,76.8,Moderate,15.6,Flood / Surface,None / Healthy,1.1,2.0,2.2,10.0,34.0,18.0,DELAY_RAIN_EXPECTED,Low,0.0
Potato,Vegetative,Clay Loam,28.7,30.5,29.3,Low,1.9,Drip Irrigation,None / Healthy,0.8,4.56,3.65,0.0,34.0,18.0,MAINTENANCE_DRIP,Normal,3.78
Sugarcane,Seedling,Loamy,19.0,29.4,48.6,None,0.0,Flood / Surface,None / Healthy,0.45,3.63,1.63,0.0,28.0,14.0,IRRIGATE_IMMEDIATELY,Immediate,3.5
Cotton,Vegetative,Clay Loam,32.1,18.2,51.3,None,0.0,Flood / Surface,None / Healthy,0.75,2.0,1.5,0.0,34.0,18.0,OPTIMAL_STANDBY,Low,0.0
Pepper Bell,Maturity,Sandy,15.2,15.3,72.8,Low,4.6,Drip Irrigation,None / Healthy,0.85,2.0,1.7,1.22,15.0,6.0,OPTIMAL_STANDBY,Low,0.0
Pepper Bell,Maturity,Loamy,25.9,40.8,28.0,None,0.0,Drip Irrigation,None / Healthy,0.85,6.84,5.81,0.0,28.0,14.0,OPTIMAL_STANDBY,Low,0.0
Rice,Vegetative,Black Soil,22.8,20.6,93.4,Low,5.4,Sub-surface Drip,None / Healthy,1.15,2.0,2.3,1.79,40.0,22.0,IRRIGATE_IMMEDIATELY,Immediate,3.5
Corn,Flowering,Sandy,11.6,18.9,50.3,Low,1.8,Drip Irrigation,None / Healthy,1.2,2.0,2.4,0.0,15.0,6.0,MAINTENANCE_DRIP,Normal,2.35
Cotton,Fruiting,Sandy Loam,10.5,32.9,76.8,Moderate,10.6,Sprinkler (Overhead),None / Healthy,0.85,3.06,2.6,6.01,22.0,10.0,IRRIGATE_IMMEDIATELY,Immediate,3.5
Wheat,Flowering,Clay Loam,29.1,36.6,49.2,High,31.6,Drip Irrigation,None / Healthy,1.15,4.88,5.61,22.8,34.0,18.0,DELAY_RAIN_EXPECTED,Low,0.0
Potato,Flowering,Loamy,29.1,19.2,81.4,High,33.3,Sub-surface Drip,None / Healthy,1.15,2.0,2.3,24.11,28.0,14.0,DELAY_RAIN_EXPECTED,Low,0.0
Corn,Maturity,Clay Loam,29.0,20.5,36.6,None,0.0,Sub-surface Drip,None / Healthy,0.6,2.43,1.46,0.0,34.0,18.0,MAINTENANCE_DRIP,Normal,1.5
Sugarcane,Maturity,Sandy Loam,17.9,41.3,29.9,Low,3.0,Sprinkler (Overhead),None / Healthy,0.7,6.85,4.79,0.0,22.0,10.0,MAINTENANCE_DRIP,Normal,4.66
Tomato,Fruiting,Clay Loam,22.2,36.8,87.2,None,0.0,Drip Irrigation,Tomato Early Blight,1.2,3.41,4.09,0.0,34.0,18.0,IRRIGATE_IMMEDIATELY,Immediate,5.07
Cotton,Vegetative,Sandy,10.7,15.7,63.9,Low,2.5,Flood / Surface,None / Healthy,0.75,2.0,1.5,0.0,15.0,6.0,MAINTENANCE_DRIP,Normal,1.5
Rice,Fruiting,Loamy,12.0,38.4,64.3,Moderate,13.3,Drip Irrigation,Tomato Yellow Leaf Curl Virus,1.2,4.43,5.32,8.14,28.0,14.0,IRRIGATE_IMMEDIATELY,Immediate,6.72
Pepper Bell,Seedling,Sandy Loam,23.7,31.5,25.4,None,0.0,Sprinkler (Overhead),None / Healthy,0.6,4.91,2.95,0.0,22.0,10.0,OPTIMAL_STANDBY,Low,0.0
Corn,Seedling,Black Soil,37.2,23.7,83.7,None,0.0,Sprinkler (Overhead),Pepper Bell Bacterial Spot,0.4,2.0,0.8,0.0,40.0,22.0,SUSPEND_OVERHEAD_BLIGHT,Immediate,0.0
Wheat,Vegetative,Loamy,25.6,33.4,57.5,High,24.1,Sprinkler (Overhead),Tomato Septoria Leaf Spot,0.75,3.95,2.96,16.76,28.0,14.0,SUSPEND_OVERHEAD_BLIGHT,Immediate,0.0
Corn,Flowering,Black Soil,36.6,26.8,23.6,None,0.0,Sub-surface Drip,None / Healthy,1.2,3.98,4.78,0.0,40.0,22.0,OPTIMAL_STANDBY,Low,0.0
Sugarcane,Seedling,Sandy,4.3,30.5,79.2,None,0.0,Drip Irrigation,None / Healthy,0.45,2.67,1.2,0.0,15.0,6.0,IRRIGATE_IMMEDIATELY,Immediate,3.5
Pepper Bell,Flowering,Clay Loam,22.5,33.1,78.5,Moderate,11.5,Drip Irrigation,None / Healthy,1.05,3.02,3.17,6.7,34.0,18.0,IRRIGATE_IMMEDIATELY,Immediate,3.7
Pepper Bell,Maturity,Clay Loam,23.9,41.3,88.5,None,0.0,Drip Irrigation,Potato Late Blight,0.85,3.99,3.39,0.0,34.0,18.0,IRRIGATE_IMMEDIATELY,Immediate,4.28
Pepper Bell,Flowering,Clay Loam,24.4,32.0,45.3,Low,3.5,Drip Irrigation,Tomato Early Blight,1.05,4.22,4.43,0.28,34.0,18.0,IRRIGATE_IMMEDIATELY,Immediate,5.58
Corn,Maturity,Black Soil,37.4,29.1,57.3,None,0.0,Drip Irrigation,None / Healthy,0.6,3.27,1.96,0.0,40.0,22.0,OPTIMAL_STANDBY,Low,0.0
Wheat,Fruiting,Sandy Loam,17.1,20.9,21.4,None,0.0,Drip Irrigation,None / Healthy,0.85,2.83,2.41,0.0,22.0,10.0,MAINTENANCE_DRIP,Normal,2.17
Wheat,Fruiting,Black Soil,31.2,23.9,21.3,None,0.0,Sub-surface Drip,Tomato Target Spot,0.85,3.46,2.94,0.0,40.0,22.0,MAINTENANCE_DRIP,Normal,2.95
Soybean,Flowering,Sandy,7.3,30.4,83.2,None,0.0,Drip Irrigation,None / Healthy,1.15,2.63,3.02,0.0,15.0,6.0,IRRIGATE_IMMEDIATELY,Immediate,3.7
Pepper Bell,Flowering,Black Soil,32.5,38.5,58.2,Low,4.2,Flood / Surface,None / Healthy,1.05,4.77,5.01,0.89,40.0,22.0,MAINTENANCE_DRIP,Normal,4.91
Cotton,Fruiting,Sandy,11.6,16.0,56.9,Low,4.8,Drip Irrigation,None / Healthy,0.85,2.0,1.7,1.33,15.0,6.0,MAINTENANCE_DRIP,Normal,1.58
Rice,Flowering,Clay Loam,16.9,16.1,32.5,Low,3.9,Sprinkler (Overhead),Tomato Target Spot,1.25,2.0,2.5,0.65,34.0,18.0,SUSPEND_OVERHEAD_BLIGHT,Immediate,0.0
Soybean,Seedling,Clay Loam,18.4,41.5,47.9,Moderate,17.0,Drip Irrigation,None / Healthy,0.4,5.87,2.35,11.08,34.0,18.0,IRRIGATE_IMMEDIATELY,Immediate,3.5
Pepper Bell,Vegetative,Clay Loam,16.9,40.9,32.8,None,0.0,Sprinkler (Overhead),None / Healthy,0.8,6.6,5.28,0.0,34.0,18.0,IRRIGATE_IMMEDIATELY,Immediate,6.59
Tomato,Seedling,Loamy,25.2,20.5,56.3,Moderate,12.1,Drip Irrigation,None / Healthy,0.6,2.01,1.21,7.14,28.0,14.0,OPTIMAL_STANDBY,Low,0.0
Potato,Flowering,Black Soil,27.3,16.9,45.3,None,0.0,Flood / Surface,None / Healthy,1.15,2.0,2.3,0.0,40.0,22.0,IRRIGATE_IMMEDIATELY,Immediate,3.5
Pepper Bell,Seedling,Sandy,4.5,30.7,24.5,None,0.0,Sprinkler (Overhead),None / Healthy,0.6,4.77,2.86,0.0,15.0,6.0,IRRIGATE_IMMEDIATELY,Immediate,3.5
Tomato,Flowering,Sandy Loam,16.3,38.9,41.6,None,0.0,Drip Irrigation,Tomato Early Blight,1.15,5.69,6.54,0.0,22.0,10.0,MAINTENANCE_DRIP,Normal,5.5
Cotton,Maturity,Sandy Loam,19.9,37.7,73.5,None,0.0,Sprinkler (Overhead),None / Healthy,0.55,3.85,2.12,0.0,22.0,10.0,OPTIMAL_STANDBY,Low,0.0
Soybean,Vegetative,Sandy Loam,8.7,14.8,23.0,Moderate,7.9,Sub-surface Drip,Tomato Septoria Leaf Spot,0.7,2.0,1.4,3.8,22.0,10.0,IRRIGATE_IMMEDIATELY,Immediate,3.5
Cotton,Flowering,Clay Loam,27.9,23.2,47.5,Low,3.1,Sprinkler (Overhead),Potato Late Blight,1.2,2.64,3.17,0.0,34.0,18.0,SUSPEND_OVERHEAD_BLIGHT,Immediate,0.0
Potato,Seedling,Sandy Loam,14.2,35.1,75.3,Low,1.1,Flood / Surface,Tomato Septoria Leaf Spot,0.5,3.41,1.71,0.0,22.0,10.0,IRRIGATE_IMMEDIATELY,Immediate,3.5
Corn,Flowering,Sandy Loam,11.3,27.3,75.7,None,0.0,Flood / Surface,None / Healthy,1.2,2.41,2.89,0.0,22.0,10.0,IRRIGATE_IMMEDIATELY,Immediate,3.85
Soybean,Fruiting,Loamy,10.3,38.5,25.6,Moderate,13.1,Drip Irrigation,Tomato Target Spot,1.05,6.44,6.76,8.01,28.0,14.0,IRRIGATE_IMMEDIATELY,Immediate,7.0
Corn,Maturity,Loamy,22.5,18.9,39.6,Moderate,16.9,Sprinkler (Overhead),Potato Late Blight,0.6,2.08,1.25,11.01,28.0,14.0,SUSPEND_OVERHEAD_BLIGHT,Immediate,0.0
Soybean,Flowering,Black Soil,33.8,31.2,37.6,None,0.0,Drip Irrigation,None / Healthy,1.15,4.38,5.04,0.0,40.0,22.0,MAINTENANCE_DRIP,Normal,5.14
Potato,Vegetative,Clay Loam,26.2,38.6,70.6,None,0.0,Sprinkler (Overhead),Tomato Yellow Leaf Curl Virus,0.8,4.13,3.3,0.0,34.0,18.0,MAINTENANCE_DRIP,Normal,3.13
Cotton,Vegetative,Clay Loam,47.8,27.3,27.9,Low,1.5,Drip Irrigation,None / Healthy,0.75,3.96,2.97,0.0,34.0,18.0,OPTIMAL_STANDBY,Low,0.0
Pepper Bell,Maturity,Black Soil,25.2,23.3,53.9,None,0.0,Drip Irrigation,None / Healthy,0.85,2.49,2.12,0.0,40.0,22.0,IRRIGATE_IMMEDIATELY,Immediate,3.5
Cotton,Seedling,Sandy Loam,12.1,15.5,75.1,Low,3.6,Sprinkler (Overhead),None / Healthy,0.45,2.0,0.9,0.35,22.0,10.0,IRRIGATE_IMMEDIATELY,Immediate,3.5
Corn,Fruiting,Black Soil,34.6,37.9,82.7,None,0.0,Sprinkler (Overhead),None / Healthy,1.1,3.56,3.92,0.0,40.0,22.0,MAINTENANCE_DRIP,Normal,3.9
Potato,Flowering,Clay Loam,20.7,36.1,48.5,Moderate,9.7,Sprinkler (Overhead),None / Healthy,1.15,4.81,5.53,5.27,34.0,18.0,IRRIGATE_IMMEDIATELY,Immediate,7.0
Corn,Seedling,Clay Loam,45.8,20.0,34.1,None,0.0,Sub-surface Drip,None / Healthy,0.4,2.39,0.96,0.0,34.0,18.0,OPTIMAL_STANDBY,Low,0.0
Wheat,Fruiting,Loamy,28.3,35.0,85.0,None,0.0,Drip Irrigation,None / Healthy,0.85,3.18,2.7,0.0,28.0,14.0,OPTIMAL_STANDBY,Low,0.0
Cotton,Seedling,Clay Loam,36.2,33.0,91.9,High,34.1,Flood / Surface,Pepper Bell Bacterial Spot,0.45,2.94,1.32,24.79,34.0,18.0,DELAY_RAIN_EXPECTED,Low,0.0
Pepper Bell,Vegetative,Sandy Loam,18.4,29.6,88.0,Low,1.4,Sub-surface Drip,Pepper Bell Bacterial Spot,0.8,2.53,2.02,0.0,22.0,10.0,MAINTENANCE_DRIP,Normal,1.81
Corn,Vegetative,Sandy Loam,28.7,28.9,91.5,Moderate,16.7,Sprinkler (Overhead),Tomato Target Spot,0.85,2.45,2.08,10.85,22.0,10.0,SUSPEND_OVERHEAD_BLIGHT,Immediate,0.0
Rice,Fruiting,Sandy Loam,18.1,17.8,42.0,None,0.0,Drip Irrigation,None / Healthy,1.2,2.0,2.4,0.0,22.0,10.0,MAINTENANCE_DRIP,Normal,2.28
Soybean,Fruiting,Black Soil,34.6,26.5,45.9,Moderate,11.6,Sub-surface Drip,None / Healthy,1.05,3.24,3.4,6.79,40.0,22.0,DELAY_RAIN_EXPECTED,Moderate,0.0
Corn,Fruiting,Sandy,6.1,32.2,20.2,Low,5.2,Drip Irrigation,None / Healthy,1.1,5.28,5.81,1.67,15.0,6.0,IRRIGATE_IMMEDIATELY,Immediate,7.0
Corn,Vegetative,Loamy,32.6,38.1,60.1,Moderate,15.7,Drip Irrigation,None / Healthy,0.85,4.6,3.91,10.04,28.0,14.0,DELAY_RAIN_EXPECTED,Low,0.0
Cotton,Vegetative,Sandy Loam,34.3,27.3,42.7,Low,2.3,Sprinkler (Overhead),Tomato Yellow Leaf Curl Virus,0.75,3.47,2.6,0.0,22.0,10.0,OPTIMAL_STANDBY,Low,0.0
Pepper Bell,Maturity,Sandy,11.1,21.4,31.3,None,0.0,Sprinkler (Overhead),None / Healthy,0.85,2.71,2.3,0.0,15.0,6.0,MAINTENANCE_DRIP,Normal,2.2
Soybean,Seedling,Clay Loam,27.0,36.1,57.9,None,0.0,Sprinkler (Overhead),Tomato Septoria Leaf Spot,0.4,4.37,1.75,0.0,34.0,18.0,SUSPEND_OVERHEAD_BLIGHT,Immediate,0.0
Tomato,Maturity,Black Soil,30.3,21.7,27.3,Low,2.2,Drip Irrigation,Tomato Target Spot,0.8,2.86,2.29,0.0,40.0,22.0,MAINTENANCE_DRIP,Normal,2.23
Soybean,Maturity,Sandy,12.7,37.2,60.6,None,0.0,Flood / Surface,Tomato Septoria Leaf Spot,0.5,4.43,2.21,0.0,15.0,6.0,MAINTENANCE_DRIP,Normal,2.08
Rice,Vegetative,Clay Loam,28.1,19.1,49.8,Low,2.4,Sprinkler (Overhead),None / Healthy,1.15,2.0,2.3,0.0,34.0,18.0,MAINTENANCE_DRIP,Normal,2.09
Sugarcane,Vegetative,Loamy,16.1,24.7,60.2,Low,3.6,Drip Irrigation,None / Healthy,0.85,2.52,2.14,0.4,28.0,14.0,IRRIGATE_IMMEDIATELY,Immediate,3.5
Tomato,Flowering,Loamy,26.3,33.7,26.5,None,0.0,Sprinkler (Overhead),None / Healthy,1.15,5.33,6.13,0.0,28.0,14.0,OPTIMAL_STANDBY,Low,0.0
Pepper Bell,Flowering,Black Soil,33.3,40.1,94.0,None,0.0,Drip Irrigation,Tomato Yellow Leaf Curl Virus,1.05,3.84,4.03,0.0,40.0,22.0,MAINTENANCE_DRIP,Normal,3.96
Rice,Fruiting,Sandy Loam,22.0,28.8,69.2,High,20.8,Drip Irrigation,None / Healthy,1.2,2.81,3.37,14.11,22.0,10.0,DELAY_RAIN_EXPECTED,Low,0.0
Cotton,Fruiting,Sandy Loam,8.8,16.9,21.5,None,0.0,Flood / Surface,None / Healthy,0.85,2.02,1.72,0.0,22.0,10.0,IRRIGATE_IMMEDIATELY,Immediate,3.5
Potato,Vegetative,Sandy Loam,16.3,21.6,88.7,Moderate,15.4,Drip Irrigation,None / Healthy,0.8,2.0,1.6,9.82,22.0,10.0,DELAY_RAIN_EXPECTED,Low,0.0
Soybean,Fruiting,Black Soil,24.0,39.2,45.6,None,0.0,Drip Irrigation,Pepper Bell Bacterial Spot,1.05,5.55,5.83,0.0,40.0,22.0,IRRIGATE_IMMEDIATELY,Immediate,7.0
Cotton,Fruiting,Clay Loam,41.6,26.1,52.3,None,0.0,Sprinkler (Overhead),Tomato Septoria Leaf Spot,0.85,2.98,2.53,0.0,34.0,18.0,SUSPEND_OVERHEAD_BLIGHT,Immediate,0.0
Corn,Maturity,Loamy,21.6,39.3,26.9,Moderate,12.0,Drip Irrigation,Pepper Bell Bacterial Spot,0.6,6.57,3.94,7.08,28.0,14.0,DELAY_RAIN_EXPECTED,Moderate,0.0
Pepper Bell,Vegetative,Black Soil,24.2,38.4,40.0,Moderate,9.5,Drip Irrigation,None / Healthy,0.8,5.69,4.55,5.07,40.0,22.0,IRRIGATE_IMMEDIATELY,Immediate,5.7
Potato,Seedling,Black Soil,38.7,40.7,39.3,None,0.0,Drip Irrigation,None / Healthy,0.5,6.19,3.1,0.0,40.0,22.0,OPTIMAL_STANDBY,Low,0.0
Corn,Fruiting,Clay Loam,34.7,40.2,69.4,None,0.0,Drip Irrigation,None / Healthy,1.1,4.43,4.87,0.0,34.0,18.0,OPTIMAL_STANDBY,Low,0.0
Tomato,Flowering,Black Soil,28.0,31.5,80.7,Moderate,9.3,Drip Irrigation,None / Healthy,1.15,2.77,3.19,4.96,40.0,22.0,IRRIGATE_IMMEDIATELY,Immediate,3.8
Soybean,Flowering,Sandy,11.1,28.3,90.8,Low,5.7,Sprinkler (Overhead),None / Healthy,1.15,2.38,2.74,2.04,15.0,6.0,MAINTENANCE_DRIP,Normal,2.57
Pepper Bell,Maturity,Sandy,11.4,14.0,67.4,None,0.0,Sub-surface Drip,None / Healthy,0.85,2.0,1.7,0.0,15.0,6.0,MAINTENANCE_DRIP,Normal,1.56
Corn,Seedling,Clay Loam,26.9,28.3,73.0,High,36.8,Drip Irrigation,None / Healthy,0.4,2.62,1.05,26.93,34.0,18.0,DELAY_RAIN_EXPECTED,Low,0.0
Tomato,Fruiting,Clay Loam,19.3,31.1,70.7,None,0.0,Sprinkler (Overhead),None / Healthy,1.2,3.07,3.68,0.0,34.0,18.0,IRRIGATE_IMMEDIATELY,Immediate,4.18
Wheat,Fruiting,Black Soil,27.4,32.5,89.0,Low,6.0,Flood / Surface,Pepper Bell Bacterial Spot,0.85,2.88,2.45,2.28,40.0,22.0,IRRIGATE_IMMEDIATELY,Immediate,3.5
Pepper Bell,Vegetative,Black Soil,24.1,29.4,56.7,Low,5.9,Sprinkler (Overhead),Tomato Target Spot,0.8,3.35,2.68,2.25,40.0,22.0,SUSPEND_OVERHEAD_BLIGHT,Immediate,0.0
Corn,Seedling,Sandy Loam,23.4,31.7,70.3,None,0.0,Flood / Surface,None / Healthy,0.4,3.16,1.26,0.0,22.0,10.0,OPTIMAL_STANDBY,Low,0.0
Tomato,Vegetative,Black Soil,32.9,22.8,44.8,Moderate,11.6,Sub-surface Drip,Tomato Yellow Leaf Curl Virus,0.85,2.64,2.24,6.75,40.0,22.0,DELAY_RAIN_EXPECTED,Moderate,0.0
Wheat,Maturity,Clay Loam,17.9,14.4,41.4,Low,1.7,Flood / Surface,Tomato Septoria Leaf Spot,0.35,2.0,0.7,0.0,34.0,18.0,IRRIGATE_IMMEDIATELY,Immediate,3.5
Corn,Fruiting,Sandy Loam,15.7,40.2,54.1,None,0.0,Flood / Surface,Pepper Bell Bacterial Spot,1.1,5.27,5.8,0.0,22.0,10.0,MAINTENANCE_DRIP,Normal,5.5
Sugarcane,Vegetative,Loamy,29.4,26.9,69.5,None,0.0,Sub-surface Drip,None / Healthy,0.85,2.55,2.17,0.0,28.0,14.0,OPTIMAL_STANDBY,Low,0.0
Pepper Bell,Fruiting,Black Soil,35.4,19.1,22.6,None,0.0,Sub-surface Drip,Pepper Bell Bacterial Spot,1.1,2.44,2.68,0.0,40.0,22.0,MAINTENANCE_DRIP,Normal,2.84
Pepper Bell,Seedling,Sandy Loam,17.2,22.8,45.7,Low,2.3,Drip Irrigation,Potato Late Blight,0.6,2.62,1.57,0.0,22.0,10.0,MAINTENANCE_DRIP,Normal,1.65
Sugarcane,Seedling,Sandy,12.6,32.8,79.4,None,0.0,Drip Irrigation,None / Healthy,0.45,2.95,1.33,0.0,15.0,6.0,MAINTENANCE_DRIP,Normal,1.5
Wheat,Seedling,Black Soil,37.8,41.9,46.9,Low,3.4,Sprinkler (Overhead),Pepper Bell Bacterial Spot,0.4,5.99,2.4,0.18,40.0,22.0,SUSPEND_OVERHEAD_BLIGHT,Immediate,0.0
Rice,Flowering,Loamy,26.2,28.9,39.7,Low,1.9,Sprinkler (Overhead),Tomato Septoria Leaf Spot,1.25,3.86,4.83,0.0,28.0,14.0,SUSPEND_OVERHEAD_BLIGHT,Immediate,0.0
Potato,Flowering,Black Soil,31.0,36.6,24.1,Low,2.0,Drip Irrigation,None / Healthy,1.15,6.09,7.0,0.0,40.0,22.0,MAINTENANCE_DRIP,Normal,5.5
Soybean,Fruiting,Black Soil,35.2,15.7,27.2,None,0.0,Flood / Surface,Pepper Bell Bacterial Spot,1.05,2.0,2.1,0.0,40.0,22.0,MAINTENANCE_DRIP,Normal,2.18
Wheat,Fruiting,Clay Loam,33.7,19.9,26.2,None,0.0,Drip Irrigation,None / Healthy,0.85,2.53,2.15,0.0,34.0,18.0,OPTIMAL_STANDBY,Low,0.0
Sugarcane,Fruiting,Black Soil,33.5,32.7,38.5,Low,4.1,Flood / Surface,Tomato Early Blight,1.25,4.63,5.79,0.74,40.0,22.0,MAINTENANCE_DRIP,Normal,5.5
Rice,Fruiting,Sandy,7.6,21.7,68.9,None,0.0,Drip Irrigation,None / Healthy,1.2,2.0,2.4,0.0,15.0,6.0,IRRIGATE_IMMEDIATELY,Immediate,3.5
Corn,Vegetative,Loamy,21.3,15.6,80.8,High,31.1,Sprinkler (Overhead),Potato Late Blight,0.85,2.0,1.7,22.4,28.0,14.0,SUSPEND_OVERHEAD_BLIGHT,Immediate,0.0
Tomato,Maturity,Sandy,6.0,18.0,32.6,Low,3.9,Flood / Surface,Tomato Target Spot,0.8,2.05,1.64,0.61,15.0,6.0,IRRIGATE_IMMEDIATELY,Immediate,3.5
Rice,Seedling,Sandy Loam,7.2,17.8,54.8,Moderate,14.9,Flood / Surface,Tomato Septoria Leaf Spot,1.05,2.0,2.1,9.42,22.0,10.0,IRRIGATE_IMMEDIATELY,Immediate,3.5
Potato,Vegetative,Sandy,10.2,29.5,65.6,None,0.0,Drip Irrigation,Tomato Target Spot,0.8,3.04,2.43,0.0,15.0,6.0,MAINTENANCE_DRIP,Normal,2.41
Sugarcane,Fruiting,Sandy Loam,15.5,18.7,71.5,Low,5.8,Flood / Surface,None / Healthy,1.25,2.0,2.5,2.15,22.0,10.0,MAINTENANCE_DRIP,Normal,2.39
Corn,Fruiting,Black Soil,35.0,30.4,78.1,High,27.0,Sub-surface Drip,None / Healthy,1.1,2.7,2.97,19.08,40.0,22.0,DELAY_RAIN_EXPECTED,Low,0.0
Soybean,Seedling,Black Soil,39.0,29.9,82.1,Low,4.7,Flood / Surface,None / Healthy,0.4,2.57,1.03,1.27,40.0,22.0,OPTIMAL_STANDBY,Low,0.0
Corn,Seedling,Clay Loam,27.6,17.5,53.8,Low,3.1,Drip Irrigation,None / Healthy,0.4,2.0,0.8,0.0,34.0,18.0,MAINTENANCE_DRIP,Normal,1.5
Sugarcane,Seedling,Sandy Loam,7.2,32.1,39.8,None,0.0,Flood / Surface,None / Healthy,0.45,4.46,2.01,0.0,22.0,10.0,IRRIGATE_IMMEDIATELY,Immediate,3.5
Pepper Bell,Seedling,Sandy Loam,11.2,32.0,81.1,Low,5.6,Sprinkler (Overhead),None / Healthy,0.6,2.82,1.69,1.95,22.0,10.0,IRRIGATE_IMMEDIATELY,Immediate,3.5
Soybean,Seedling,Clay Loam,29.0,41.9,51.3,None,0.0,Flood / Surface,Tomato Early Blight,0.4,5.74,2.3,0.0,34.0,18.0,MAINTENANCE_DRIP,Normal,2.62
Wheat,Flowering,Sandy,24.8,28.5,82.0,None,0.0,Sprinkler (Overhead),None / Healthy,1.15,2.4,2.76,0.0,15.0,6.0,OPTIMAL_STANDBY,Low,0.0
Tomato,Vegetative,Black Soil,37.0,14.5,52.8,None,0.0,Drip Irrigation,None / Healthy,0.85,2.0,1.7,0.0,40.0,22.0,OPTIMAL_STANDBY,Low,0.0
Rice,Seedling,Sandy,10.5,32.4,45.1,None,0.0,Sprinkler (Overhead),None / Healthy,1.05,4.31,4.53,0.0,15.0,6.0,MAINTENANCE_DRIP,Normal,4.54
Sugarcane,Flowering,Loamy,11.4,31.7,35.8,None,0.0,Drip Irrigation,Tomato Yellow Leaf Curl Virus,1.25,4.55,5.69,0.0,28.0,14.0,IRRIGATE_IMMEDIATELY,Immediate,7.0
Tomato,Seedling,Sandy Loam,22.4,16.5,94.9,None,0.0,Drip Irrigation,Potato Late Blight,0.6,2.0,1.2,0.0,22.0,10.0,OPTIMAL_STANDBY,Low,0.0
Pepper Bell,Vegetative,Black Soil,35.0,25.9,68.6,Low,2.5,Drip Irrigation,Tomato Early Blight,0.8,2.45,1.96,0.0,40.0,22.0,MAINTENANCE_DRIP,Normal,1.74
Potato,Flowering,Sandy,5.6,20.8,49.7,Low,3.0,Drip Irrigation,None / Healthy,1.15,2.19,2.52,0.0,15.0,6.0,IRRIGATE_IMMEDIATELY,Immediate,3.5
Soybean,Seedling,Sandy Loam,17.8,21.9,49.5,None,0.0,Sub-surface Drip,None / Healthy,0.4,2.38,0.95,0.0,22.0,10.0,MAINTENANCE_DRIP,Normal,1.5
Sugarcane,Fruiting,Sandy Loam,21.6,22.8,39.5,Low,3.4,Sub-surface Drip,Tomato Septoria Leaf Spot,1.25,2.78,3.47,0.23,22.0,10.0,OPTIMAL_STANDBY,Low,0.0
Wheat,Vegetative,Sandy Loam,22.6,32.8,70.5,None,0.0,Flood / Surface,Tomato Septoria Leaf Spot,0.75,3.31,2.48,0.0,22.0,10.0,OPTIMAL_STANDBY,Low,0.0
Potato,Maturity,Sandy,18.3,21.5,54.1,None,0.0,Flood / Surface,None / Healthy,0.75,2.2,1.65,0.0,15.0,6.0,OPTIMAL_STANDBY,Low,0.0
Soybean,Seedling,Sandy,15.7,24.8,80.8,None,0.0,Sub-surface Drip,None / Healthy,0.4,2.0,0.8,0.0,15.0,6.0,OPTIMAL_STANDBY,Low,0.0
Potato,Flowering,Loamy,11.0,29.3,68.3,Low,4.7,Flood / Surface,None / Healthy,1.15,2.91,3.35,1.25,28.0,14.0,IRRIGATE_IMMEDIATELY,Immediate,4.32
Wheat,Flowering,Loamy,16.9,39.0,73.8,Low,2.0,Drip Irrigation,None / Healthy,1.15,4.02,4.62,0.0,28.0,14.0,IRRIGATE_IMMEDIATELY,Immediate,5.87
Cotton,Vegetative,Clay Loam,27.6,24.8,36.3,Moderate,17.2,Sprinkler (Overhead),None / Healthy,0.75,3.22,2.42,11.25,34.0,18.0,DELAY_RAIN_EXPECTED,Low,0.0
Rice,Flowering,Loamy,24.2,23.0,55.0,None,0.0,Flood / Surface,Tomato Early Blight,1.25,2.42,3.02,0.0,28.0,14.0,MAINTENANCE_DRIP,Normal,3.14
Corn,Flowering,Sandy,18.9,16.6,66.4,High,33.5,Sub-surface Drip,Tomato Early Blight,1.2,2.0,2.4,24.29,15.0,6.0,DELAY_RAIN_EXPECTED,Low,0.0
Sugarcane,Flowering,Clay Loam,17.7,34.0,26.3,Moderate,10.8,Drip Irrigation,None / Healthy,1.25,5.42,6.78,6.14,34.0,18.0,IRRIGATE_IMMEDIATELY,Immediate,7.0
Wheat,Vegetative,Sandy,15.5,17.1,82.6,Moderate,16.8,Drip Irrigation,Tomato Early Blight,0.75,2.0,1.5,10.93,15.0,6.0,DELAY_RAIN_EXPECTED,Low,0.0
Potato,Fruiting,Sandy,21.9,20.7,25.3,Low,1.8,Sub-surface Drip,None / Healthy,1.15,2.7,3.1,0.0,15.0,6.0,OPTIMAL_STANDBY,Low,0.0
Soybean,Seedling,Sandy,14.3,40.6,83.5,Moderate,16.4,Drip Irrigation,Potato Late Blight,0.4,3.9,1.56,10.63,15.0,6.0,DELAY_RAIN_EXPECTED,Low,0.0
Tomato,Vegetative,Loamy,27.5,20.7,70.4,Low,3.7,Sprinkler (Overhead),Tomato Target Spot,0.85,2.0,1.7,0.49,28.0,14.0,SUSPEND_OVERHEAD_BLIGHT,Immediate,0.0
Soybean,Flowering,Clay Loam,26.7,33.0,24.2,Moderate,15.2,Flood / Surface,None / Healthy,1.15,5.29,6.08,9.7,34.0,18.0,DELAY_RAIN_EXPECTED,Low,0.0
Pepper Bell,Fruiting,Loamy,18.0,25.5,28.1,None,0.0,Flood / Surface,None / Healthy,1.1,3.57,3.93,0.0,28.0,14.0,IRRIGATE_IMMEDIATELY,Immediate,5.35
Soybean,Flowering,Loamy,19.6,14.0,69.6,None,0.0,Sprinkler (Overhead),Tomato Septoria Leaf Spot,1.15,2.0,2.3,0.0,28.0,14.0,SUSPEND_OVERHEAD_BLIGHT,Immediate,0.0
Rice,Vegetative,Black Soil,32.9,33.7,25.5,None,0.0,Sub-surface Drip,None / Healthy,1.15,5.39,6.2,0.0,40.0,22.0,MAINTENANCE_DRIP,Normal,5.5
Potato,Seedling,Sandy,12.5,19.3,25.0,None,0.0,Sprinkler (Overhead),Tomato Septoria Leaf Spot,0.5,2.44,1.22,0.0,15.0,6.0,SUSPEND_OVERHEAD_BLIGHT,Immediate,0.0
Wheat,Flowering,Loamy,27.8,30.5,69.7,Moderate,12.6,Drip Irrigation,Tomato Target Spot,1.15,3.03,3.48,7.55,28.0,14.0,OPTIMAL_STANDBY,Low,0.0
Sugarcane,Maturity,Sandy,12.2,37.8,28.1,None,0.0,Sprinkler (Overhead),Pepper Bell Bacterial Spot,0.7,6.16,4.31,0.0,15.0,6.0,SUSPEND_OVERHEAD_BLIGHT,Immediate,0.0
Wheat,Maturity,Sandy,4.5,24.4,79.9,None,0.0,Drip Irrigation,None / Healthy,0.35,2.0,0.7,0.0,15.0,6.0,IRRIGATE_IMMEDIATELY,Immediate,3.5
Tomato,Seedling,Black Soil,38.3,28.2,61.3,None,0.0,Drip Irrigation,Pepper Bell Bacterial Spot,0.6,3.0,1.8,0.0,40.0,22.0,OPTIMAL_STANDBY,Low,0.0
Potato,Seedling,Sandy Loam,20.1,19.1,92.6,None,0.0,Sprinkler (Overhead),None / Healthy,0.5,2.0,1.0,0.0,22.0,10.0,OPTIMAL_STANDBY,Low,0.0
Potato,Vegetative,Black Soil,30.4,37.3,38.9,Moderate,14.9,Sprinkler (Overhead),Pepper Bell Bacterial Spot,0.8,5.53,4.42,9.41,40.0,22.0,SUSPEND_OVERHEAD_BLIGHT,Immediate,0.0
Wheat,Vegetative,Sandy,6.0,14.8,24.9,Moderate,12.8,Sprinkler (Overhead),None / Healthy,0.75,2.0,1.5,7.73,15.0,6.0,IRRIGATE_IMMEDIATELY,Immediate,3.5
Cotton,Flowering,Black Soil,38.8,36.7,79.2,None,0.0,Drip Irrigation,None / Healthy,1.2,3.44,4.13,0.0,40.0,22.0,OPTIMAL_STANDBY,Low,0.0
Soybean,Flowering,Sandy Loam,10.6,29.7,69.2,Low,3.2,Drip Irrigation,None / Healthy,1.15,2.93,3.37,0.06,22.0,10.0,IRRIGATE_IMMEDIATELY,Immediate,4.23
Potato,Maturity,Black Soil,23.8,24.4,42.9,Low,1.9,Sprinkler (Overhead),None / Healthy,0.75,2.96,2.22,0.0,40.0,22.0,IRRIGATE_IMMEDIATELY,Immediate,3.5
Tomato,Flowering,Sandy,6.9,22.6,38.5,High,42.5,Drip Irrigation,None / Healthy,1.15,2.76,3.17,31.53,15.0,6.0,IRRIGATE_IMMEDIATELY,Immediate,4.12
Cotton,Fruiting,Black Soil,31.4,36.1,82.9,None,0.0,Sub-surface Drip,None / Healthy,0.85,3.33,2.83,0.0,40.0,22.0,MAINTENANCE_DRIP,Normal,2.6
Rice,Vegetative,Loamy,10.0,34.9,39.3,None,0.0,Sub-surface Drip,None / Healthy,1.15,5.02,5.77,0.0,28.0,14.0,IRRIGATE_IMMEDIATELY,Immediate,7.0
Corn,Seedling,Sandy,15.2,25.4,60.0,Low,3.4,Drip Irrigation,Tomato Yellow Leaf Curl Virus,0.4,2.63,1.05,0.25,15.0,6.0,OPTIMAL_STANDBY,Low,0.0
Soybean,Seedling,Black Soil,30.5,38.3,45.0,Moderate,9.8,Flood / Surface,Potato Late Blight,0.4,5.4,2.16,5.33,40.0,22.0,DELAY_RAIN_EXPECTED,Moderate,0.0
Tomato,Seedling,Clay Loam,35.2,30.7,40.0,Low,3.1,Sprinkler (Overhead),None / Healthy,0.6,4.19,2.51,0.0,34.0,18.0,OPTIMAL_STANDBY,Low,0.0
Rice,Flowering,Loamy,22.4,23.6,65.6,Low,4.7,Flood / Surface,Tomato Early Blight,1.25,2.22,2.78,1.26,28.0,14.0,MAINTENANCE_DRIP,Normal,2.8
Cotton,Seedling,Sandy Loam,23.9,14.5,66.6,Low,5.4,Sprinkler (Overhead),None / Healthy,0.45,2.0,0.9,1.82,22.0,10.0,OPTIMAL_STANDBY,Low,0.0
Cotton,Maturity,Black Soil,19.5,40.7,37.9,None,0.0,Drip Irrigation,Tomato Target Spot,0.55,6.27,3.45,0.0,40.0,22.0,IRRIGATE_IMMEDIATELY,Immediate,4.18
Wheat,Flowering,Black Soil,24.3,31.6,94.2,High,25.9,Drip Irrigation,None / Healthy,1.15,2.78,3.2,18.19,40.0,22.0,IRRIGATE_IMMEDIATELY,Immediate,4.16
Sugarcane,Flowering,Loamy,23.4,37.1,45.6,Low,2.2,Drip Irrigation,Tomato Yellow Leaf Curl Virus,1.25,5.16,6.45,0.0,28.0,14.0,MAINTENANCE_DRIP,Normal,5.5
Tomato,Flowering,Sandy Loam,13.7,30.9,90.3,Low,3.8,Flood / Surface,Pepper Bell Bacterial Spot,1.15,2.68,3.08,0.54,22.0,10.0,IRRIGATE_IMMEDIATELY,Immediate,3.85
Sugarcane,Maturity,Sandy,12.3,37.1,45.6,None,0.0,Sprinkler (Overhead),None / Healthy,0.7,5.14,3.6,0.0,15.0,6.0,MAINTENANCE_DRIP,Normal,3.32
Corn,Seedling,Clay Loam,24.4,23.8,72.4,None,0.0,Drip Irrigation,None / Healthy,0.4,2.06,0.82,0.0,34.0,18.0,IRRIGATE_IMMEDIATELY,Immediate,3.5
Potato,Fruiting,Loamy,27.8,28.5,69.2,Low,6.0,Flood / Surface,None / Healthy,1.15,2.78,3.2,2.28,28.0,14.0,OPTIMAL_STANDBY,Low,0.0
Cotton,Vegetative,Clay Loam,27.8,15.9,85.9,None,0.0,Drip Irrigation,Pepper Bell Bacterial Spot,0.75,2.0,1.5,0.0,34.0,18.0,MAINTENANCE_DRIP,Normal,1.65
Cotton,Maturity,Sandy Loam,11.6,15.6,80.6,None,0.0,Flood / Surface,Tomato Septoria Leaf Spot,0.55,2.0,1.1,0.0,22.0,10.0,IRRIGATE_IMMEDIATELY,Immediate,3.5
Wheat,Flowering,Black Soil,19.4,29.8,36.4,Moderate,13.7,Sprinkler (Overhead),Potato Late Blight,1.15,4.16,4.78,8.48,40.0,22.0,SUSPEND_OVERHEAD_BLIGHT,Immediate,0.0
Soybean,Seedling,Clay Loam,23.2,31.7,48.4,Moderate,9.4,Sprinkler (Overhead),Pepper Bell Bacterial Spot,0.4,4.05,1.62,5.02,34.0,18.0,SUSPEND_OVERHEAD_BLIGHT,Immediate,0.0
Tomato,Flowering,Black Soil,33.6,28.3,56.2,High,35.4,Drip Irrigation,Tomato Early Blight,1.15,3.2,3.68,25.85,40.0,22.0,DELAY_RAIN_EXPECTED,Low,0.0
Soybean,Maturity,Sandy,11.2,21.2,59.1,High,21.6,Drip Irrigation,Tomato Septoria Leaf Spot,0.5,2.05,1.02,14.8,15.0,6.0,DELAY_RAIN_EXPECTED,Low,0.0
Sugarcane,Fruiting,Sandy Loam,15.8,23.9,47.5,None,0.0,Drip Irrigation,Tomato Septoria Leaf Spot,1.25,2.76,3.45,0.0,22.0,10.0,MAINTENANCE_DRIP,Normal,3.45
Tomato,Fruiting,Sandy Loam,10.6,41.6,43.7,Low,4.0,Drip Irrigation,None / Healthy,1.2,6.12,7.34,0.72,22.0,10.0,IRRIGATE_IMMEDIATELY,Immediate,7.0
Pepper Bell,Vegetative,Sandy Loam,18.4,16.7,74.7,Low,2.4,Flood / Surface,None / Healthy,0.8,2.0,1.6,0.0,22.0,10.0,MAINTENANCE_DRIP,Normal,1.65
Soybean,Seedling,Loamy,24.6,21.1,49.9,Low,3.5,Sub-surface Drip,None / Healthy,0.4,2.24,0.9,0.32,28.0,14.0,MAINTENANCE_DRIP,Normal,1.5
Tomato,Vegetative,Sandy Loam,9.9,26.2,50.9,None,0.0,Drip Irrigation,None / Healthy,0.85,3.03,2.58,0.0,22.0,10.0,IRRIGATE_IMMEDIATELY,Immediate,3.58
Rice,Seedling,Sandy,13.5,27.8,20.1,None,0.0,Drip Irrigation,Potato Late Blight,1.05,4.32,4.54,0.0,15.0,6.0,OPTIMAL_STANDBY,Low,0.0
Sugarcane,Fruiting,Clay Loam,29.2,29.8,46.8,Moderate,11.1,Sub-surface Drip,Tomato Yellow Leaf Curl Virus,1.25,3.77,4.71,6.38,34.0,18.0,DELAY_RAIN_EXPECTED,Moderate,0.0
Wheat,Seedling,Clay Loam,30.7,21.0,34.6,Moderate,10.8,Sprinkler (Overhead),None / Healthy,0.4,2.57,1.03,6.1,34.0,18.0,OPTIMAL_STANDBY,Low,0.0
Cotton,Vegetative,Sandy,11.8,33.3,82.8,None,0.0,Drip Irrigation,None / Healthy,0.75,2.98,2.23,0.0,15.0,6.0,MAINTENANCE_DRIP,Normal,1.8
Pepper Bell,Maturity,Clay Loam,26.0,16.1,47.8,None,0.0,Sprinkler (Overhead),Potato Late Blight,0.85,2.0,1.7,0.0,34.0,18.0,SUSPEND_OVERHEAD_BLIGHT,Immediate,0.0
Corn,Vegetative,Clay Loam,20.0,35.8,84.5,Moderate,7.1,Drip Irrigation,None / Healthy,0.85,3.29,2.8,3.15,34.0,18.0,IRRIGATE_IMMEDIATELY,Immediate,3.85
Sugarcane,Flowering,Sandy,19.1,31.9,88.3,None,0.0,Drip Irrigation,Tomato Early Blight,1.25,2.81,3.51,0.0,15.0,6.0,OPTIMAL_STANDBY,Low,0.0
Tomato,Seedling,Clay Loam,35.5,33.6,34.7,None,0.0,Drip Irrigation,None / Healthy,0.6,4.97,2.98,0.0,34.0,18.0,OPTIMAL_STANDBY,Low,0.0
Cotton,Maturity,Loamy,35.7,35.3,56.4,Moderate,14.0,Sprinkler (Overhead),None / Healthy,0.55,4.32,2.38,8.71,28.0,14.0,DELAY_RAIN_EXPECTED,Low,0.0
Sugarcane,Seedling,Sandy,15.5,17.2,62.2,None,0.0,Drip Irrigation,None / Healthy,0.45,2.0,0.9,0.0,15.0,6.0,OPTIMAL_STANDBY,Low,0.0
Rice,Fruiting,Black Soil,38.7,29.0,80.6,None,0.0,Drip Irrigation,None / Healthy,1.2,2.47,2.96,0.0,40.0,22.0,OPTIMAL_STANDBY,Low,0.0
Sugarcane,Vegetative,Black Soil,34.3,39.1,30.7,None,0.0,Sub-surface Drip,None / Healthy,0.85,6.32,5.37,0.0,40.0,22.0,MAINTENANCE_DRIP,Normal,5.48
Corn,Flowering,Sandy Loam,18.7,28.5,86.4,High,30.0,Drip Irrigation,None / Healthy,1.2,2.4,2.88,21.46,22.0,10.0,DELAY_RAIN_EXPECTED,Low,0.0
Soybean,Maturity,Sandy Loam,22.3,18.6,30.2,High,30.9,Drip Irrigation,Tomato Yellow Leaf Curl Virus,0.5,2.21,1.1,22.22,22.0,10.0,DELAY_RAIN_EXPECTED,Low,0.0
Sugarcane,Flowering,Sandy Loam,18.3,22.6,23.2,None,0.0,Drip Irrigation,None / Healthy,1.25,3.14,3.93,0.0,22.0,10.0,MAINTENANCE_DRIP,Normal,3.86
Corn,Seedling,Loamy,27.0,41.1,22.9,None,0.0,Sprinkler (Overhead),None / Healthy,0.4,7.21,2.88,0.0,28.0,14.0,OPTIMAL_STANDBY,Low,0.0
Corn,Fruiting,Clay Loam,26.2,31.7,81.0,High,22.8,Drip Irrigation,None / Healthy,1.1,2.78,3.06,15.73,34.0,18.0,DELAY_RAIN_EXPECTED,Low,0.0
Wheat,Vegetative,Loamy,21.6,33.2,66.7,None,0.0,Drip Irrigation,None / Healthy,0.75,3.54,2.66,0.0,28.0,14.0,MAINTENANCE_DRIP,Normal,2.61
Soybean,Vegetative,Loamy,24.5,19.9,20.9,None,0.0,Drip Irrigation,Tomato Early Blight,0.7,2.64,1.85,0.0,28.0,14.0,MAINTENANCE_DRIP,Normal,1.85
Potato,Vegetative,Black Soil,32.3,22.4,25.9,None,0.0,Drip Irrigation,Tomato Early Blight,0.8,3.04,2.43,0.0,40.0,22.0,MAINTENANCE_DRIP,Normal,2.3
Pepper Bell,Maturity,Clay Loam,29.7,21.5,32.8,Low,4.8,Sprinkler (Overhead),None / Healthy,0.85,2.69,2.29,1.32,34.0,18.0,MAINTENANCE_DRIP,Normal,2.18
Cotton,Maturity,Black Soil,29.5,21.5,91.0,Low,2.6,Flood / Surface,None / Healthy,0.55,2.0,1.1,0.0,40.0,22.0,IRRIGATE_IMMEDIATELY,Immediate,3.5
Potato,Maturity,Clay Loam,23.7,41.7,25.9,Low,4.8,Drip Irrigation,Tomato Septoria Leaf Spot,0.75,7.17,5.38,1.31,34.0,18.0,IRRIGATE_IMMEDIATELY,Immediate,7.0
Corn,Vegetative,Sandy Loam,18.6,30.7,22.5,None,0.0,Drip Irrigation,None / Healthy,0.85,4.86,4.13,0.0,22.0,10.0,MAINTENANCE_DRIP,Normal,3.94
Rice,Vegetative,Sandy,11.5,28.0,58.7,Moderate,9.5,Flood / Surface,Tomato Yellow Leaf Curl Virus,1.15,3.06,3.52,5.08,15.0,6.0,DELAY_RAIN_EXPECTED,Moderate,0.0
Cotton,Maturity,Sandy Loam,27.2,15.3,57.7,Low,4.8,Flood / Surface,Tomato Septoria Leaf Spot,0.55,2.0,1.1,1.37,22.0,10.0,OPTIMAL_STANDBY,Low,0.0
Pepper Bell,Seedling,Sandy Loam,17.0,31.7,92.9,Low,5.3,Drip Irrigation,Tomato Yellow Leaf Curl Virus,0.6,2.78,1.67,1.76,22.0,10.0,MAINTENANCE_DRIP,Normal,1.64
Soybean,Maturity,Black Soil,23.0,37.0,78.3,Low,5.2,Flood / Surface,None / Healthy,0.5,3.52,1.76,1.68,40.0,22.0,IRRIGATE_IMMEDIATELY,Immediate,3.5
Pepper Bell,Seedling,Sandy,12.4,22.5,49.2,Low,2.5,Drip Irrigation,Tomato Yellow Leaf Curl Virus,0.6,2.47,1.48,0.0,15.0,6.0,MAINTENANCE_DRIP,Normal,1.84
Cotton,Flowering,Black Soil,38.3,24.0,32.0,None,0.0,Sprinkler (Overhead),None / Healthy,1.2,3.18,3.82,0.0,40.0,22.0,OPTIMAL_STANDBY,Low,0.0
Tomato,Fruiting,Clay Loam,19.1,36.9,86.4,Low,4.1,Drip Irrigation,None / Healthy,1.2,3.43,4.12,0.8,34.0,18.0,IRRIGATE_IMMEDIATELY,Immediate,5.22
Cotton,Maturity,Sandy Loam,7.2,24.6,61.1,High,44.9,Sub-surface Drip,Tomato Septoria Leaf Spot,0.55,2.49,1.37,33.39,22.0,10.0,IRRIGATE_IMMEDIATELY,Immediate,3.5
Wheat,Seedling,Loamy,24.3,29.4,43.3,Low,2.9,Sprinkler (Overhead),None / Healthy,0.4,3.83,1.53,0.0,28.0,14.0,MAINTENANCE_DRIP,Normal,1.57
Cotton,Fruiting,Sandy,16.9,20.2,91.0,None,0.0,Sprinkler (Overhead),None / Healthy,0.85,2.0,1.7,0.0,15.0,6.0,OPTIMAL_STANDBY,Low,0.0
Sugarcane,Fruiting,Black Soil,35.5,40.4,71.9,None,0.0,Flood / Surface,Pepper Bell Bacterial Spot,1.25,4.33,5.41,0.0,40.0,22.0,MAINTENANCE_DRIP,Normal,5.5
Rice,Maturity,Clay Loam,25.3,40.5,54.7,None,0.0,Flood / Surface,Tomato Yellow Leaf Curl Virus,0.95,5.29,5.03,0.0,34.0,18.0,MAINTENANCE_DRIP,Normal,5.05
Corn,Maturity,Black Soil,20.0,18.9,86.2,None,0.0,Drip Irrigation,None / Healthy,0.6,2.0,1.2,0.0,40.0,22.0,IRRIGATE_IMMEDIATELY,Immediate,3.5
Pepper Bell,Seedling,Loamy,25.9,28.5,44.6,Low,4.3,Sprinkler (Overhead),None / Healthy,0.6,3.62,2.17,0.98,28.0,14.0,OPTIMAL_STANDBY,Low,0.0
Rice,Fruiting,Black Soil,20.4,27.4,68.4,None,0.0,Drip Irrigation,Tomato Early Blight,1.2,2.65,3.18,0.0,40.0,22.0,IRRIGATE_IMMEDIATELY,Immediate,3.79
Potato,Seedling,Black Soil,30.7,17.6,81.7,Moderate,16.1,Sprinkler (Overhead),Pepper Bell Bacterial Spot,0.5,2.0,1.0,10.36,40.0,22.0,SUSPEND_OVERHEAD_BLIGHT,Immediate,0.0
Tomato,Maturity,Black Soil,30.9,41.4,50.2,None,0.0,Sprinkler (Overhead),None / Healthy,0.8,5.72,4.58,0.0,40.0,22.0,MAINTENANCE_DRIP,Normal,4.76
Corn,Maturity,Sandy Loam,17.7,32.5,41.1,None,0.0,Drip Irrigation,Potato Late Blight,0.6,4.49,2.69,0.0,22.0,10.0,MAINTENANCE_DRIP,Normal,2.69
Pepper Bell,Fruiting,Loamy,13.2,32.6,50.7,Moderate,14.8,Sprinkler (Overhead),Tomato Yellow Leaf Curl Virus,1.1,4.11,4.52,9.35,28.0,14.0,IRRIGATE_IMMEDIATELY,Immediate,5.35
Tomato,Maturity,Black Soil,19.3,25.9,33.8,None,0.0,Sprinkler (Overhead),Tomato Target Spot,0.8,3.5,2.8,0.0,40.0,22.0,SUSPEND_OVERHEAD_BLIGHT,Immediate,0.0
Potato,Seedling,Clay Loam,19.9,37.1,29.7,Low,1.6,Drip Irrigation,Potato Late Blight,0.5,5.94,2.97,0.0,34.0,18.0,IRRIGATE_IMMEDIATELY,Immediate,3.72
Corn,Flowering,Black Soil,33.8,33.6,56.8,Low,2.2,Drip Irrigation,Potato Late Blight,1.2,4.02,4.82,0.0,40.0,22.0,MAINTENANCE_DRIP,Normal,4.57
Potato,Maturity,Sandy Loam,13.4,40.4,56.5,None,0.0,Drip Irrigation,Tomato Early Blight,0.75,5.18,3.88,0.0,22.0,10.0,IRRIGATE_IMMEDIATELY,Immediate,4.72
Pepper Bell,Flowering,Sandy,10.5,26.3,93.5,Low,4.3,Drip Irrigation,Tomato Early Blight,1.05,2.15,2.26,0.94,15.0,6.0,MAINTENANCE_DRIP,Normal,2.27
Wheat,Maturity,Sandy,9.0,32.5,91.7,Moderate,16.5,Sprinkler (Overhead),None / Healthy,0.35,2.88,1.01,10.71,15.0,6.0,IRRIGATE_IMMEDIATELY,Immediate,3.5
Corn,Vegetative,Loamy,19.7,30.7,28.8,High,40.8,Drip Irrigation,Pepper Bell Bacterial Spot,0.85,4.61,3.92,30.13,28.0,14.0,DELAY_RAIN_EXPECTED,Low,0.0
Rice,Seedling,Sandy Loam,22.0,23.8,86.9,Low,3.9,Sprinkler (Overhead),None / Healthy,1.05,2.0,2.1,0.61,22.0,10.0,OPTIMAL_STANDBY,Low,0.0
Potato,Vegetative,Sandy Loam,16.6,35.7,29.0,Moderate,8.7,Flood / Surface,None / Healthy,0.8,5.65,4.52,4.5,22.0,10.0,DELAY_RAIN_EXPECTED,Moderate,0.0
Rice,Vegetative,Clay Loam,22.8,30.3,25.6,Low,5.5,Flood / Surface,Potato Late Blight,1.15,4.66,5.36,1.91,34.0,18.0,IRRIGATE_IMMEDIATELY,Immediate,6.53
Corn,Fruiting,Black Soil,30.7,31.6,77.1,None,0.0,Sub-surface Drip,Tomato Target Spot,1.1,2.88,3.17,0.0,40.0,22.0,MAINTENANCE_DRIP,Normal,3.29
Cotton,Vegetative,Black Soil,37.2,32.4,93.9,None,0.0,Drip Irrigation,None / Healthy,0.75,2.86,2.15,0.0,40.0,22.0,OPTIMAL_STANDBY,Low,0.0
Pepper Bell,Vegetative,Sandy Loam,26.6,33.0,57.5,None,0.0,Drip Irrigation,None / Healthy,0.8,3.89,3.11,0.0,22.0,10.0,OPTIMAL_STANDBY,Low,0.0
Tomato,Fruiting,Clay Loam,23.2,40.3,49.3,Moderate,9.2,Drip Irrigation,Tomato Target Spot,1.2,5.56,6.67,4.9,34.0,18.0,IRRIGATE_IMMEDIATELY,Immediate,7.0
Wheat,Seedling,Clay Loam,29.3,41.1,77.7,None,0.0,Drip Irrigation,None / Healthy,0.4,4.1,1.64,0.0,34.0,18.0,MAINTENANCE_DRIP,Normal,1.66
Cotton,Seedling,Black Soil,33.0,32.9,69.5,None,0.0,Drip Irrigation,None / Healthy,0.45,3.37,1.52,0.0,40.0,22.0,MAINTENANCE_DRIP,Normal,1.69
Wheat,Fruiting,Black Soil,31.8,35.2,39.2,None,0.0,Flood / Surface,None / Healthy,0.85,5.09,4.33,0.0,40.0,22.0,MAINTENANCE_DRIP,Normal,4.31
Wheat,Seedling,Clay Loam,23.5,16.7,62.9,None,0.0,Drip Irrigation,None / Healthy,0.4,2.0,0.8,0.0,34.0,18.0,IRRIGATE_IMMEDIATELY,Immediate,3.5
Potato,Flowering,Clay Loam,26.9,18.4,54.9,None,0.0,Sprinkler (Overhead),Tomato Early Blight,1.15,2.0,2.3,0.0,34.0,18.0,SUSPEND_OVERHEAD_BLIGHT,Immediate,0.0
Potato,Flowering,Sandy,15.2,32.7,35.3,None,0.0,Flood / Surface,None / Healthy,1.15,4.76,5.47,0.0,15.0,6.0,OPTIMAL_STANDBY,Low,0.0
Potato,Fruiting,Black Soil,40.5,38.8,22.8,High,29.4,Sub-surface Drip,None / Healthy,1.15,6.67,7.67,21.03,40.0,22.0,DELAY_RAIN_EXPECTED,Low,0.0
Corn,Vegetative,Black Soil,40.0,25.9,34.7,Low,2.7,Flood / Surface,None / Healthy,0.85,3.46,2.94,0.0,40.0,22.0,OPTIMAL_STANDBY,Low,0.0
Pepper Bell,Seedling,Sandy,10.7,17.4,71.1,High,22.4,Drip Irrigation,None / Healthy,0.6,2.0,1.2,15.38,15.0,6.0,DELAY_RAIN_EXPECTED,Low,0.0
Wheat,Maturity,Clay Loam,28.7,26.7,86.5,None,0.0,Sprinkler (Overhead),Pepper Bell Bacterial Spot,0.35,2.2,0.77,0.0,34.0,18.0,SUSPEND_OVERHEAD_BLIGHT,Immediate,0.0
Corn,Flowering,Sandy Loam,21.1,29.9,52.6,None,0.0,Flood / Surface,None / Healthy,1.2,3.58,4.3,0.0,22.0,10.0,OPTIMAL_STANDBY,Low,0.0
Potato,Seedling,Black Soil,20.2,35.0,22.6,Moderate,9.3,Flood / Surface,None / Healthy,0.5,5.8,2.9,4.91,40.0,22.0,IRRIGATE_IMMEDIATELY,Immediate,3.63
Wheat,Maturity,Black Soil,20.0,14.9,68.8,Low,3.0,Drip Irrigation,None / Healthy,0.35,2.0,0.7,0.0,40.0,22.0,IRRIGATE_IMMEDIATELY,Immediate,3.5
Wheat,Fruiting,Loamy,40.5,33.5,60.6,Moderate,13.1,Flood / Surface,None / Healthy,0.85,3.83,3.26,7.95,28.0,14.0,OPTIMAL_STANDBY,Low,0.0
Rice,Seedling,Sandy,4.0,29.3,57.7,None,0.0,Flood / Surface,None / Healthy,1.05,3.3,3.46,0.0,15.0,6.0,IRRIGATE_IMMEDIATELY,Immediate,4.32
Wheat,Flowering,Black Soil,38.8,28.7,24.9,None,0.0,Sub-surface Drip,None / Healthy,1.15,4.34,4.99,0.0,40.0,22.0,OPTIMAL_STANDBY,Low,0.0
Wheat,Seedling,Sandy,5.9,16.1,28.6,None,0.0,Drip Irrigation,None / Healthy,0.4,2.0,0.8,0.0,15.0,6.0,IRRIGATE_IMMEDIATELY,Immediate,3.5
Cotton,Flowering,Sandy,9.5,34.7,27.1,None,0.0,Drip Irrigation,None / Healthy,1.2,5.54,6.65,0.0,15.0,6.0,IRRIGATE_IMMEDIATELY,Immediate,7.0
Rice,Maturity,Sandy Loam,17.8,31.8,46.3,Moderate,14.6,Sprinkler (Overhead),None / Healthy,0.95,4.15,3.94,9.2,22.0,10.0,DELAY_RAIN_EXPECTED,Low,0.0
Corn,Seedling,Black Soil,43.1,36.1,80.8,None,0.0,Drip Irrigation,None / Healthy,0.4,3.32,1.33,0.0,40.0,22.0,OPTIMAL_STANDBY,Low,0.0
Sugarcane,Vegetative,Loamy,23.5,25.1,85.7,High,19.9,Drip Irrigation,None / Healthy,0.85,2.01,1.71,13.38,28.0,14.0,DELAY_RAIN_EXPECTED,Low,0.0
Soybean,Fruiting,Sandy Loam,20.9,17.8,46.7,Low,2.6,Flood / Surface,None / Healthy,1.05,2.0,2.1,0.0,22.0,10.0,OPTIMAL_STANDBY,Low,0.0
Sugarcane,Vegetative,Sandy Loam,8.2,39.1,25.1,None,0.0,Drip Irrigation,Tomato Target Spot,0.85,6.61,5.62,0.0,22.0,10.0,IRRIGATE_IMMEDIATELY,Immediate,6.84
Potato,Flowering,Clay Loam,32.4,33.2,73.1,None,0.0,Flood / Surface,Potato Late Blight,1.15,3.25,3.74,0.0,34.0,18.0,OPTIMAL_STANDBY,Low,0.0
Corn,Fruiting,Black Soil,32.0,16.3,31.9,Low,5.3,Sprinkler (Overhead),Tomato Early Blight,1.1,2.0,2.2,1.77,40.0,22.0,SUSPEND_OVERHEAD_BLIGHT,Immediate,0.0
Pepper Bell,Maturity,Clay Loam,28.6,15.8,43.8,None,0.0,Sprinkler (Overhead),None / Healthy,0.85,2.0,1.7,0.0,34.0,18.0,MAINTENANCE_DRIP,Normal,1.51
Rice,Vegetative,Clay Loam,18.6,16.3,80.8,None,0.0,Drip Irrigation,None / Healthy,1.15,2.0,2.3,0.0,34.0,18.0,IRRIGATE_IMMEDIATELY,Immediate,3.5
Potato,Maturity,Sandy Loam,22.6,15.2,35.8,None,0.0,Drip Irrigation,Pepper Bell Bacterial Spot,0.75,2.0,1.5,0.0,22.0,10.0,OPTIMAL_STANDBY,Low,0.0
Wheat,Fruiting,Clay Loam,15.7,34.4,70.1,None,0.0,Flood / Surface,Tomato Target Spot,0.85,3.56,3.03,0.0,34.0,18.0,IRRIGATE_IMMEDIATELY,Immediate,3.92
Potato,Flowering,Clay Loam,25.4,14.8,58.8,None,0.0,Drip Irrigation,Tomato Yellow Leaf Curl Virus,1.15,2.0,2.3,0.0,34.0,18.0,MAINTENANCE_DRIP,Normal,2.33
Cotton,Vegetative,Black Soil,31.0,28.4,65.5,Moderate,12.2,Flood / Surface,Potato Late Blight,0.75,2.89,2.17,7.26,40.0,22.0,DELAY_RAIN_EXPECTED,Moderate,0.0
Corn,Flowering,Sandy,14.7,21.6,86.2,None,0.0,Flood / Surface,None / Healthy,1.2,2.0,2.4,0.0,15.0,6.0,OPTIMAL_STANDBY,Low,0.0
Tomato,Fruiting,Loamy,22.7,29.7,75.7,Low,5.5,Sprinkler (Overhead),None / Healthy,1.2,2.7,3.24,1.91,28.0,14.0,MAINTENANCE_DRIP,Normal,3.23
Cotton,Flowering,Sandy,6.4,19.9,43.8,Low,3.3,Flood / Surface,Tomato Target Spot,1.2,2.18,2.62,0.18,15.0,6.0,IRRIGATE_IMMEDIATELY,Immediate,3.5
Tomato,Maturity,Sandy Loam,20.5,30.6,38.8,Low,5.4,Sprinkler (Overhead),None / Healthy,0.8,4.21,3.37,1.86,22.0,10.0,OPTIMAL_STANDBY,Low,0.0
Tomato,Flowering,Black Soil,34.3,37.9,75.6,None,0.0,Drip Irrigation,None / Healthy,1.15,3.77,4.34,0.0,40.0,22.0,MAINTENANCE_DRIP,Normal,4.4
Wheat,Vegetative,Clay Loam,18.8,14.2,58.9,Moderate,10.4,Drip Irrigation,None / Healthy,0.75,2.0,1.5,5.83,34.0,18.0,IRRIGATE_IMMEDIATELY,Immediate,3.5
Sugarcane,Flowering,Black Soil,40.6,32.4,21.2,High,26.8,Drip Irrigation,None / Healthy,1.25,5.28,6.6,18.97,40.0,22.0,DELAY_RAIN_EXPECTED,Low,0.0
Wheat,Vegetative,Black Soil,24.4,41.9,73.2,None,0.0,Sprinkler (Overhead),None / Healthy,0.75,4.48,3.36,0.0,40.0,22.0,IRRIGATE_IMMEDIATELY,Immediate,4.13
Tomato,Fruiting,Loamy,14.5,41.1,56.3,None,0.0,Drip Irrigation,None / Healthy,1.2,5.31,6.37,0.0,28.0,14.0,IRRIGATE_IMMEDIATELY,Immediate,7.0
Tomato,Fruiting,Loamy,16.2,29.9,63.9,None,0.0,Sprinkler (Overhead),Tomato Target Spot,1.2,3.15,3.78,0.0,28.0,14.0,SUSPEND_OVERHEAD_BLIGHT,Immediate,0.0
Wheat,Seedling,Sandy,11.8,27.6,37.0,Low,5.4,Flood / Surface,None / Healthy,0.4,3.71,1.48,1.83,15.0,6.0,MAINTENANCE_DRIP,Normal,1.5
Tomato,Vegetative,Sandy,16.4,38.8,66.4,Moderate,7.2,Sprinkler (Overhead),None / Healthy,0.85,4.38,3.72,3.29,15.0,6.0,OPTIMAL_STANDBY,Low,0.0
Cotton,Seedling,Sandy,4.0,18.6,39.8,None,0.0,Flood / Surface,None / Healthy,0.45,2.04,0.92,0.0,15.0,6.0,IRRIGATE_IMMEDIATELY,Immediate,3.5
Soybean,Flowering,Sandy Loam,18.8,30.4,91.0,None,0.0,Drip Irrigation,Tomato Target Spot,1.15,2.63,3.02,0.0,22.0,10.0,MAINTENANCE_DRIP,Normal,3.14
Corn,Maturity,Sandy Loam,22.3,20.0,65.6,None,0.0,Drip Irrigation,None / Healthy,0.6,2.0,1.2,0.0,22.0,10.0,OPTIMAL_STANDBY,Low,0.0
Tomato,Vegetative,Loamy,14.7,17.0,94.1,Moderate,7.9,Sprinkler (Overhead),Tomato Early Blight,0.85,2.0,1.7,3.86,28.0,14.0,SUSPEND_OVERHEAD_BLIGHT,Immediate,0.0
Tomato,Fruiting,Black Soil,41.5,29.3,25.9,None,0.0,Sprinkler (Overhead),None / Healthy,1.2,4.42,5.3,0.0,40.0,22.0,OPTIMAL_STANDBY,Low,0.0
Wheat,Seedling,Loamy,29.5,17.8,23.9,None,0.0,Drip Irrigation,None / Healthy,0.4,2.16,0.86,0.0,28.0,14.0,OPTIMAL_STANDBY,Low,0.0
Pepper Bell,Fruiting,Loamy,10.5,24.8,26.1,Low,6.0,Drip Irrigation,None / Healthy,1.1,3.49,3.84,2.28,28.0,14.0,IRRIGATE_IMMEDIATELY,Immediate,4.83
Soybean,Seedling,Loamy,31.4,17.9,68.7,None,0.0,Drip Irrigation,Pepper Bell Bacterial Spot,0.4,2.0,0.8,0.0,28.0,14.0,OPTIMAL_STANDBY,Low,0.0
Wheat,Seedling,Sandy,10.7,35.2,43.1,None,0.0,Sprinkler (Overhead),None / Healthy,0.4,4.91,1.96,0.0,15.0,6.0,MAINTENANCE_DRIP,Normal,2.05
Wheat,Seedling,Loamy,37.9,16.2,48.7,Low,2.9,Sub-surface Drip,None / Healthy,0.4,2.0,0.8,0.0,28.0,14.0,OPTIMAL_STANDBY,Low,0.0
Potato,Fruiting,Sandy Loam,11.6,18.3,52.9,None,0.0,Drip Irrigation,None / Healthy,1.15,2.0,2.3,0.0,22.0,10.0,IRRIGATE_IMMEDIATELY,Immediate,3.5
Potato,Fruiting,Sandy Loam,11.9,14.9,89.2,High,31.5,Drip Irrigation,Tomato Target Spot,1.15,2.0,2.3,22.67,22.0,10.0,IRRIGATE_IMMEDIATELY,Immediate,3.5
Potato,Flowering,Loamy,28.7,29.1,49.5,Moderate,10.9,Sprinkler (Overhead),None / Healthy,1.15,3.56,4.09,6.26,28.0,14.0,OPTIMAL_STANDBY,Low,0.0
Potato,Seedling,Black Soil,33.8,33.3,94.5,Low,5.5,Sprinkler (Overhead),Tomato Septoria Leaf Spot,0.5,2.98,1.49,1.92,40.0,22.0,SUSPEND_OVERHEAD_BLIGHT,Immediate,0.0
Rice,Maturity,Black Soil,38.6,38.4,41.6,None,0.0,Sprinkler (Overhead),Tomato Septoria Leaf Spot,0.95,5.6,5.32,0.0,40.0,22.0,SUSPEND_OVERHEAD_BLIGHT,Immediate,0.0
Rice,Flowering,Clay Loam,37.7,36.5,77.0,Moderate,15.4,Drip Irrigation,None / Healthy,1.25,3.52,4.4,9.84,34.0,18.0,DELAY_RAIN_EXPECTED,Low,0.0
Corn,Fruiting,Sandy Loam,13.1,34.7,24.6,Moderate,12.9,Sprinkler (Overhead),Potato Late Blight,1.1,5.64,6.2,7.84,22.0,10.0,SUSPEND_OVERHEAD_BLIGHT,Immediate,0.0
Cotton,Flowering,Loamy,20.5,31.0,84.6,None,0.0,Flood / Surface,None / Healthy,1.2,2.7,3.24,0.0,28.0,14.0,MAINTENANCE_DRIP,Normal,3.25
Sugarcane,Seedling,Sandy Loam,26.1,29.3,23.6,None,0.0,Sprinkler (Overhead),None / Healthy,0.45,4.51,2.03,0.0,22.0,10.0,OPTIMAL_STANDBY,Low,0.0
Sugarcane,Fruiting,Black Soil,33.6,30.3,81.3,None,0.0,Drip Irrigation,Tomato Target Spot,1.25,2.62,3.28,0.0,40.0,22.0,MAINTENANCE_DRIP,Normal,3.43
Sugarcane,Vegetative,Loamy,24.3,17.7,75.2,None,0.0,Drip Irrigation,None / Healthy,0.85,2.0,1.7,0.0,28.0,14.0,MAINTENANCE_DRIP,Normal,1.78
Sugarcane,Vegetative,Clay Loam,27.6,15.5,77.2,None,0.0,Sub-surface Drip,None / Healthy,0.85,2.0,1.7,0.0,34.0,18.0,MAINTENANCE_DRIP,Normal,1.76
Wheat,Fruiting,Sandy,12.9,32.6,58.2,None,0.0,Sub-surface Drip,Tomato Target Spot,0.85,3.79,3.22,0.0,15.0,6.0,MAINTENANCE_DRIP,Normal,3.38
Pepper Bell,Maturity,Clay Loam,32.5,39.6,29.4,Moderate,17.5,Flood / Surface,Potato Late Blight,0.85,6.51,5.53,11.48,34.0,18.0,DELAY_RAIN_EXPECTED,Low,0.0
Rice,Fruiting,Clay Loam,35.6,40.0,64.5,Moderate,16.3,Sub-surface Drip,None / Healthy,1.2,4.67,5.6,10.58,34.0,18.0,DELAY_RAIN_EXPECTED,Low,0.0
Rice,Fruiting,Loamy,12.5,37.4,43.9,Low,3.3,Sprinkler (Overhead),None / Healthy,1.2,5.3,6.36,0.15,28.0,14.0,IRRIGATE_IMMEDIATELY,Immediate,7.0
Soybean,Seedling,Loamy,29.9,26.9,70.4,Low,4.5,Drip Irrigation,None / Healthy,0.4,2.52,1.01,1.12,28.0,14.0,OPTIMAL_STANDBY,Low,0.0
Potato,Maturity,Sandy,15.8,32.8,92.5,None,0.0,Sub-surface Drip,None / Healthy,0.75,2.92,2.19,0.0,15.0,6.0,OPTIMAL_STANDBY,Low,0.0
Potato,Vegetative,Sandy,13.9,38.8,67.5,None,0.0,Drip Irrigation,None / Healthy,0.8,4.32,3.46,0.0,15.0,6.0,OPTIMAL_STANDBY,Low,0.0
Soybean,Maturity,Clay Loam,42.5,40.7,60.1,Moderate,10.9,Drip Irrigation,None / Healthy,0.5,5.03,2.52,6.24,34.0,18.0,OPTIMAL_STANDBY,Low,0.0
Pepper Bell,Fruiting,Clay Loam,15.7,17.1,81.0,Moderate,12.9,Drip Irrigation,None / Healthy,1.1,2.0,2.2,7.82,34.0,18.0,IRRIGATE_IMMEDIATELY,Immediate,3.5
Soybean,Fruiting,Sandy Loam,22.2,34.2,82.5,None,0.0,Flood / Surface,None / Healthy,1.05,3.09,3.24,0.0,22.0,10.0,OPTIMAL_STANDBY,Low,0.0
Soybean,Seedling,Sandy,14.2,39.6,76.5,None,0.0,Sprinkler (Overhead),None / Healthy,0.4,3.95,1.58,0.0,15.0,6.0,OPTIMAL_STANDBY,Low,0.0
Soybean,Seedling,Loamy,27.9,30.8,79.9,Low,5.9,Drip Irrigation,None / Healthy,0.4,2.68,1.07,2.21,28.0,14.0,OPTIMAL_STANDBY,Low,0.0
Rice,Fruiting,Black Soil,26.9,30.7,55.8,Moderate,10.4,Flood / Surface,None / Healthy,1.2,3.59,4.31,5.84,40.0,22.0,IRRIGATE_IMMEDIATELY,Immediate,5.2
Rice,Maturity,Sandy Loam,6.7,26.9,74.4,None,0.0,Drip Irrigation,None / Healthy,0.95,2.4,2.28,0.0,22.0,10.0,IRRIGATE_IMMEDIATELY,Immediate,3.5
Tomato,Seedling,Sandy,12.0,14.9,72.3,Moderate,12.9,Drip Irrigation,Tomato Early Blight,0.6,2.0,1.2,7.82,15.0,6.0,DELAY_RAIN_EXPECTED,Moderate,0.0
Cotton,Flowering,Sandy Loam,8.5,20.1,61.6,High,38.5,Drip Irrigation,None / Healthy,1.2,2.0,2.4,28.28,22.0,10.0,IRRIGATE_IMMEDIATELY,Immediate,3.5
Corn,Fruiting,Sandy,14.9,22.9,34.0,None,0.0,Flood / Surface,None / Healthy,1.1,2.93,3.22,0.0,15.0,6.0,OPTIMAL_STANDBY,Low,0.0
Pepper Bell,Seedling,Sandy Loam,14.1,41.2,94.2,Low,3.1,Drip Irrigation,None / Healthy,0.6,3.98,2.39,0.0,22.0,10.0,IRRIGATE_IMMEDIATELY,Immediate,3.5
Pepper Bell,Fruiting,Clay Loam,14.9,19.4,50.7,High,28.9,Drip Irrigation,Tomato Early Blight,1.1,2.0,2.2,20.6,34.0,18.0,IRRIGATE_IMMEDIATELY,Immediate,3.5
Corn,Maturity,Clay Loam,28.1,29.8,53.9,None,0.0,Drip Irrigation,None / Healthy,0.6,3.51,2.11,0.0,34.0,18.0,MAINTENANCE_DRIP,Normal,1.98
Sugarcane,Fruiting,Clay Loam,14.3,38.6,87.9,Low,1.2,Flood / Surface,None / Healthy,1.25,3.64,4.55,0.0,34.0,18.0,IRRIGATE_IMMEDIATELY,Immediate,5.41
Rice,Fruiting,Sandy Loam,35.0,37.6,45.9,Moderate,10.8,Flood / Surface,None / Healthy,1.2,5.23,6.28,6.12,22.0,10.0,OPTIMAL_STANDBY,Low,0.0
Soybean,Maturity,Clay Loam,26.8,39.5,54.9,None,0.0,Flood / Surface,None / Healthy,0.5,5.11,2.56,0.0,34.0,18.0,MAINTENANCE_DRIP,Normal,2.62
Pepper Bell,Maturity,Sandy Loam,12.9,18.2,70.0,None,0.0,Drip Irrigation,None / Healthy,0.85,2.0,1.7,0.0,22.0,10.0,IRRIGATE_IMMEDIATELY,Immediate,3.5
Wheat,Seedling,Sandy Loam,14.8,27.5,30.1,Moderate,15.6,Sprinkler (Overhead),None / Healthy,0.4,3.91,1.56,10.01,22.0,10.0,DELAY_RAIN_EXPECTED,Low,0.0
Soybean,Maturity,Black Soil,34.3,21.8,47.7,None,0.0,Sprinkler (Overhead),None / Healthy,0.5,2.39,1.2,0.0,40.0,22.0,MAINTENANCE_DRIP,Normal,1.5
Pepper Bell,Maturity,Sandy,11.5,22.6,63.1,None,0.0,Sprinkler (Overhead),Tomato Yellow Leaf Curl Virus,0.85,2.15,1.83,0.0,15.0,6.0,MAINTENANCE_DRIP,Normal,1.86
Soybean,Seedling,Sandy,25.6,27.8,89.3,High,23.4,Drip Irrigation,None / Healthy,0.4,2.32,0.93,16.22,15.0,6.0,DELAY_RAIN_EXPECTED,Low,0.0
Pepper Bell,Vegetative,Clay Loam,14.9,23.6,82.0,None,0.0,Sprinkler (Overhead),Tomato Early Blight,0.8,2.0,1.6,0.0,34.0,18.0,SUSPEND_OVERHEAD_BLIGHT,Immediate,0.0
Rice,Seedling,Sandy Loam,23.6,37.6,79.4,None,0.0,Sub-surface Drip,None / Healthy,1.05,3.54,3.72,0.0,22.0,10.0,OPTIMAL_STANDBY,Low,0.0
Tomato,Seedling,Sandy,13.7,30.4,72.4,High,37.5,Drip Irrigation,None / Healthy,0.6,2.91,1.75,27.47,15.0,6.0,DELAY_RAIN_EXPECTED,Low,0.0
Sugarcane,Seedling,Sandy,11.0,21.4,24.5,Low,3.7,Flood / Surface,None / Healthy,0.45,2.88,1.3,0.48,15.0,6.0,MAINTENANCE_DRIP,Normal,1.5
Rice,Fruiting,Sandy Loam,13.8,37.5,73.9,Low,3.5,Sprinkler (Overhead),None / Healthy,1.2,3.81,4.57,0.3,22.0,10.0,IRRIGATE_IMMEDIATELY,Immediate,5.83
Cotton,Vegetative,Black Soil,52.8,21.4,91.7,Low,1.1,Sub-surface Drip,None / Healthy,0.75,2.0,1.5,0.0,40.0,22.0,OPTIMAL_STANDBY,Low,0.0
Pepper Bell,Flowering,Sandy,10.7,38.5,42.2,None,0.0,Sprinkler (Overhead),None / Healthy,1.05,5.59,5.87,0.0,15.0,6.0,MAINTENANCE_DRIP,Normal,5.5
Wheat,Fruiting,Loamy,24.7,32.7,91.9,None,0.0,Flood / Surface,None / Healthy,0.85,2.91,2.47,0.0,28.0,14.0,MAINTENANCE_DRIP,Normal,2.52
Potato,Flowering,Clay Loam,16.1,41.6,37.7,Moderate,10.7,Sprinkler (Overhead),None / Healthy,1.15,6.47,7.44,6.08,34.0,18.0,IRRIGATE_IMMEDIATELY,Immediate,7.0
Pepper Bell,Fruiting,Clay Loam,18.1,26.6,94.0,None,0.0,Sprinkler (Overhead),None / Healthy,1.1,2.18,2.4,0.0,34.0,18.0,IRRIGATE_IMMEDIATELY,Immediate,3.5
Pepper Bell,Seedling,Sandy,10.4,38.3,69.3,None,0.0,Drip Irrigation,None / Healthy,0.6,4.16,2.5,0.0,15.0,6.0,MAINTENANCE_DRIP,Normal,2.31
Potato,Seedling,Sandy,9.1,36.1,43.5,Low,3.5,Drip Irrigation,None / Healthy,0.5,5.05,2.52,0.32,15.0,6.0,IRRIGATE_IMMEDIATELY,Immediate,3.5
Sugarcane,Flowering,Loamy,21.3,41.0,32.8,Low,5.0,Drip Irrigation,None / Healthy,1.25,6.61,8.26,1.48,28.0,14.0,MAINTENANCE_DRIP,Normal,5.5
Pepper Bell,Flowering,Black Soil,40.5,16.9,24.9,Moderate,14.3,Drip Irrigation,Potato Late Blight,1.05,2.0,2.1,8.97,40.0,22.0,DELAY_RAIN_EXPECTED,Low,0.0
Potato,Fruiting,Clay Loam,38.6,29.8,62.3,Low,5.7,Sprinkler (Overhead),Tomato Septoria Leaf Spot,1.15,3.2,3.68,2.07,34.0,18.0,SUSPEND_OVERHEAD_BLIGHT,Immediate,0.0
Rice,Flowering,Black Soil,35.1,19.9,82.8,Low,5.2,Drip Irrigation,None / Healthy,1.25,2.0,2.5,1.68,40.0,22.0,MAINTENANCE_DRIP,Normal,2.42
Potato,Seedling,Sandy Loam,6.5,25.2,37.2,Low,5.1,Drip Irrigation,None / Healthy,0.5,3.26,1.63,1.61,22.0,10.0,IRRIGATE_IMMEDIATELY,Immediate,3.5
Rice,Flowering,Clay Loam,29.6,19.2,46.8,None,0.0,Flood / Surface,None / Healthy,1.25,2.0,2.5,0.0,34.0,18.0,MAINTENANCE_DRIP,Normal,2.39
Pepper Bell,Seedling,Sandy,16.6,41.6,91.1,None,0.0,Drip Irrigation,Tomato Yellow Leaf Curl Virus,0.6,4.04,2.42,0.0,15.0,6.0,OPTIMAL_STANDBY,Low,0.0
Tomato,Flowering,Black Soil,21.6,27.1,80.2,Low,5.6,Sub-surface Drip,Tomato Septoria Leaf Spot,1.15,2.24,2.58,1.96,40.0,22.0,IRRIGATE_IMMEDIATELY,Immediate,3.5
Soybean,Vegetative,Sandy,12.4,22.0,88.4,None,0.0,Drip Irrigation,Tomato Target Spot,0.7,2.0,1.4,0.0,15.0,6.0,MAINTENANCE_DRIP,Normal,1.53
Tomato,Vegetative,Sandy Loam,15.9,23.6,53.1,None,0.0,Sprinkler (Overhead),Tomato Septoria Leaf Spot,0.85,2.55,2.17,0.0,22.0,10.0,SUSPEND_OVERHEAD_BLIGHT,Immediate,0.0
Soybean,Vegetative,Sandy,10.1,15.9,82.3,None,0.0,Sprinkler (Overhead),None / Healthy,0.7,2.0,1.4,0.0,15.0,6.0,MAINTENANCE_DRIP,Normal,1.5
Sugarcane,Fruiting,Sandy,5.6,34.2,82.3,High,34.7,Sprinkler (Overhead),None / Healthy,1.25,3.09,3.86,25.28,15.0,6.0,IRRIGATE_IMMEDIATELY,Immediate,4.76
Tomato,Fruiting,Black Soil,20.7,35.2,79.9,None,0.0,Drip Irrigation,None / Healthy,1.2,3.21,3.85,0.0,40.0,22.0,IRRIGATE_IMMEDIATELY,Immediate,4.52
Tomato,Vegetative,Black Soil,29.3,24.0,29.9,None,0.0,Drip Irrigation,None / Healthy,0.85,3.25,2.76,0.0,40.0,22.0,IRRIGATE_IMMEDIATELY,Immediate,3.5
Rice,Vegetative,Clay Loam,19.2,19.3,57.2,Moderate,8.6,Sub-surface Drip,None / Healthy,1.15,2.0,2.3,4.41,34.0,18.0,IRRIGATE_IMMEDIATELY,Immediate,3.5
Tomato,Flowering,Clay Loam,34.5,35.7,37.8,None,0.0,Drip Irrigation,Potato Late Blight,1.15,5.26,6.05,0.0,34.0,18.0,OPTIMAL_STANDBY,Low,0.0
Pepper Bell,Fruiting,Clay Loam,25.6,36.9,38.3,Low,2.2,Flood / Surface,None / Healthy,1.1,5.47,6.02,0.0,34.0,18.0,MAINTENANCE_DRIP,Normal,5.5
Potato,Vegetative,Black Soil,25.2,15.7,25.6,Moderate,13.0,Sub-surface Drip,None / Healthy,0.8,2.0,1.6,7.9,40.0,22.0,IRRIGATE_IMMEDIATELY,Immediate,3.5
Soybean,Seedling,Sandy,16.8,27.7,82.3,Low,1.7,Drip Irrigation,None / Healthy,0.4,2.32,0.93,0.0,15.0,6.0,OPTIMAL_STANDBY,Low,0.0
Corn,Seedling,Clay Loam,14.2,20.6,86.3,Low,2.5,Sprinkler (Overhead),Pepper Bell Bacterial Spot,0.4,2.0,0.8,0.0,34.0,18.0,SUSPEND_OVERHEAD_BLIGHT,Immediate,0.0
Wheat,Vegetative,Sandy Loam,6.3,40.4,63.4,None,0.0,Sprinkler (Overhead),Tomato Target Spot,0.75,4.8,3.6,0.0,22.0,10.0,SUSPEND_OVERHEAD_BLIGHT,Immediate,0.0
Soybean,Seedling,Sandy,16.0,27.7,92.3,None,0.0,Drip Irrigation,Potato Late Blight,0.4,2.31,0.92,0.0,15.0,6.0,OPTIMAL_STANDBY,Low,0.0
Pepper Bell,Maturity,Black Soil,22.3,31.9,65.2,Low,3.0,Sub-surface Drip,Potato Late Blight,0.85,3.41,2.9,0.0,40.0,22.0,IRRIGATE_IMMEDIATELY,Immediate,3.52
Rice,Vegetative,Loamy,15.7,19.8,50.7,None,0.0,Sub-surface Drip,None / Healthy,1.15,2.02,2.32,0.0,28.0,14.0,IRRIGATE_IMMEDIATELY,Immediate,3.5
Soybean,Maturity,Sandy Loam,28.2,36.3,89.3,None,0.0,Drip Irrigation,None / Healthy,0.5,3.35,1.68,0.0,22.0,10.0,OPTIMAL_STANDBY,Low,0.0
Rice,Fruiting,Sandy Loam,18.3,29.3,45.2,None,0.0,Flood / Surface,None / Healthy,1.2,3.75,4.5,0.0,22.0,10.0,MAINTENANCE_DRIP,Normal,4.67
Corn,Flowering,Sandy,14.3,14.0,63.5,None,0.0,Sprinkler (Overhead),Tomato Yellow Leaf Curl Virus,1.2,2.0,2.4,0.0,15.0,6.0,OPTIMAL_STANDBY,Low,0.0
Pepper Bell,Maturity,Sandy,4.0,20.3,23.1,None,0.0,Flood / Surface,None / Healthy,0.85,2.68,2.28,0.0,15.0,6.0,IRRIGATE_IMMEDIATELY,Immediate,3.5
Wheat,Fruiting,Clay Loam,33.3,35.4,31.8,None,0.0,Flood / Surface,None / Healthy,0.85,5.46,4.64,0.0,34.0,18.0,OPTIMAL_STANDBY,Low,0.0
Rice,Fruiting,Sandy,12.7,20.0,55.6,Low,2.1,Drip Irrigation,None / Healthy,1.2,2.0,2.4,0.0,15.0,6.0,MAINTENANCE_DRIP,Normal,2.46
Tomato,Vegetative,Sandy Loam,9.4,31.8,68.1,Low,4.6,Sprinkler (Overhead),None / Healthy,0.85,3.27,2.78,1.22,22.0,10.0,IRRIGATE_IMMEDIATELY,Immediate,4.03
Rice,Flowering,Clay Loam,34.7,17.3,29.8,None,0.0,Drip Irrigation,None / Healthy,1.25,2.0,2.5,0.0,34.0,18.0,OPTIMAL_STANDBY,Low,0.0
Rice,Seedling,Sandy Loam,14.1,14.6,63.6,Low,2.2,Drip Irrigation,None / Healthy,1.05,2.0,2.1,0.0,22.0,10.0,IRRIGATE_IMMEDIATELY,Immediate,3.5
Wheat,Flowering,Sandy,16.2,24.5,66.0,Moderate,7.6,Flood / Surface,None / Healthy,1.15,2.33,2.68,3.61,15.0,6.0,OPTIMAL_STANDBY,Low,0.0
Soybean,Vegetative,Black Soil,38.6,25.9,43.8,Low,5.9,Drip Irrigation,Tomato Septoria Leaf Spot,0.7,3.2,2.24,2.2,40.0,22.0,OPTIMAL_STANDBY,Low,0.0
Soybean,Maturity,Clay Loam,25.4,39.5,57.3,Moderate,9.4,Flood / Surface,Tomato Early Blight,0.5,4.97,2.48,5.0,34.0,18.0,DELAY_RAIN_EXPECTED,Moderate,0.0
Cotton,Seedling,Loamy,36.1,25.6,38.0,High,40.9,Drip Irrigation,None / Healthy,0.45,3.31,1.49,30.24,28.0,14.0,DELAY_RAIN_EXPECTED,Low,0.0
Cotton,Flowering,Sandy,4.0,24.6,68.7,None,0.0,Sprinkler (Overhead),None / Healthy,1.2,2.27,2.72,0.0,15.0,6.0,IRRIGATE_IMMEDIATELY,Immediate,3.5
Cotton,Flowering,Loamy,19.6,21.4,85.9,Low,6.0,Sub-surface Drip,Pepper Bell Bacterial Spot,1.2,2.0,2.4,2.28,28.0,14.0,IRRIGATE_IMMEDIATELY,Immediate,3.5
Pepper Bell,Fruiting,Sandy,9.1,31.7,91.9,None,0.0,Drip Irrigation,Tomato Yellow Leaf Curl Virus,1.1,2.78,3.06,0.0,15.0,6.0,IRRIGATE_IMMEDIATELY,Immediate,4.02
Potato,Seedling,Sandy Loam,17.0,33.2,34.3,None,0.0,Drip Irrigation,None / Healthy,0.5,4.9,2.45,0.0,22.0,10.0,MAINTENANCE_DRIP,Normal,2.56
Soybean,Fruiting,Clay Loam,39.3,40.5,44.3,Moderate,13.5,Drip Irrigation,None / Healthy,1.05,5.87,6.16,8.3,34.0,18.0,DELAY_RAIN_EXPECTED,Low,0.0
Pepper Bell,Maturity,Black Soil,39.6,36.0,66.9,High,27.8,Drip Irrigation,None / Healthy,0.85,3.93,3.34,19.72,40.0,22.0,DELAY_RAIN_EXPECTED,Low,0.0
Corn,Seedling,Loamy,21.2,23.6,39.0,None,0.0,Sprinkler (Overhead),None / Healthy,0.4,2.93,1.17,0.0,28.0,14.0,MAINTENANCE_DRIP,Normal,1.5
Potato,Fruiting,Loamy,23.5,14.1,53.8,Low,5.4,Sub-surface Drip,None / Healthy,1.15,2.0,2.3,1.78,28.0,14.0,MAINTENANCE_DRIP,Normal,2.16
Tomato,Flowering,Sandy Loam,9.3,20.8,65.3,None,0.0,Drip Irrigation,None / Healthy,1.15,2.0,2.3,0.0,22.0,10.0,IRRIGATE_IMMEDIATELY,Immediate,3.5
Sugarcane,Flowering,Clay Loam,29.4,27.7,39.3,None,0.0,Sprinkler (Overhead),None / Healthy,1.25,3.66,4.58,0.0,34.0,18.0,MAINTENANCE_DRIP,Normal,4.64
Tomato,Flowering,Loamy,15.6,17.8,66.1,None,0.0,Sprinkler (Overhead),Tomato Yellow Leaf Curl Virus,1.15,2.0,2.3,0.0,28.0,14.0,IRRIGATE_IMMEDIATELY,Immediate,3.5
Wheat,Flowering,Loamy,22.0,31.9,88.5,Moderate,10.9,Sprinkler (Overhead),None / Healthy,1.15,2.81,3.23,6.24,28.0,14.0,DELAY_RAIN_EXPECTED,Moderate,0.0
Cotton,Seedling,Clay Loam,37.8,17.9,75.2,None,0.0,Sub-surface Drip,None / Healthy,0.45,2.0,0.9,0.0,34.0,18.0,OPTIMAL_STANDBY,Low,0.0
Wheat,Flowering,Sandy,12.8,41.1,33.9,Moderate,13.0,Drip Irrigation,None / Healthy,1.15,6.58,7.57,7.88,15.0,6.0,DELAY_RAIN_EXPECTED,Moderate,0.0
Pepper Bell,Seedling,Sandy,11.1,29.7,69.7,None,0.0,Sprinkler (Overhead),None / Healthy,0.6,2.92,1.75,0.0,15.0,6.0,MAINTENANCE_DRIP,Normal,1.87
Tomato,Flowering,Black Soil,36.6,15.7,48.6,Low,2.1,Drip Irrigation,None / Healthy,1.15,2.0,2.3,0.0,40.0,22.0,OPTIMAL_STANDBY,Low,0.0
Sugarcane,Fruiting,Clay Loam,28.3,24.5,35.2,None,0.0,Flood / Surface,None / Healthy,1.25,3.18,3.98,0.0,34.0,18.0,MAINTENANCE_DRIP,Normal,3.91
Wheat,Seedling,Black Soil,20.0,34.4,56.6,Moderate,12.0,Drip Irrigation,None / Healthy,0.4,4.15,1.66,7.12,40.0,22.0,IRRIGATE_IMMEDIATELY,Immediate,3.5
Wheat,Flowering,Black Soil,30.8,34.2,26.1,None,0.0,Sprinkler (Overhead),None / Healthy,1.15,5.46,6.28,0.0,40.0,22.0,MAINTENANCE_DRIP,Normal,5.5
Pepper Bell,Fruiting,Clay Loam,23.9,25.6,89.1,High,44.3,Sprinkler (Overhead),None / Healthy,1.1,2.07,2.28,32.96,34.0,18.0,DELAY_RAIN_EXPECTED,Low,0.0
Cotton,Seedling,Black Soil,18.9,17.7,90.2,None,0.0,Drip Irrigation,Tomato Early Blight,0.45,2.0,0.9,0.0,40.0,22.0,IRRIGATE_IMMEDIATELY,Immediate,3.5
Rice,Maturity,Sandy,10.3,38.0,34.9,High,31.6,Drip Irrigation,None / Healthy,0.95,5.86,5.57,22.77,15.0,6.0,DELAY_RAIN_EXPECTED,Low,0.0
Pepper Bell,Maturity,Sandy,11.5,37.7,47.3,Moderate,8.9,Sprinkler (Overhead),None / Healthy,0.85,5.17,4.39,4.64,15.0,6.0,DELAY_RAIN_EXPECTED,Moderate,0.0
Pepper Bell,Flowering,Sandy Loam,29.3,39.1,85.4,Low,3.3,Drip Irrigation,None / Healthy,1.05,3.71,3.9,0.16,22.0,10.0,OPTIMAL_STANDBY,Low,0.0
Tomato,Seedling,Loamy,10.6,39.4,66.1,Low,4.3,Drip Irrigation,Tomato Septoria Leaf Spot,0.6,4.49,2.69,0.97,28.0,14.0,IRRIGATE_IMMEDIATELY,Immediate,3.57
Sugarcane,Seedling,Black Soil,34.8,33.2,26.7,Moderate,11.5,Flood / Surface,None / Healthy,0.45,5.22,2.35,6.73,40.0,22.0,DELAY_RAIN_EXPECTED,Moderate,0.0
Wheat,Flowering,Sandy,6.6,30.9,73.2,Moderate,13.8,Sub-surface Drip,Tomato Target Spot,1.15,2.94,3.38,8.53,15.0,6.0,IRRIGATE_IMMEDIATELY,Immediate,4.33
Tomato,Maturity,Clay Loam,25.6,28.3,46.9,None,0.0,Drip Irrigation,None / Healthy,0.8,3.51,2.81,0.0,34.0,18.0,MAINTENANCE_DRIP,Normal,2.56
Rice,Vegetative,Black Soil,30.8,38.8,78.9,None,0.0,Drip Irrigation,None / Healthy,1.15,3.72,4.28,0.0,40.0,22.0,MAINTENANCE_DRIP,Normal,4.5
Corn,Flowering,Sandy,6.9,20.6,87.7,None,0.0,Drip Irrigation,None / Healthy,1.2,2.0,2.4,0.0,15.0,6.0,IRRIGATE_IMMEDIATELY,Immediate,3.5
Potato,Fruiting,Loamy,12.0,37.2,44.2,Low,3.4,Flood / Surface,None / Healthy,1.15,5.23,6.01,0.24,28.0,14.0,IRRIGATE_IMMEDIATELY,Immediate,7.0
Corn,Seedling,Clay Loam,25.6,24.8,85.9,None,0.0,Sprinkler (Overhead),None / Healthy,0.4,2.0,0.8,0.0,34.0,18.0,MAINTENANCE_DRIP,Normal,1.5
Potato,Fruiting,Black Soil,34.4,16.0,49.4,None,0.0,Drip Irrigation,None / Healthy,1.15,2.0,2.3,0.0,40.0,22.0,MAINTENANCE_DRIP,Normal,2.38
Cotton,Flowering,Sandy,16.0,30.3,87.5,Low,5.7,Sprinkler (Overhead),Tomato Target Spot,1.2,2.62,3.14,2.02,15.0,6.0,SUSPEND_OVERHEAD_BLIGHT,Immediate,0.0
Potato,Flowering,Black Soil,34.7,18.3,59.1,None,0.0,Drip Irrigation,Potato Late Blight,1.15,2.0,2.3,0.0,40.0,22.0,MAINTENANCE_DRIP,Normal,2.2
Potato,Flowering,Sandy Loam,12.1,35.9,57.7,Low,5.0,Drip Irrigation,None / Healthy,1.15,4.36,5.01,1.47,22.0,10.0,IRRIGATE_IMMEDIATELY,Immediate,6.11
Sugarcane,Seedling,Sandy,11.1,18.6,35.3,None,0.0,Sub-surface Drip,None / Healthy,0.45,2.1,0.95,0.0,15.0,6.0,MAINTENANCE_DRIP,Normal,1.5
Wheat,Maturity,Loamy,37.6,26.0,76.5,None,0.0,Drip Irrigation,None / Healthy,0.35,2.22,0.78,0.0,28.0,14.0,OPTIMAL_STANDBY,Low,0.0
Sugarcane,Fruiting,Sandy,12.4,15.9,36.1,None,0.0,Sprinkler (Overhead),None / Healthy,1.25,2.0,2.5,0.0,15.0,6.0,MAINTENANCE_DRIP,Normal,2.48
Pepper Bell,Vegetative,Clay Loam,21.4,30.5,73.1,Moderate,13.6,Sub-surface Drip,Tomato Target Spot,0.8,2.9,2.32,8.41,34.0,18.0,IRRIGATE_IMMEDIATELY,Immediate,3.5
Wheat,Vegetative,Clay Loam,16.9,32.6,91.8,None,0.0,Drip Irrigation,Pepper Bell Bacterial Spot,0.75,2.9,2.17,0.0,34.0,18.0,IRRIGATE_IMMEDIATELY,Immediate,3.5
Pepper Bell,Fruiting,Clay Loam,29.9,33.0,23.5,Moderate,14.3,Flood / Surface,None / Healthy,1.1,5.3,5.83,8.91,34.0,18.0,DELAY_RAIN_EXPECTED,Low,0.0
Tomato,Seedling,Loamy,28.0,22.8,46.0,None,0.0,Drip Irrigation,None / Healthy,0.6,2.61,1.57,0.0,28.0,14.0,OPTIMAL_STANDBY,Low,0.0
Cotton,Fruiting,Loamy,20.8,41.5,48.3,Low,1.1,Flood / Surface,Tomato Early Blight,0.85,5.84,4.96,0.0,28.0,14.0,MAINTENANCE_DRIP,Normal,4.99
Cotton,Fruiting,Sandy,10.5,40.1,36.9,None,0.0,Drip Irrigation,None / Healthy,0.85,6.21,5.28,0.0,15.0,6.0,MAINTENANCE_DRIP,Normal,5.13
Corn,Flowering,Sandy Loam,6.5,33.1,88.3,Moderate,12.4,Drip Irrigation,None / Healthy,1.2,2.96,3.55,7.41,22.0,10.0,IRRIGATE_IMMEDIATELY,Immediate,4.55
Sugarcane,Seedling,Clay Loam,37.6,18.0,82.9,None,0.0,Drip Irrigation,Tomato Septoria Leaf Spot,0.45,2.0,0.9,0.0,34.0,18.0,OPTIMAL_STANDBY,Low,0.0
Potato,Fruiting,Sandy Loam,15.6,14.7,26.0,Low,4.2,Sprinkler (Overhead),None / Healthy,1.15,2.0,2.3,0.9,22.0,10.0,MAINTENANCE_DRIP,Normal,2.19
Rice,Seedling,Loamy,24.6,26.9,91.7,High,32.1,Drip Irrigation,None / Healthy,1.05,2.22,2.33,23.2,28.0,14.0,DELAY_RAIN_EXPECTED,Low,0.0
Wheat,Fruiting,Sandy,5.8,40.8,56.4,Low,1.1,Drip Irrigation,None / Healthy,0.85,5.24,4.45,0.0,15.0,6.0,IRRIGATE_IMMEDIATELY,Immediate,5.48
Pepper Bell,Vegetative,Loamy,18.2,33.0,75.8,None,0.0,Flood / Surface,None / Healthy,0.8,3.12,2.5,0.0,28.0,14.0,IRRIGATE_IMMEDIATELY,Immediate,3.5
Rice,Vegetative,Black Soil,28.3,39.7,60.7,Low,2.3,Drip Irrigation,None / Healthy,1.15,4.82,5.54,0.0,40.0,22.0,IRRIGATE_IMMEDIATELY,Immediate,7.0
Rice,Vegetative,Clay Loam,26.8,14.8,78.2,None,0.0,Drip Irrigation,Pepper Bell Bacterial Spot,1.15,2.0,2.3,0.0,34.0,18.0,MAINTENANCE_DRIP,Normal,2.26
Tomato,Fruiting,Sandy,13.0,40.8,31.5,Low,5.7,Drip Irrigation,None / Healthy,1.2,6.64,7.97,2.05,15.0,6.0,MAINTENANCE_DRIP,Normal,5.5
Corn,Seedling,Black Soil,37.2,33.0,66.1,Moderate,11.5,Flood / Surface,None / Healthy,0.4,3.53,1.41,6.68,40.0,22.0,OPTIMAL_STANDBY,Low,0.0
Tomato,Seedling,Loamy,23.9,35.6,36.3,None,0.0,Sprinkler (Overhead),None / Healthy,0.6,5.3,3.18,0.0,28.0,14.0,MAINTENANCE_DRIP,Normal,3.41
Soybean,Fruiting,Loamy,25.9,24.5,85.3,None,0.0,Drip Irrigation,None / Healthy,1.05,2.0,2.1,0.0,28.0,14.0,OPTIMAL_STANDBY,Low,0.0
Corn,Maturity,Sandy,23.4,33.0,54.1,Low,3.8,Sprinkler (Overhead),Pepper Bell Bacterial Spot,0.6,4.03,2.42,0.52,15.0,6.0,SUSPEND_OVERHEAD_BLIGHT,Immediate,0.0
Corn,Vegetative,Black Soil,45.3,28.2,72.4,None,0.0,Sub-surface Drip,None / Healthy,0.85,2.62,2.23,0.0,40.0,22.0,OPTIMAL_STANDBY,Low,0.0
Soybean,Seedling,Loamy,25.4,23.5,56.6,None,0.0,Sprinkler (Overhead),None / Healthy,0.4,2.44,0.98,0.0,28.0,14.0,OPTIMAL_STANDBY,Low,0.0
Cotton,Seedling,Sandy,10.5,18.6,75.0,Moderate,14.1,Drip Irrigation,None / Healthy,0.45,2.0,0.9,8.79,15.0,6.0,DELAY_RAIN_EXPECTED,Low,0.0
Rice,Vegetative,Sandy Loam,9.9,36.5,58.5,None,0.0,Sub-surface Drip,None / Healthy,1.15,4.41,5.07,0.0,22.0,10.0,IRRIGATE_IMMEDIATELY,Immediate,5.96
Potato,Seedling,Sandy,4.0,34.5,86.0,None,0.0,Sprinkler (Overhead),None / Healthy,0.5,3.13,1.56,0.0,15.0,6.0,IRRIGATE_IMMEDIATELY,Immediate,3.5
Cotton,Flowering,Black Soil,32.8,37.2,36.0,Low,3.1,Sub-surface Drip,None / Healthy,1.2,5.64,6.77,0.0,40.0,22.0,MAINTENANCE_DRIP,Normal,5.5
Pepper Bell,Fruiting,Sandy,5.2,28.4,69.3,High,33.5,Drip Irrigation,Tomato Target Spot,1.1,2.76,3.04,24.28,15.0,6.0,IRRIGATE_IMMEDIATELY,Immediate,3.89
Sugarcane,Vegetative,Sandy,24.8,32.3,48.6,Moderate,17.2,Drip Irrigation,None / Healthy,0.85,4.15,3.53,11.26,15.0,6.0,DELAY_RAIN_EXPECTED,Low,0.0
Wheat,Flowering,Loamy,23.4,34.1,88.5,Low,1.4,Sprinkler (Overhead),None / Healthy,1.15,3.07,3.53,0.0,28.0,14.0,MAINTENANCE_DRIP,Normal,3.81
Potato,Vegetative,Black Soil,22.3,14.2,33.9,Moderate,9.3,Sprinkler (Overhead),None / Healthy,0.8,2.0,1.6,4.96,40.0,22.0,IRRIGATE_IMMEDIATELY,Immediate,3.5
Sugarcane,Seedling,Sandy,12.3,23.2,68.3,None,0.0,Sprinkler (Overhead),Potato Late Blight,0.45,2.09,0.94,0.0,15.0,6.0,SUSPEND_OVERHEAD_BLIGHT,Immediate,0.0
Rice,Seedling,Clay Loam,26.9,30.7,88.0,High,34.6,Sprinkler (Overhead),None / Healthy,1.05,2.66,2.79,25.19,34.0,18.0,DELAY_RAIN_EXPECTED,Low,0.0
Corn,Flowering,Sandy,8.7,40.7,59.0,None,0.0,Sprinkler (Overhead),None / Healthy,1.2,5.09,6.11,0.0,15.0,6.0,IRRIGATE_IMMEDIATELY,Immediate,7.0
Sugarcane,Maturity,Sandy,4.4,28.8,29.5,None,0.0,Drip Irrigation,None / Healthy,0.7,4.2,2.94,0.0,15.0,6.0,IRRIGATE_IMMEDIATELY,Immediate,3.94
Pepper Bell,Maturity,Sandy,14.7,27.5,44.2,Low,3.4,Sprinkler (Overhead),None / Healthy,0.85,3.46,2.94,0.25,15.0,6.0,OPTIMAL_STANDBY,Low,0.0
Tomato,Seedling,Sandy Loam,6.6,24.3,80.4,None,0.0,Sprinkler (Overhead),None / Healthy,0.6,2.0,1.2,0.0,22.0,10.0,IRRIGATE_IMMEDIATELY,Immediate,3.5
Soybean,Vegetative,Sandy Loam,7.1,31.7,60.7,Low,4.3,Drip Irrigation,None / Healthy,0.7,3.56,2.49,0.98,22.0,10.0,IRRIGATE_IMMEDIATELY,Immediate,3.5
Pepper Bell,Maturity,Sandy Loam,17.6,27.8,24.6,None,0.0,Drip Irrigation,None / Healthy,0.85,4.15,3.53,0.0,22.0,10.0,MAINTENANCE_DRIP,Normal,3.28
Potato,Maturity,Sandy,8.7,15.7,27.5,Low,5.7,Drip Irrigation,Tomato Septoria Leaf Spot,0.75,2.0,1.5,2.02,15.0,6.0,IRRIGATE_IMMEDIATELY,Immediate,3.5
Corn,Maturity,Sandy,25.0,31.3,20.7,Moderate,15.6,Drip Irrigation,None / Healthy,0.6,5.05,3.03,9.99,15.0,6.0,DELAY_RAIN_EXPECTED,Low,0.0
Potato,Flowering,Sandy,11.6,38.3,66.0,Low,4.3,Sprinkler (Overhead),None / Healthy,1.15,4.32,4.97,0.94,15.0,6.0,MAINTENANCE_DRIP,Normal,4.91
Sugarcane,Seedling,Black Soil,32.1,14.2,70.9,None,0.0,Flood / Surface,Pepper Bell Bacterial Spot,0.45,2.0,0.9,0.0,40.0,22.0,MAINTENANCE_DRIP,Normal,1.5
Cotton,Fruiting,Black Soil,23.9,18.3,59.3,None,0.0,Drip Irrigation,None / Healthy,0.85,2.0,1.7,0.0,40.0,22.0,IRRIGATE_IMMEDIATELY,Immediate,3.5
Wheat,Seedling,Black Soil,31.4,16.6,76.9,Moderate,10.1,Drip Irrigation,None / Healthy,0.4,2.0,0.8,5.54,40.0,22.0,DELAY_RAIN_EXPECTED,Moderate,0.0
Sugarcane,Vegetative,Black Soil,39.5,31.3,49.2,None,0.0,Sub-surface Drip,None / Healthy,0.85,3.94,3.35,0.0,40.0,22.0,OPTIMAL_STANDBY,Low,0.0
Pepper Bell,Fruiting,Sandy Loam,17.9,40.1,45.3,None,0.0,Sub-surface Drip,None / Healthy,1.1,5.74,6.31,0.0,22.0,10.0,MAINTENANCE_DRIP,Normal,5.5
Cotton,Vegetative,Loamy,13.5,30.2,81.2,None,0.0,Drip Irrigation,None / Healthy,0.75,2.6,1.95,0.0,28.0,14.0,IRRIGATE_IMMEDIATELY,Immediate,3.5
Corn,Maturity,Loamy,13.6,28.3,81.7,High,20.2,Flood / Surface,None / Healthy,0.6,2.38,1.43,13.67,28.0,14.0,IRRIGATE_IMMEDIATELY,Immediate,3.5
Pepper Bell,Flowering,Loamy,29.8,31.4,50.7,None,0.0,Sub-surface Drip,None / Healthy,1.05,3.9,4.09,0.0,28.0,14.0,OPTIMAL_STANDBY,Low,0.0
Potato,Fruiting,Sandy Loam,21.1,25.8,62.2,Low,4.5,Sprinkler (Overhead),None / Healthy,1.15,2.63,3.02,1.11,22.0,10.0,OPTIMAL_STANDBY,Low,0.0
Soybean,Fruiting,Black Soil,37.0,40.4,50.2,Low,5.5,Drip Irrigation,Tomato Early Blight,1.05,5.52,5.8,1.88,40.0,22.0,OPTIMAL_STANDBY,Low,0.0
Sugarcane,Maturity,Clay Loam,26.6,40.1,22.9,Moderate,13.6,Drip Irrigation,None / Healthy,0.7,6.96,4.87,8.42,34.0,18.0,DELAY_RAIN_EXPECTED,Low,0.0
Wheat,Seedling,Black Soil,30.5,26.3,50.8,None,0.0,Sprinkler (Overhead),None / Healthy,0.4,3.05,1.22,0.0,40.0,22.0,MAINTENANCE_DRIP,Normal,1.5
Wheat,Fruiting,Sandy,7.8,39.9,70.0,Low,3.2,Drip Irrigation,Pepper Bell Bacterial Spot,0.85,4.35,3.7,0.03,15.0,6.0,IRRIGATE_IMMEDIATELY,Immediate,4.62
Rice,Fruiting,Black Soil,46.9,33.0,35.7,Moderate,16.0,Sprinkler (Overhead),None / Healthy,1.2,4.81,5.77,10.32,40.0,22.0,DELAY_RAIN_EXPECTED,Low,0.0
Corn,Maturity,Sandy,6.9,26.4,26.3,None,0.0,Sprinkler (Overhead),Tomato Septoria Leaf Spot,0.6,3.82,2.29,0.0,15.0,6.0,SUSPEND_OVERHEAD_BLIGHT,Immediate,0.0
Wheat,Seedling,Sandy Loam,21.5,27.2,50.2,None,0.0,Sprinkler (Overhead),Tomato Yellow Leaf Curl Virus,0.4,3.21,1.28,0.0,22.0,10.0,OPTIMAL_STANDBY,Low,0.0
Soybean,Fruiting,Sandy,8.5,40.0,83.3,None,0.0,Flood / Surface,None / Healthy,1.05,3.82,4.01,0.0,15.0,6.0,IRRIGATE_IMMEDIATELY,Immediate,5.12
Tomato,Fruiting,Clay Loam,33.5,19.7,48.5,None,0.0,Sub-surface Drip,None / Healthy,1.2,2.04,2.45,0.0,34.0,18.0,OPTIMAL_STANDBY,Low,0.0
Pepper Bell,Seedling,Loamy,25.6,39.9,69.4,Low,4.6,Flood / Surface,Pepper Bell Bacterial Spot,0.6,4.39,2.63,1.22,28.0,14.0,OPTIMAL_STANDBY,Low,0.0
Corn,Seedling,Loamy,10.5,18.5,43.4,None,0.0,Drip Irrigation,None / Healthy,0.4,2.0,0.8,0.0,28.0,14.0,IRRIGATE_IMMEDIATELY,Immediate,3.5
Rice,Vegetative,Loamy,12.8,40.1,51.6,Moderate,11.1,Sprinkler (Overhead),Tomato Yellow Leaf Curl Virus,1.15,5.39,6.2,6.34,28.0,14.0,IRRIGATE_IMMEDIATELY,Immediate,7.0
Rice,Vegetative,Sandy Loam,15.9,22.8,77.3,None,0.0,Drip Irrigation,None / Healthy,1.15,2.0,2.3,0.0,22.0,10.0,MAINTENANCE_DRIP,Normal,2.12
Corn,Fruiting,Black Soil,41.3,39.9,26.2,Low,2.5,Drip Irrigation,Tomato Yellow Leaf Curl Virus,1.1,6.73,7.4,0.0,40.0,22.0,OPTIMAL_STANDBY,Low,0.0
Corn,Flowering,Black Soil,19.9,20.8,40.1,None,0.0,Sub-surface Drip,Tomato Yellow Leaf Curl Virus,1.2,2.4,2.88,0.0,40.0,22.0,IRRIGATE_IMMEDIATELY,Immediate,3.74
Soybean,Flowering,Sandy,7.5,40.8,39.8,None,0.0,Drip Irrigation,None / Healthy,1.15,6.18,7.11,0.0,15.0,6.0,IRRIGATE_IMMEDIATELY,Immediate,7.0
Pepper Bell,Maturity,Clay Loam,27.9,40.6,44.9,Low,4.1,Drip Irrigation,None / Healthy,0.85,5.86,4.98,0.78,34.0,18.0,MAINTENANCE_DRIP,Normal,4.89
Pepper Bell,Maturity,Sandy,11.2,37.2,37.4,High,30.5,Drip Irrigation,None / Healthy,0.85,5.56,4.73,21.89,15.0,6.0,DELAY_RAIN_EXPECTED,Low,0.0
Sugarcane,Fruiting,Sandy,5.1,23.9,68.5,Moderate,9.6,Drip Irrigation,None / Healthy,1.25,2.18,2.73,5.15,15.0,6.0,IRRIGATE_IMMEDIATELY,Immediate,3.5
Wheat,Maturity,Loamy,10.1,28.7,74.1,None,0.0,Drip Irrigation,None / Healthy,0.35,2.64,0.92,0.0,28.0,14.0,IRRIGATE_IMMEDIATELY,Immediate,3.5
Rice,Vegetative,Clay Loam,30.1,16.6,80.0,Low,2.2,Drip Irrigation,None / Healthy,1.15,2.0,2.3,0.0,34.0,18.0,MAINTENANCE_DRIP,Normal,2.34
Pepper Bell,Flowering,Sandy,15.2,31.2,41.1,High,31.4,Drip Irrigation,None / Healthy,1.05,4.24,4.45,22.58,15.0,6.0,DELAY_RAIN_EXPECTED,Low,0.0
Potato,Fruiting,Sandy,11.0,23.0,24.7,None,0.0,Drip Irrigation,Tomato Early Blight,1.15,3.19,3.67,0.0,15.0,6.0,MAINTENANCE_DRIP,Normal,3.8
Cotton,Fruiting,Clay Loam,20.0,25.0,32.9,None,0.0,Flood / Surface,None / Healthy,0.85,3.35,2.85,0.0,34.0,18.0,IRRIGATE_IMMEDIATELY,Immediate,3.62
Rice,Flowering,Sandy,7.7,34.1,87.2,Moderate,7.9,Sprinkler (Overhead),Potato Late Blight,1.25,3.08,3.85,3.83,15.0,6.0,SUSPEND_OVERHEAD_BLIGHT,Immediate,0.0
Pepper Bell,Fruiting,Clay Loam,14.4,32.2,41.3,High,37.2,Drip Irrigation,None / Healthy,1.1,4.41,4.85,27.29,34.0,18.0,IRRIGATE_IMMEDIATELY,Immediate,5.96
Cotton,Maturity,Sandy,12.7,23.1,75.8,None,0.0,Sprinkler (Overhead),Pepper Bell Bacterial Spot,0.55,2.0,1.1,0.0,15.0,6.0,SUSPEND_OVERHEAD_BLIGHT,Immediate,0.0
Tomato,Vegetative,Loamy,21.4,14.5,59.7,None,0.0,Flood / Surface,None / Healthy,0.85,2.0,1.7,0.0,28.0,14.0,MAINTENANCE_DRIP,Normal,1.89
Sugarcane,Flowering,Loamy,24.0,30.8,63.8,None,0.0,Drip Irrigation,None / Healthy,1.25,3.3,4.12,0.0,28.0,14.0,MAINTENANCE_DRIP,Normal,4.31
Cotton,Maturity,Sandy,15.3,32.5,43.5,Low,3.7,Drip Irrigation,None / Healthy,0.55,4.39,2.41,0.47,15.0,6.0,OPTIMAL_STANDBY,Low,0.0
Wheat,Seedling,Sandy Loam,32.4,35.2,45.1,High,27.6,Sprinkler (Overhead),None / Healthy,0.4,4.81,1.92,19.6,22.0,10.0,DELAY_RAIN_EXPECTED,Low,0.0
Potato,Flowering,Black Soil,39.4,38.1,59.8,Moderate,12.2,Drip Irrigation,None / Healthy,1.15,4.62,5.31,7.29,40.0,22.0,OPTIMAL_STANDBY,Low,0.0
Corn,Fruiting,Sandy,5.3,23.6,94.5,Low,2.7,Drip Irrigation,None / Healthy,1.1,2.0,2.2,0.0,15.0,6.0,IRRIGATE_IMMEDIATELY,Immediate,3.5
Soybean,Fruiting,Loamy,29.3,21.8,67.9,High,34.4,Drip Irrigation,None / Healthy,1.05,2.0,2.1,25.02,28.0,14.0,DELAY_RAIN_EXPECTED,Low,0.0
Cotton,Vegetative,Clay Loam,21.2,41.3,82.4,Moderate,12.3,Drip Irrigation,None / Healthy,0.75,3.99,2.99,7.37,34.0,18.0,IRRIGATE_IMMEDIATELY,Immediate,3.77
Cotton,Maturity,Sandy Loam,28.9,29.4,58.7,None,0.0,Drip Irrigation,None / Healthy,0.55,3.28,1.8,0.0,22.0,10.0,OPTIMAL_STANDBY,Low,0.0
Sugarcane,Seedling,Sandy Loam,9.1,24.1,90.3,Low,3.4,Sprinkler (Overhead),None / Healthy,0.45,2.0,0.9,0.22,22.0,10.0,IRRIGATE_IMMEDIATELY,Immediate,3.5
Corn,Vegetative,Sandy Loam,6.2,27.0,38.6,None,0.0,Sprinkler (Overhead),None / Healthy,0.85,3.56,3.03,0.0,22.0,10.0,IRRIGATE_IMMEDIATELY,Immediate,3.6
Pepper Bell,Flowering,Loamy,12.1,31.2,48.6,None,0.0,Drip Irrigation,None / Healthy,1.05,3.95,4.15,0.0,28.0,14.0,IRRIGATE_IMMEDIATELY,Immediate,5.28
Rice,Seedling,Sandy,16.3,28.5,62.9,None,0.0,Drip Irrigation,None / Healthy,1.05,2.99,3.14,0.0,15.0,6.0,OPTIMAL_STANDBY,Low,0.0
Corn,Vegetative,Clay Loam,28.6,17.4,47.7,High,39.4,Flood / Surface,None / Healthy,0.85,2.0,1.7,29.01,34.0,18.0,DELAY_RAIN_EXPECTED,Low,0.0
Rice,Vegetative,Black Soil,36.9,32.0,28.4,None,0.0,Sprinkler (Overhead),None / Healthy,1.15,4.9,5.63,0.0,40.0,22.0,OPTIMAL_STANDBY,Low,0.0
Wheat,Vegetative,Black Soil,32.5,14.3,78.3,Moderate,9.1,Sub-surface Drip,None / Healthy,0.75,2.0,1.5,4.81,40.0,22.0,DELAY_RAIN_EXPECTED,Moderate,0.0
Tomato,Vegetative,Clay Loam,25.5,40.6,78.3,None,0.0,Drip Irrigation,None / Healthy,0.85,4.0,3.4,0.0,34.0,18.0,MAINTENANCE_DRIP,Normal,3.4
Pepper Bell,Fruiting,Black Soil,44.8,33.7,65.4,None,0.0,Sub-surface Drip,None / Healthy,1.1,3.67,4.04,0.0,40.0,22.0,OPTIMAL_STANDBY,Low,0.0
Cotton,Seedling,Black Soil,32.9,25.6,44.8,None,0.0,Sprinkler (Overhead),Potato Late Blight,0.45,3.11,1.4,0.0,40.0,22.0,SUSPEND_OVERHEAD_BLIGHT,Immediate,0.0
Wheat,Maturity,Loamy,28.3,37.7,22.4,Low,2.7,Sprinkler (Overhead),None / Healthy,0.35,6.43,2.25,0.0,28.0,14.0,OPTIMAL_STANDBY,Low,0.0
Potato,Vegetative,Clay Loam,29.9,40.7,24.5,None,0.0,Drip Irrigation,Tomato Target Spot,0.8,7.02,5.62,0.0,34.0,18.0,MAINTENANCE_DRIP,Normal,5.5
Pepper Bell,Seedling,Loamy,22.6,41.5,28.8,Moderate,11.5,Drip Irrigation,None / Healthy,0.6,6.96,4.18,6.73,28.0,14.0,DELAY_RAIN_EXPECTED,Moderate,0.0
Wheat,Fruiting,Sandy,8.2,15.7,51.4,None,0.0,Drip Irrigation,Pepper Bell Bacterial Spot,0.85,2.0,1.7,0.0,15.0,6.0,IRRIGATE_IMMEDIATELY,Immediate,3.5
Sugarcane,Maturity,Black Soil,21.4,15.6,69.9,Low,3.5,Drip Irrigation,None / Healthy,0.7,2.0,1.4,0.3,40.0,22.0,IRRIGATE_IMMEDIATELY,Immediate,3.5
Soybean,Seedling,Black Soil,38.3,24.0,38.0,None,0.0,Sprinkler (Overhead),None / Healthy,0.4,3.02,1.21,0.0,40.0,22.0,OPTIMAL_STANDBY,Low,0.0
Potato,Maturity,Clay Loam,33.8,31.8,49.5,None,0.0,Sub-surface Drip,None / Healthy,0.75,4.01,3.01,0.0,34.0,18.0,OPTIMAL_STANDBY,Low,0.0
Wheat,Vegetative,Loamy,12.7,17.7,44.3,Low,2.2,Drip Irrigation,Potato Late Blight,0.75,2.0,1.5,0.0,28.0,14.0,IRRIGATE_IMMEDIATELY,Immediate,3.5
Soybean,Vegetative,Clay Loam,33.7,41.4,71.2,Low,5.5,Drip Irrigation,None / Healthy,0.7,4.51,3.16,1.89,34.0,18.0,OPTIMAL_STANDBY,Low,0.0
Rice,Vegetative,Sandy Loam,30.0,25.8,90.6,None,0.0,Drip Irrigation,None / Healthy,1.15,2.09,2.4,0.0,22.0,10.0,OPTIMAL_STANDBY,Low,0.0
Sugarcane,Maturity,Black Soil,28.4,33.6,81.5,None,0.0,Sub-surface Drip,None / Healthy,0.7,3.01,2.11,0.0,40.0,22.0,IRRIGATE_IMMEDIATELY,Immediate,3.5
Pepper Bell,Fruiting,Loamy,12.4,20.7,28.8,None,0.0,Sub-surface Drip,None / Healthy,1.1,2.63,2.89,0.0,28.0,14.0,IRRIGATE_IMMEDIATELY,Immediate,3.65
Pepper Bell,Vegetative,Loamy,17.2,22.5,71.3,Low,3.2,Drip Irrigation,Tomato Septoria Leaf Spot,0.8,2.0,1.6,0.03,28.0,14.0,IRRIGATE_IMMEDIATELY,Immediate,3.5
Corn,Fruiting,Sandy Loam,10.3,30.3,25.4,High,31.8,Drip Irrigation,None / Healthy,1.1,4.66,5.13,22.92,22.0,10.0,IRRIGATE_IMMEDIATELY,Immediate,5.99
Cotton,Seedling,Black Soil,35.3,24.5,84.9,High,20.7,Drip Irrigation,Tomato Yellow Leaf Curl Virus,0.45,2.0,0.9,14.08,40.0,22.0,DELAY_RAIN_EXPECTED,Low,0.0
Tomato,Maturity,Clay Loam,28.8,20.6,43.0,None,0.0,Flood / Surface,Potato Late Blight,0.8,2.3,1.84,0.0,34.0,18.0,MAINTENANCE_DRIP,Normal,1.63
Rice,Flowering,Black Soil,32.7,27.7,40.2,Moderate,7.1,Flood / Surface,None / Healthy,1.25,3.63,4.54,3.22,40.0,22.0,MAINTENANCE_DRIP,Normal,4.53
Tomato,Fruiting,Clay Loam,23.4,22.8,40.7,Moderate,12.5,Drip Irrigation,None / Healthy,1.2,2.74,3.29,7.5,34.0,18.0,IRRIGATE_IMMEDIATELY,Immediate,3.98
Corn,Seedling,Clay Loam,32.7,23.7,36.3,Moderate,16.3,Drip Irrigation,None / Healthy,0.4,3.02,1.21,10.5,34.0,18.0,DELAY_RAIN_EXPECTED,Low,0.0
Sugarcane,Flowering,Loamy,14.2,27.5,89.4,Low,5.0,Flood / Surface,None / Healthy,1.25,2.29,2.86,1.5,28.0,14.0,IRRIGATE_IMMEDIATELY,Immediate,3.78
Potato,Flowering,Clay Loam,29.6,30.9,36.7,None,0.0,Drip Irrigation,None / Healthy,1.15,4.35,5.0,0.0,34.0,18.0,MAINTENANCE_DRIP,Normal,4.89
Soybean,Flowering,Black Soil,35.3,37.7,44.2,Low,1.2,Drip Irrigation,None / Healthy,1.15,5.33,6.13,0.0,40.0,22.0,MAINTENANCE_DRIP,Normal,5.5
Wheat,Vegetative,Sandy,10.5,28.9,69.2,None,0.0,Drip Irrigation,None / Healthy,0.75,2.82,2.11,0.0,15.0,6.0,MAINTENANCE_DRIP,Normal,2.21
Cotton,Maturity,Sandy,11.4,38.0,87.9,None,0.0,Drip Irrigation,Tomato Yellow Leaf Curl Virus,0.55,3.56,1.96,0.0,15.0,6.0,MAINTENANCE_DRIP,Normal,1.89
Rice,Vegetative,Sandy Loam,15.8,37.5,74.7,Moderate,12.8,Flood / Surface,None / Healthy,1.15,3.76,4.32,7.76,22.0,10.0,DELAY_RAIN_EXPECTED,Moderate,0.0
Tomato,Seedling,Sandy,8.0,34.8,87.6,Low,2.9,Drip Irrigation,Potato Late Blight,0.6,3.16,1.9,0.0,15.0,6.0,IRRIGATE_IMMEDIATELY,Immediate,3.5
Soybean,Seedling,Loamy,11.2,31.0,93.9,Low,2.3,Flood / Surface,None / Healthy,0.4,2.7,1.08,0.0,28.0,14.0,IRRIGATE_IMMEDIATELY,Immediate,3.5
Potato,Maturity,Sandy,16.7,34.8,49.2,High,41.5,Sprinkler (Overhead),None / Healthy,0.75,4.56,3.42,30.7,15.0,6.0,DELAY_RAIN_EXPECTED,Low,0.0
Sugarcane,Seedling,Sandy,26.4,26.1,58.7,None,0.0,Sprinkler (Overhead),None / Healthy,0.45,2.77,1.25,0.0,15.0,6.0,OPTIMAL_STANDBY,Low,0.0
Cotton,Flowering,Black Soil,23.8,38.5,54.0,High,36.2,Drip Irrigation,None / Healthy,1.2,4.99,5.99,26.49,40.0,22.0,IRRIGATE_IMMEDIATELY,Immediate,7.0
Rice,Fruiting,Black Soil,33.7,28.1,33.9,Low,1.2,Drip Irrigation,None / Healthy,1.2,3.9,4.68,0.0,40.0,22.0,MAINTENANCE_DRIP,Normal,4.65
Potato,Flowering,Loamy,42.0,21.3,22.3,None,0.0,Flood / Surface,Tomato Septoria Leaf Spot,1.15,2.9,3.33,0.0,28.0,14.0,OPTIMAL_STANDBY,Low,0.0
Wheat,Maturity,Clay Loam,46.6,21.8,44.3,Low,6.0,Flood / Surface,None / Healthy,0.35,2.49,0.87,2.3,34.0,18.0,OPTIMAL_STANDBY,Low,0.0
Pepper Bell,Seedling,Loamy,29.7,14.1,69.4,None,0.0,Flood / Surface,None / Healthy,0.6,2.0,1.2,0.0,28.0,14.0,OPTIMAL_STANDBY,Low,0.0
Cotton,Flowering,Sandy Loam,6.6,23.7,43.5,None,0.0,Drip Irrigation,None / Healthy,1.2,2.82,3.38,0.0,22.0,10.0,IRRIGATE_IMMEDIATELY,Immediate,4.3
Tomato,Seedling,Sandy,9.3,17.4,27.9,None,0.0,Drip Irrigation,None / Healthy,0.6,2.01,1.21,0.0,15.0,6.0,IRRIGATE_IMMEDIATELY,Immediate,3.5
Soybean,Fruiting,Black Soil,36.7,35.7,35.9,None,0.0,Drip Irrigation,Pepper Bell Bacterial Spot,1.05,5.35,5.62,0.0,40.0,22.0,OPTIMAL_STANDBY,Low,0.0
Cotton,Maturity,Black Soil,21.5,33.7,62.6,Moderate,12.6,Sub-surface Drip,None / Healthy,0.55,3.78,2.08,7.58,40.0,22.0,IRRIGATE_IMMEDIATELY,Immediate,3.5
Pepper Bell,Maturity,Sandy,12.3,40.1,26.3,Low,5.1,Flood / Surface,Tomato Early Blight,0.85,6.78,5.76,1.61,15.0,6.0,MAINTENANCE_DRIP,Normal,5.5
Soybean,Seedling,Black Soil,30.2,40.1,64.8,High,19.1,Drip Irrigation,None / Healthy,0.4,4.67,1.87,12.78,40.0,22.0,DELAY_RAIN_EXPECTED,Low,0.0
Pepper Bell,Flowering,Sandy,5.3,24.4,35.9,Low,1.3,Flood / Surface,None / Healthy,1.05,3.16,3.32,0.0,15.0,6.0,IRRIGATE_IMMEDIATELY,Immediate,3.86
Sugarcane,Fruiting,Loamy,26.8,35.5,37.8,None,0.0,Sprinkler (Overhead),None / Healthy,1.25,5.21,6.51,0.0,28.0,14.0,OPTIMAL_STANDBY,Low,0.0
Sugarcane,Flowering,Clay Loam,17.6,32.3,46.8,None,0.0,Flood / Surface,None / Healthy,1.25,4.21,5.26,0.0,34.0,18.0,IRRIGATE_IMMEDIATELY,Immediate,6.59
Sugarcane,Vegetative,Loamy,18.8,21.9,68.3,Low,3.5,Drip Irrigation,Tomato Early Blight,0.85,2.0,1.7,0.34,28.0,14.0,IRRIGATE_IMMEDIATELY,Immediate,3.5
Rice,Seedling,Clay Loam,25.4,32.8,23.8,None,0.0,Drip Irrigation,None / Healthy,1.05,5.25,5.51,0.0,34.0,18.0,MAINTENANCE_DRIP,Normal,5.5
Corn,Flowering,Black Soil,35.0,26.8,58.2,None,0.0,Drip Irrigation,Tomato Yellow Leaf Curl Virus,1.2,2.89,3.47,0.0,40.0,22.0,MAINTENANCE_DRIP,Normal,3.69
Cotton,Fruiting,Black Soil,34.3,25.7,70.7,Moderate,8.3,Drip Irrigation,Tomato Septoria Leaf Spot,0.85,2.36,2.01,4.17,40.0,22.0,DELAY_RAIN_EXPECTED,Moderate,0.0
Soybean,Vegetative,Black Soil,36.5,24.7,53.8,None,0.0,Drip Irrigation,None / Healthy,0.7,2.7,1.89,0.0,40.0,22.0,OPTIMAL_STANDBY,Low,0.0
Corn,Maturity,Sandy,15.8,27.0,54.2,Moderate,12.5,Drip Irrigation,None / Healthy,0.6,3.06,1.84,7.52,15.0,6.0,OPTIMAL_STANDBY,Low,0.0
Sugarcane,Seedling,Sandy,9.4,22.4,67.7,None,0.0,Sprinkler (Overhead),Potato Late Blight,0.45,2.01,0.9,0.0,15.0,6.0,SUSPEND_OVERHEAD_BLIGHT,Immediate,0.0
Potato,Flowering,Sandy Loam,28.5,24.0,75.1,None,0.0,Drip Irrigation,None / Healthy,1.15,2.02,2.32,0.0,22.0,10.0,OPTIMAL_STANDBY,Low,0.0
Corn,Flowering,Sandy,7.7,23.9,61.3,None,0.0,Drip Irrigation,None / Healthy,1.2,2.38,2.86,0.0,15.0,6.0,IRRIGATE_IMMEDIATELY,Immediate,3.63
Corn,Fruiting,Loamy,37.6,33.6,29.3,Low,3.0,Drip Irrigation,None / Healthy,1.1,5.2,5.72,0.0,28.0,14.0,OPTIMAL_STANDBY,Low,0.0
Rice,Seedling,Loamy,26.6,24.5,22.4,Moderate,12.1,Sprinkler (Overhead),None / Healthy,1.05,3.54,3.72,7.17,28.0,14.0,OPTIMAL_STANDBY,Low,0.0
Cotton,Flowering,Black Soil,34.1,15.2,84.0,Moderate,12.4,Drip Irrigation,None / Healthy,1.2,2.0,2.4,7.39,40.0,22.0,DELAY_RAIN_EXPECTED,Moderate,0.0
Wheat,Vegetative,Sandy Loam,18.9,14.8,93.4,None,0.0,Sprinkler (Overhead),Potato Late Blight,0.75,2.0,1.5,0.0,22.0,10.0,SUSPEND_OVERHEAD_BLIGHT,Immediate,0.0
Potato,Flowering,Sandy Loam,7.9,40.3,36.8,None,0.0,Drip Irrigation,None / Healthy,1.15,6.23,7.16,0.0,22.0,10.0,IRRIGATE_IMMEDIATELY,Immediate,7.0
Soybean,Seedling,Sandy Loam,32.8,41.2,37.1,Low,2.6,Drip Irrigation,None / Healthy,0.4,6.42,2.57,0.0,22.0,10.0,OPTIMAL_STANDBY,Low,0.0
Wheat,Fruiting,Clay Loam,47.3,15.1,53.5,None,0.0,Drip Irrigation,None / Healthy,0.85,2.0,1.7,0.0,34.0,18.0,OPTIMAL_STANDBY,Low,0.0
Sugarcane,Maturity,Sandy Loam,20.3,30.2,86.6,Moderate,17.0,Drip Irrigation,None / Healthy,0.7,2.61,1.83,11.12,22.0,10.0,DELAY_RAIN_EXPECTED,Low,0.0
Cotton,Vegetative,Loamy,22.2,25.1,43.1,None,0.0,Sub-surface Drip,None / Healthy,0.75,3.07,2.3,0.0,28.0,14.0,MAINTENANCE_DRIP,Normal,2.16
Wheat,Maturity,Black Soil,25.6,22.3,37.8,Low,5.5,Sprinkler (Overhead),None / Healthy,0.35,2.72,0.95,1.86,40.0,22.0,IRRIGATE_IMMEDIATELY,Immediate,3.5
Cotton,Fruiting,Sandy,10.7,39.3,59.6,Low,2.9,Flood / Surface,None / Healthy,0.85,4.83,4.11,0.0,15.0,6.0,MAINTENANCE_DRIP,Normal,4.06
Pepper Bell,Seedling,Sandy Loam,16.3,36.6,62.8,Moderate,11.6,Sprinkler (Overhead),Pepper Bell Bacterial Spot,0.6,4.22,2.53,6.75,22.0,10.0,SUSPEND_OVERHEAD_BLIGHT,Immediate,0.0
Pepper Bell,Vegetative,Sandy,12.8,17.5,79.1,None,0.0,Drip Irrigation,None / Healthy,0.8,2.0,1.6,0.0,15.0,6.0,MAINTENANCE_DRIP,Normal,1.7
Rice,Vegetative,Black Soil,39.4,32.0,71.2,High,38.0,Sub-surface Drip,None / Healthy,1.15,3.17,3.65,27.87,40.0,22.0,DELAY_RAIN_EXPECTED,Low,0.0
Rice,Fruiting,Black Soil,41.2,21.7,87.1,Low,5.3,Sprinkler (Overhead),Tomato Yellow Leaf Curl Virus,1.2,2.0,2.4,1.77,40.0,22.0,OPTIMAL_STANDBY,Low,0.0
Rice,Flowering,Sandy Loam,36.0,16.3,20.3,None,0.0,Sprinkler (Overhead),None / Healthy,1.25,2.0,2.5,0.0,22.0,10.0,OPTIMAL_STANDBY,Low,0.0
Wheat,Vegetative,Black Soil,38.6,16.1,26.6,Moderate,16.9,Sub-surface Drip,None / Healthy,0.75,2.0,1.5,10.99,40.0,22.0,DELAY_RAIN_EXPECTED,Low,0.0
Tomato,Flowering,Sandy Loam,6.8,25.0,30.2,Low,2.4,Sub-surface Drip,None / Healthy,1.15,3.42,3.93,0.0,22.0,10.0,IRRIGATE_IMMEDIATELY,Immediate,5.42
Corn,Fruiting,Loamy,18.3,36.6,41.0,Low,3.7,Sprinkler (Overhead),None / Healthy,1.1,5.27,5.8,0.47,28.0,14.0,IRRIGATE_IMMEDIATELY,Immediate,7.0
Potato,Vegetative,Clay Loam,21.9,14.4,29.3,Moderate,11.7,Flood / Surface,None / Healthy,0.8,2.0,1.6,6.83,34.0,18.0,IRRIGATE_IMMEDIATELY,Immediate,3.5
Wheat,Flowering,Sandy,4.0,21.6,69.9,Low,1.2,Sprinkler (Overhead),None / Healthy,1.15,2.0,2.3,0.0,15.0,6.0,IRRIGATE_IMMEDIATELY,Immediate,3.5
Tomato,Fruiting,Sandy,7.8,29.3,66.7,Low,2.4,Sprinkler (Overhead),None / Healthy,1.2,2.97,3.56,0.0,15.0,6.0,IRRIGATE_IMMEDIATELY,Immediate,4.08
Cotton,Fruiting,Loamy,22.8,40.5,60.6,High,27.0,Sub-surface Drip,None / Healthy,0.85,4.96,4.22,19.09,28.0,14.0,DELAY_RAIN_EXPECTED,Low,0.0
Tomato,Maturity,Sandy,8.9,30.1,48.6,None,0.0,Flood / Surface,Tomato Yellow Leaf Curl Virus,0.8,3.76,3.01,0.0,15.0,6.0,IRRIGATE_IMMEDIATELY,Immediate,3.78
Soybean,Maturity,Sandy Loam,17.3,41.6,79.2,None,0.0,Sprinkler (Overhead),None / Healthy,0.5,4.08,2.04,0.0,22.0,10.0,MAINTENANCE_DRIP,Normal,1.73
Tomato,Seedling,Sandy,12.7,33.6,89.9,Moderate,17.0,Drip Irrigation,None / Healthy,0.6,3.01,1.81,11.06,15.0,6.0,DELAY_RAIN_EXPECTED,Low,0.0
Cotton,Seedling,Clay Loam,34.3,22.5,36.6,None,0.0,Drip Irrigation,None / Healthy,0.45,2.78,1.25,0.0,34.0,18.0,OPTIMAL_STANDBY,Low,0.0
Rice,Flowering,Sandy Loam,21.1,41.6,25.4,None,0.0,Sprinkler (Overhead),None / Healthy,1.25,7.18,8.97,0.0,22.0,10.0,OPTIMAL_STANDBY,Low,0.0
Cotton,Flowering,Clay Loam,26.5,29.5,20.3,Low,3.5,Flood / Surface,None / Healthy,1.2,4.67,5.6,0.31,34.0,18.0,MAINTENANCE_DRIP,Normal,5.5
Potato,Fruiting,Sandy Loam,18.8,36.6,58.0,None,0.0,Flood / Surface,None / Healthy,1.15,4.46,5.13,0.0,22.0,10.0,MAINTENANCE_DRIP,Normal,5.0
Rice,Fruiting,Sandy,6.9,26.3,57.8,Moderate,14.0,Drip Irrigation,Pepper Bell Bacterial Spot,1.2,2.84,3.41,8.68,15.0,6.0,IRRIGATE_IMMEDIATELY,Immediate,4.12
Sugarcane,Vegetative,Loamy,28.9,37.2,77.1,None,0.0,Flood / Surface,None / Healthy,0.85,3.6,3.06,0.0,28.0,14.0,OPTIMAL_STANDBY,Low,0.0
Tomato,Vegetative,Black Soil,41.5,41.2,87.5,Low,3.8,Drip Irrigation,None / Healthy,0.85,3.97,3.37,0.57,40.0,22.0,OPTIMAL_STANDBY,Low,0.0
Potato,Fruiting,Loamy,15.2,17.1,28.0,Moderate,8.3,Drip Irrigation,None / Healthy,1.15,2.0,2.3,4.15,28.0,14.0,IRRIGATE_IMMEDIATELY,Immediate,3.5
Sugarcane,Vegetative,Sandy Loam,14.9,25.3,76.6,Low,1.1,Drip Irrigation,Pepper Bell Bacterial Spot,0.85,2.14,1.82,0.0,22.0,10.0,IRRIGATE_IMMEDIATELY,Immediate,3.5
Pepper Bell,Seedling,Sandy,22.2,31.9,25.4,None,0.0,Flood / Surface,None / Healthy,0.6,4.99,2.99,0.0,15.0,6.0,OPTIMAL_STANDBY,Low,0.0
Pepper Bell,Maturity,Black Soil,23.3,24.7,37.6,Low,4.7,Sprinkler (Overhead),Pepper Bell Bacterial Spot,0.85,3.17,2.69,1.26,40.0,22.0,SUSPEND_OVERHEAD_BLIGHT,Immediate,0.0
Soybean,Flowering,Loamy,24.6,34.5,41.9,None,0.0,Flood / Surface,None / Healthy,1.15,4.82,5.54,0.0,28.0,14.0,MAINTENANCE_DRIP,Normal,5.5
Corn,Flowering,Clay Loam,20.1,39.9,58.2,Moderate,14.2,Flood / Surface,None / Healthy,1.2,5.0,6.0,8.86,34.0,18.0,IRRIGATE_IMMEDIATELY,Immediate,7.0
Sugarcane,Flowering,Sandy Loam,20.3,14.8,37.7,None,0.0,Drip Irrigation,None / Healthy,1.25,2.0,2.5,0.0,22.0,10.0,OPTIMAL_STANDBY,Low,0.0
Cotton,Seedling,Sandy Loam,16.8,35.1,52.8,Moderate,17.4,Sub-surface Drip,None / Healthy,0.45,4.44,2.0,11.43,22.0,10.0,DELAY_RAIN_EXPECTED,Low,0.0
Soybean,Flowering,Black Soil,38.7,39.2,23.5,None,0.0,Sub-surface Drip,None / Healthy,1.15,6.71,7.72,0.0,40.0,22.0,OPTIMAL_STANDBY,Low,0.0
Sugarcane,Fruiting,Sandy Loam,17.7,27.8,82.5,Moderate,15.1,Drip Irrigation,None / Healthy,1.25,2.32,2.9,9.54,22.0,10.0,DELAY_RAIN_EXPECTED,Low,0.0
Tomato,Flowering,Loamy,27.0,36.3,63.3,Low,3.6,Drip Irrigation,None / Healthy,1.15,4.14,4.76,0.35,28.0,14.0,OPTIMAL_STANDBY,Low,0.0
Wheat,Vegetative,Clay Loam,16.9,18.3,84.9,None,0.0,Sprinkler (Overhead),Potato Late Blight,0.75,2.0,1.5,0.0,34.0,18.0,SUSPEND_OVERHEAD_BLIGHT,Immediate,0.0
Pepper Bell,Maturity,Black Soil,21.6,31.6,86.2,None,0.0,Drip Irrigation,None / Healthy,0.85,2.77,2.35,0.0,40.0,22.0,IRRIGATE_IMMEDIATELY,Immediate,3.5
Soybean,Fruiting,Loamy,41.4,16.9,85.1,Low,2.3,Drip Irrigation,Tomato Early Blight,1.05,2.0,2.1,0.0,28.0,14.0,OPTIMAL_STANDBY,Low,0.0
Rice,Seedling,Clay Loam,20.4,30.7,51.4,None,0.0,Drip Irrigation,Tomato Yellow Leaf Curl Virus,1.05,3.75,3.94,0.0,34.0,18.0,IRRIGATE_IMMEDIATELY,Immediate,5.01
Tomato,Vegetative,Loamy,26.3,25.3,31.1,Low,1.4,Sprinkler (Overhead),None / Healthy,0.85,3.46,2.94,0.0,28.0,14.0,OPTIMAL_STANDBY,Low,0.0
Soybean,Fruiting,Clay Loam,19.8,15.7,38.7,Low,2.9,Drip Irrigation,None / Healthy,1.05,2.0,2.1,0.0,34.0,18.0,IRRIGATE_IMMEDIATELY,Immediate,3.5
Wheat,Maturity,Sandy,10.6,21.4,60.5,None,0.0,Sprinkler (Overhead),None / Healthy,0.35,2.05,0.72,0.0,15.0,6.0,MAINTENANCE_DRIP,Normal,1.5
Sugarcane,Vegetative,Sandy,5.1,14.5,36.0,Low,3.1,Sprinkler (Overhead),Pepper Bell Bacterial Spot,0.85,2.0,1.7,0.0,15.0,6.0,SUSPEND_OVERHEAD_BLIGHT,Immediate,0.0
Soybean,Vegetative,Loamy,24.0,18.2,30.1,High,21.9,Drip Irrigation,Tomato Yellow Leaf Curl Virus,0.7,2.14,1.5,15.01,28.0,14.0,DELAY_RAIN_EXPECTED,Low,0.0
Potato,Maturity,Sandy,9.1,37.7,58.6,High,35.8,Drip Irrigation,Tomato Early Blight,0.75,4.61,3.46,26.15,15.0,6.0,IRRIGATE_IMMEDIATELY,Immediate,4.21
Corn,Maturity,Clay Loam,44.0,37.9,30.1,None,0.0,Sprinkler (Overhead),None / Healthy,0.6,6.08,3.65,0.0,34.0,18.0,OPTIMAL_STANDBY,Low,0.0
Soybean,Fruiting,Loamy,21.0,39.6,47.6,None,0.0,Drip Irrigation,Pepper Bell Bacterial Spot,1.05,5.52,5.8,0.0,28.0,14.0,MAINTENANCE_DRIP,Normal,5.5
Tomato,Vegetative,Black Soil,29.5,29.8,82.0,Low,3.0,Flood / Surface,None / Healthy,0.85,2.56,2.18,0.0,40.0,22.0,IRRIGATE_IMMEDIATELY,Immediate,3.5
Cotton,Maturity,Sandy Loam,6.4,16.7,33.4,None,0.0,Drip Irrigation,None / Healthy,0.55,2.0,1.1,0.0,22.0,10.0,IRRIGATE_IMMEDIATELY,Immediate,3.5
Soybean,Maturity,Clay Loam,33.6,21.6,53.4,None,0.0,Drip Irrigation,Tomato Septoria Leaf Spot,0.5,2.23,1.11,0.0,34.0,18.0,OPTIMAL_STANDBY,Low,0.0
Tomato,Vegetative,Clay Loam,32.3,41.7,40.9,None,0.0,Flood / Surface,Tomato Septoria Leaf Spot,0.85,6.31,5.36,0.0,34.0,18.0,OPTIMAL_STANDBY,Low,0.0
Pepper Bell,Vegetative,Black Soil,30.5,20.3,38.8,Low,3.5,Drip Irrigation,Tomato Septoria Leaf Spot,0.8,2.35,1.88,0.32,40.0,22.0,MAINTENANCE_DRIP,Normal,1.86
Potato,Flowering,Loamy,21.7,28.2,59.1,None,0.0,Sub-surface Drip,None / Healthy,1.15,3.07,3.53,0.0,28.0,14.0,MAINTENANCE_DRIP,Normal,3.69
Rice,Fruiting,Loamy,19.4,31.1,44.9,None,0.0,Flood / Surface,Potato Late Blight,1.2,4.07,4.88,0.0,28.0,14.0,IRRIGATE_IMMEDIATELY,Immediate,5.81
Rice,Seedling,Loamy,17.5,26.5,37.7,None,0.0,Sprinkler (Overhead),Pepper Bell Bacterial Spot,1.05,3.48,3.65,0.0,28.0,14.0,SUSPEND_OVERHEAD_BLIGHT,Immediate,0.0
Rice,Fruiting,Black Soil,41.0,28.0,72.1,High,21.0,Flood / Surface,Pepper Bell Bacterial Spot,1.2,2.61,3.13,14.31,40.0,22.0,DELAY_RAIN_EXPECTED,Low,0.0
Tomato,Fruiting,Loamy,31.1,24.2,51.3,Moderate,7.6,Sprinkler (Overhead),None / Healthy,1.2,2.7,3.24,3.54,28.0,14.0,OPTIMAL_STANDBY,Low,0.0
Pepper Bell,Seedling,Clay Loam,27.9,15.7,50.9,Moderate,14.6,Drip Irrigation,None / Healthy,0.6,2.0,1.2,9.18,34.0,18.0,DELAY_RAIN_EXPECTED,Low,0.0
Sugarcane,Seedling,Black Soil,41.3,29.3,54.2,High,40.0,Sprinkler (Overhead),None / Healthy,0.45,3.41,1.53,29.51,40.0,22.0,DELAY_RAIN_EXPECTED,Low,0.0
Potato,Seedling,Sandy,10.1,24.8,46.7,Moderate,8.7,Drip Irrigation,None / Healthy,0.5,2.92,1.46,4.43,15.0,6.0,DELAY_RAIN_EXPECTED,Moderate,0.0
Corn,Maturity,Clay Loam,17.6,37.8,78.7,None,0.0,Sprinkler (Overhead),None / Healthy,0.6,3.61,2.17,0.0,34.0,18.0,IRRIGATE_IMMEDIATELY,Immediate,3.5
Wheat,Fruiting,Loamy,23.5,14.2,52.7,None,0.0,Flood / Surface,None / Healthy,0.85,2.0,1.7,0.0,28.0,14.0,MAINTENANCE_DRIP,Normal,1.94
Pepper Bell,Fruiting,Black Soil,41.7,24.9,32.5,High,25.8,Drip Irrigation,None / Healthy,1.1,3.34,3.67,18.12,40.0,22.0,DELAY_RAIN_EXPECTED,Low,0.0
Rice,Seedling,Sandy,4.2,40.1,70.3,Low,1.9,Sprinkler (Overhead),Tomato Early Blight,1.05,4.37,4.59,0.0,15.0,6.0,SUSPEND_OVERHEAD_BLIGHT,Immediate,0.0
Wheat,Maturity,Sandy Loam,13.7,28.2,42.9,None,0.0,Sprinkler (Overhead),None / Healthy,0.35,3.63,1.27,0.0,22.0,10.0,IRRIGATE_IMMEDIATELY,Immediate,3.5
Pepper Bell,Seedling,Sandy Loam,18.7,21.0,90.7,None,0.0,Drip Irrigation,Tomato Target Spot,0.6,2.0,1.2,0.0,22.0,10.0,MAINTENANCE_DRIP,Normal,1.5
Soybean,Flowering,Black Soil,25.9,15.8,88.7,Low,3.1,Flood / Surface,None / Healthy,1.15,2.0,2.3,0.0,40.0,22.0,IRRIGATE_IMMEDIATELY,Immediate,3.5
Sugarcane,Fruiting,Loamy,12.7,26.2,28.9,Moderate,17.5,Sprinkler (Overhead),None / Healthy,1.25,3.7,4.62,11.52,28.0,14.0,IRRIGATE_IMMEDIATELY,Immediate,5.68
Potato,Fruiting,Black Soil,28.3,15.7,94.0,Low,5.8,Drip Irrigation,None / Healthy,1.15,2.0,2.3,2.17,40.0,22.0,IRRIGATE_IMMEDIATELY,Immediate,3.5
Tomato,Flowering,Black Soil,37.1,21.6,29.2,High,36.5,Sprinkler (Overhead),None / Healthy,1.15,2.8,3.22,26.68,40.0,22.0,DELAY_RAIN_EXPECTED,Low,0.0
Rice,Vegetative,Sandy Loam,7.5,38.0,48.1,None,0.0,Flood / Surface,None / Healthy,1.15,5.19,5.97,0.0,22.0,10.0,IRRIGATE_IMMEDIATELY,Immediate,7.0
Cotton,Fruiting,Loamy,13.1,21.0,51.4,None,0.0,Sprinkler (Overhead),None / Healthy,0.85,2.19,1.86,0.0,28.0,14.0,IRRIGATE_IMMEDIATELY,Immediate,3.5
Soybean,Vegetative,Clay Loam,31.3,29.6,33.9,High,27.7,Drip Irrigation,None / Healthy,0.7,4.2,2.94,19.63,34.0,18.0,DELAY_RAIN_EXPECTED,Low,0.0
Rice,Seedling,Loamy,20.7,15.7,25.6,Moderate,13.2,Drip Irrigation,Tomato Yellow Leaf Curl Virus,1.05,2.0,2.1,8.03,28.0,14.0,DELAY_RAIN_EXPECTED,Low,0.0
Rice,Fruiting,Loamy,17.3,16.2,44.9,Low,3.4,Drip Irrigation,None / Healthy,1.2,2.0,2.4,0.19,28.0,14.0,IRRIGATE_IMMEDIATELY,Immediate,3.5
Pepper Bell,Seedling,Sandy Loam,6.1,25.2,80.9,None,0.0,Sprinkler (Overhead),Tomato Early Blight,0.6,2.02,1.21,0.0,22.0,10.0,SUSPEND_OVERHEAD_BLIGHT,Immediate,0.0
Wheat,Seedling,Black Soil,31.4,41.7,75.6,None,0.0,Drip Irrigation,Pepper Bell Bacterial Spot,0.4,4.29,1.72,0.0,40.0,22.0,MAINTENANCE_DRIP,Normal,1.65
Rice,Maturity,Black Soil,51.5,19.0,23.9,None,0.0,Sub-surface Drip,Pepper Bell Bacterial Spot,0.95,2.4,2.28,0.0,40.0,22.0,OPTIMAL_STANDBY,Low,0.0
Rice,Seedling,Black Soil,33.1,33.7,77.2,High,36.9,Flood / Surface,None / Healthy,1.05,3.15,3.31,27.02,40.0,22.0,DELAY_RAIN_EXPECTED,Low,0.0
Tomato,Maturity,Black Soil,25.2,20.0,60.0,None,0.0,Drip Irrigation,None / Healthy,0.8,2.0,1.6,0.0,40.0,22.0,IRRIGATE_IMMEDIATELY,Immediate,3.5
Soybean,Vegetative,Clay Loam,21.5,26.2,57.4,Low,6.0,Sprinkler (Overhead),Potato Late Blight,0.7,2.83,1.98,2.26,34.0,18.0,SUSPEND_OVERHEAD_BLIGHT,Immediate,0.0
Cotton,Seedling,Black Soil,33.2,20.7,77.1,Low,5.1,Sub-surface Drip,None / Healthy,0.45,2.0,0.9,1.61,40.0,22.0,MAINTENANCE_DRIP,Normal,1.5
Corn,Flowering,Black Soil,25.8,17.0,94.6,High,34.8,Sub-surface Drip,None / Healthy,1.2,2.0,2.4,25.38,40.0,22.0,IRRIGATE_IMMEDIATELY,Immediate,3.5
Pepper Bell,Flowering,Sandy Loam,18.8,36.8,46.6,None,0.0,Sub-surface Drip,None / Healthy,1.05,5.05,5.3,0.0,22.0,10.0,MAINTENANCE_DRIP,Normal,5.2
Rice,Fruiting,Black Soil,18.6,30.2,48.1,None,0.0,Sprinkler (Overhead),Potato Late Blight,1.2,3.8,4.56,0.0,40.0,22.0,SUSPEND_OVERHEAD_BLIGHT,Immediate,0.0
Tomato,Seedling,Loamy,22.9,16.1,25.3,None,0.0,Drip Irrigation,None / Healthy,0.6,2.0,1.2,0.0,28.0,14.0,MAINTENANCE_DRIP,Normal,1.5
Corn,Flowering,Clay Loam,46.7,21.9,52.5,Low,5.0,Drip Irrigation,None / Healthy,1.2,2.31,2.77,1.47,34.0,18.0,OPTIMAL_STANDBY,Low,0.0
Soybean,Maturity,Sandy,10.9,22.7,32.2,None,0.0,Flood / Surface,Tomato Target Spot,0.5,2.94,1.47,0.0,15.0,6.0,MAINTENANCE_DRIP,Normal,1.5
Soybean,Fruiting,Clay Loam,27.4,25.4,83.7,None,0.0,Sprinkler (Overhead),None / Healthy,1.05,2.05,2.15,0.0,34.0,18.0,MAINTENANCE_DRIP,Normal,2.09
Soybean,Vegetative,Clay Loam,40.5,16.7,81.6,None,0.0,Flood / Surface,None / Healthy,0.7,2.0,1.4,0.0,34.0,18.0,OPTIMAL_STANDBY,Low,0.0
Soybean,Maturity,Sandy Loam,32.3,15.0,28.9,None,0.0,Sub-surface Drip,None / Healthy,0.5,2.0,1.0,0.0,22.0,10.0,OPTIMAL_STANDBY,Low,0.0
Corn,Seedling,Loamy,24.4,36.1,65.1,Moderate,14.7,Sprinkler (Overhead),None / Healthy,0.4,4.03,1.61,9.24,28.0,14.0,DELAY_RAIN_EXPECTED,Low,0.0
Sugarcane,Maturity,Clay Loam,27.0,17.7,49.3,None,0.0,Sprinkler (Overhead),Potato Late Blight,0.7,2.0,1.4,0.0,34.0,18.0,SUSPEND_OVERHEAD_BLIGHT,Immediate,0.0
Soybean,Maturity,Sandy,8.5,26.7,85.9,Moderate,10.4,Drip Irrigation,Tomato Septoria Leaf Spot,0.5,2.19,1.09,5.79,15.0,6.0,IRRIGATE_IMMEDIATELY,Immediate,3.5
Corn,Vegetative,Sandy,10.2,38.7,23.2,None,0.0,Drip Irrigation,Tomato Septoria Leaf Spot,0.85,6.61,5.62,0.0,15.0,6.0,MAINTENANCE_DRIP,Normal,5.33
Cotton,Seedling,Black Soil,35.3,36.5,83.8,None,0.0,Flood / Surface,Tomato Early Blight,0.45,3.37,1.52,0.0,40.0,22.0,MAINTENANCE_DRIP,Normal,1.62
Wheat,Seedling,Sandy,12.9,36.3,60.5,None,0.0,Flood / Surface,None / Healthy,0.4,4.29,1.72,0.0,15.0,6.0,MAINTENANCE_DRIP,Normal,1.67
Soybean,Flowering,Sandy Loam,20.4,19.8,93.8,None,0.0,Drip Irrigation,Potato Late Blight,1.15,2.0,2.3,0.0,22.0,10.0,OPTIMAL_STANDBY,Low,0.0
Sugarcane,Vegetative,Clay Loam,28.3,28.1,69.0,None,0.0,Sprinkler (Overhead),Pepper Bell Bacterial Spot,0.85,2.73,2.32,0.0,34.0,18.0,SUSPEND_OVERHEAD_BLIGHT,Immediate,0.0
Tomato,Fruiting,Sandy,12.0,18.9,57.5,Moderate,15.6,Drip Irrigation,None / Healthy,1.2,2.0,2.4,9.98,15.0,6.0,DELAY_RAIN_EXPECTED,Low,0.0
Cotton,Vegetative,Black Soil,27.1,30.4,48.7,None,0.0,Flood / Surface,Tomato Yellow Leaf Curl Virus,0.75,3.81,2.86,0.0,40.0,22.0,IRRIGATE_IMMEDIATELY,Immediate,3.5
Pepper Bell,Vegetative,Sandy,10.9,25.3,70.0,Moderate,16.2,Flood / Surface,None / Healthy,0.8,2.33,1.86,10.46,15.0,6.0,DELAY_RAIN_EXPECTED,Low,0.0
Soybean,Flowering,Sandy,12.0,30.9,60.7,None,0.0,Sprinkler (Overhead),None / Healthy,1.15,3.43,3.94,0.0,15.0,6.0,MAINTENANCE_DRIP,Normal,3.94
Corn,Seedling,Sandy Loam,14.3,40.7,24.8,Moderate,7.3,Sprinkler (Overhead),None / Healthy,0.4,7.0,2.8,3.35,22.0,10.0,IRRIGATE_IMMEDIATELY,Immediate,3.5
Wheat,Vegetative,Loamy,28.5,23.0,55.0,Moderate,16.7,Sub-surface Drip,None / Healthy,0.75,2.41,1.81,10.89,28.0,14.0,DELAY_RAIN_EXPECTED,Low,0.0
Wheat,Maturity,Sandy Loam,22.5,41.4,90.9,Low,3.0,Drip Irrigation,None / Healthy,0.35,4.01,1.4,0.0,22.0,10.0,OPTIMAL_STANDBY,Low,0.0
Rice,Vegetative,Loamy,27.8,31.4,82.9,Moderate,12.4,Drip Irrigation,None / Healthy,1.15,2.75,3.16,7.45,28.0,14.0,OPTIMAL_STANDBY,Low,0.0
Sugarcane,Fruiting,Clay Loam,32.8,36.6,82.5,Moderate,13.8,Drip Irrigation,None / Healthy,1.25,3.38,4.22,8.53,34.0,18.0,DELAY_RAIN_EXPECTED,Low,0.0
Soybean,Flowering,Black Soil,34.4,17.3,60.5,Moderate,8.2,Sprinkler (Overhead),Potato Late Blight,1.15,2.0,2.3,4.06,40.0,22.0,SUSPEND_OVERHEAD_BLIGHT,Immediate,0.0
Tomato,Fruiting,Loamy,20.9,17.9,92.7,High,31.4,Sprinkler (Overhead),None / Healthy,1.2,2.0,2.4,22.64,28.0,14.0,DELAY_RAIN_EXPECTED,Low,0.0
Sugarcane,Flowering,Clay Loam,40.5,19.9,79.4,High,27.4,Flood / Surface,None / Healthy,1.25,2.0,2.5,19.4,34.0,18.0,DELAY_RAIN_EXPECTED,Low,0.0
Corn,Maturity,Clay Loam,42.6,33.7,42.3,Moderate,9.2,Drip Irrigation,Tomato Early Blight,0.6,4.66,2.8,4.84,34.0,18.0,OPTIMAL_STANDBY,Low,0.0
Rice,Seedling,Sandy Loam,13.0,35.2,82.6,Low,3.0,Drip Irrigation,None / Healthy,1.05,3.21,3.37,0.0,22.0,10.0,IRRIGATE_IMMEDIATELY,Immediate,4.59
Corn,Fruiting,Sandy Loam,18.4,40.0,20.9,None,0.0,Drip Irrigation,None / Healthy,1.1,7.05,7.76,0.0,22.0,10.0,MAINTENANCE_DRIP,Normal,5.5
Pepper Bell,Vegetative,Clay Loam,29.6,41.9,49.4,Moderate,16.5,Drip Irrigation,None / Healthy,0.8,5.86,4.69,10.71,34.0,18.0,DELAY_RAIN_EXPECTED,Low,0.0
Wheat,Flowering,Loamy,10.5,24.7,20.8,None,0.0,Flood / Surface,None / Healthy,1.15,3.64,4.19,0.0,28.0,14.0,IRRIGATE_IMMEDIATELY,Immediate,5.27
Pepper Bell,Fruiting,Black Soil,38.9,19.8,73.7,Moderate,7.9,Drip Irrigation,None / Healthy,1.1,2.0,2.2,3.83,40.0,22.0,OPTIMAL_STANDBY,Low,0.0
Wheat,Flowering,Clay Loam,29.4,35.3,87.1,Low,4.3,Drip Irrigation,None / Healthy,1.15,3.23,3.71,0.92,34.0,18.0,MAINTENANCE_DRIP,Normal,3.74
Soybean,Vegetative,Sandy,15.1,30.3,58.0,Moderate,9.9,Flood / Surface,None / Healthy,0.7,3.45,2.42,5.41,15.0,6.0,OPTIMAL_STANDBY,Low,0.0
Sugarcane,Maturity,Sandy Loam,24.7,39.9,80.3,None,0.0,Drip Irrigation,None / Healthy,0.7,3.81,2.67,0.0,22.0,10.0,OPTIMAL_STANDBY,Low,0.0
Wheat,Fruiting,Black Soil,23.3,32.3,54.9,Moderate,13.5,Drip Irrigation,None / Healthy,0.85,3.88,3.3,8.32,40.0,22.0,IRRIGATE_IMMEDIATELY,Immediate,4.17
Wheat,Seedling,Loamy,32.3,19.6,77.1,High,19.3,Drip Irrigation,Tomato Yellow Leaf Curl Virus,0.4,2.0,0.8,12.96,28.0,14.0,DELAY_RAIN_EXPECTED,Low,0.0
Sugarcane,Maturity,Sandy,5.2,25.4,62.4,None,0.0,Sprinkler (Overhead),None / Healthy,0.7,2.56,1.79,0.0,15.0,6.0,IRRIGATE_IMMEDIATELY,Immediate,3.5
Sugarcane,Flowering,Clay Loam,27.4,14.4,38.4,None,0.0,Flood / Surface,None / Healthy,1.25,2.0,2.5,0.0,34.0,18.0,MAINTENANCE_DRIP,Normal,2.53
Soybean,Vegetative,Loamy,15.9,38.1,91.9,None,0.0,Flood / Surface,None / Healthy,0.7,3.58,2.51,0.0,28.0,14.0,IRRIGATE_IMMEDIATELY,Immediate,3.5
Potato,Seedling,Sandy Loam,19.1,34.2,80.1,Moderate,16.6,Sprinkler (Overhead),None / Healthy,0.5,3.09,1.54,10.77,22.0,10.0,DELAY_RAIN_EXPECTED,Low,0.0
Sugarcane,Vegetative,Loamy,26.8,36.6,93.0,None,0.0,Sprinkler (Overhead),None / Healthy,0.85,3.39,2.88,0.0,28.0,14.0,OPTIMAL_STANDBY,Low,0.0
Potato,Flowering,Clay Loam,23.5,36.4,85.3,High,20.2,Sub-surface Drip,None / Healthy,1.15,3.36,3.86,13.62,34.0,18.0,DELAY_RAIN_EXPECTED,Low,0.0
Soybean,Seedling,Loamy,27.5,18.0,61.4,Low,4.1,Sprinkler (Overhead),None / Healthy,0.4,2.0,0.8,0.8,28.0,14.0,OPTIMAL_STANDBY,Low,0.0
Sugarcane,Seedling,Clay Loam,28.6,39.6,80.8,None,0.0,Flood / Surface,None / Healthy,0.45,3.78,1.7,0.0,34.0,18.0,MAINTENANCE_DRIP,Normal,1.64
Tomato,Maturity,Black Soil,36.9,22.4,52.4,None,0.0,Sprinkler (Overhead),None / Healthy,0.8,2.39,1.91,0.0,40.0,22.0,OPTIMAL_STANDBY,Low,0.0
Potato,Flowering,Loamy,27.5,23.2,33.4,Moderate,13.8,Sprinkler (Overhead),Potato Late Blight,1.15,2.99,3.44,8.54,28.0,14.0,SUSPEND_OVERHEAD_BLIGHT,Immediate,0.0
Potato,Flowering,Sandy,25.6,37.9,51.0,Low,5.0,Drip Irrigation,None / Healthy,1.15,5.03,5.78,1.48,15.0,6.0,OPTIMAL_STANDBY,Low,0.0
Soybean,Vegetative,Sandy,11.6,36.0,80.9,High,29.3,Drip Irrigation,None / Healthy,0.7,3.31,2.32,20.97,15.0,6.0,DELAY_RAIN_EXPECTED,Low,0.0
Wheat,Seedling,Black Soil,41.7,17.2,88.4,High,33.7,Drip Irrigation,None / Healthy,0.4,2.0,0.8,24.44,40.0,22.0,DELAY_RAIN_EXPECTED,Low,0.0
Rice,Flowering,Sandy,11.6,28.2,49.3,None,0.0,Drip Irrigation,Tomato Yellow Leaf Curl Virus,1.25,3.4,4.25,0.0,15.0,6.0,MAINTENANCE_DRIP,Normal,4.32
Wheat,Flowering,Clay Loam,29.5,28.2,43.0,Moderate,12.1,Drip Irrigation,None / Healthy,1.15,3.62,4.16,7.15,34.0,18.0,DELAY_RAIN_EXPECTED,Moderate,0.0
Wheat,Flowering,Sandy Loam,21.1,18.5,56.1,None,0.0,Drip Irrigation,None / Healthy,1.15,2.0,2.3,0.0,22.0,10.0,OPTIMAL_STANDBY,Low,0.0
Cotton,Seedling,Clay Loam,22.5,28.4,50.1,Low,2.1,Sprinkler (Overhead),None / Healthy,0.45,3.41,1.53,0.0,34.0,18.0,IRRIGATE_IMMEDIATELY,Immediate,3.5
Tomato,Seedling,Black Soil,39.8,31.7,57.4,Moderate,12.7,Drip Irrigation,None / Healthy,0.6,3.67,2.2,7.67,40.0,22.0,OPTIMAL_STANDBY,Low,0.0
Tomato,Seedling,Sandy Loam,7.5,22.7,41.2,Low,5.7,Flood / Surface,Tomato Yellow Leaf Curl Virus,0.6,2.7,1.62,2.05,22.0,10.0,IRRIGATE_IMMEDIATELY,Immediate,3.5
Rice,Maturity,Sandy Loam,16.4,16.5,61.9,None,0.0,Sprinkler (Overhead),Pepper Bell Bacterial Spot,0.95,2.0,1.9,0.0,22.0,10.0,SUSPEND_OVERHEAD_BLIGHT,Immediate,0.0
Rice,Fruiting,Loamy,23.9,17.3,20.6,None,0.0,Drip Irrigation,Tomato Yellow Leaf Curl Virus,1.2,2.12,2.54,0.0,28.0,14.0,MAINTENANCE_DRIP,Normal,2.42
Wheat,Maturity,Sandy Loam,10.0,18.7,58.7,None,0.0,Drip Irrigation,Tomato Yellow Leaf Curl Virus,0.35,2.0,0.7,0.0,22.0,10.0,IRRIGATE_IMMEDIATELY,Immediate,3.5
Wheat,Fruiting,Sandy,10.9,15.9,61.3,None,0.0,Drip Irrigation,Tomato Early Blight,0.85,2.0,1.7,0.0,15.0,6.0,MAINTENANCE_DRIP,Normal,1.64
Wheat,Seedling,Clay Loam,20.4,20.6,21.9,Moderate,15.6,Sprinkler (Overhead),None / Healthy,0.4,2.77,1.11,9.95,34.0,18.0,IRRIGATE_IMMEDIATELY,Immediate,3.5
Sugarcane,Fruiting,Loamy,30.2,26.9,34.5,Low,2.2,Drip Irrigation,None / Healthy,1.25,3.67,4.59,0.0,28.0,14.0,OPTIMAL_STANDBY,Low,0.0
Sugarcane,Flowering,Black Soil,38.4,14.9,28.7,Low,3.8,Drip Irrigation,None / Healthy,1.25,2.0,2.5,0.5,40.0,22.0,OPTIMAL_STANDBY,Low,0.0
Tomato,Vegetative,Sandy Loam,14.3,40.5,51.8,None,0.0,Flood / Surface,None / Healthy,0.85,5.46,4.64,0.0,22.0,10.0,IRRIGATE_IMMEDIATELY,Immediate,5.94
Rice,Seedling,Black Soil,27.3,25.4,78.1,Low,5.7,Drip Irrigation,None / Healthy,1.05,2.11,2.22,2.02,40.0,22.0,IRRIGATE_IMMEDIATELY,Immediate,3.5
Cotton,Vegetative,Sandy Loam,35.2,16.7,27.3,None,0.0,Sprinkler (Overhead),Tomato Septoria Leaf Spot,0.75,2.0,1.5,0.0,22.0,10.0,SUSPEND_OVERHEAD_BLIGHT,Immediate,0.0
Rice,Maturity,Loamy,21.3,37.3,55.4,None,0.0,Drip Irrigation,None / Healthy,0.95,4.7,4.46,0.0,28.0,14.0,MAINTENANCE_DRIP,Normal,4.55
Rice,Vegetative,Sandy,10.3,36.2,55.6,Low,2.7,Drip Irrigation,None / Healthy,1.15,4.5,5.17,0.0,15.0,6.0,MAINTENANCE_DRIP,Normal,4.94
Rice,Seedling,Sandy,11.2,37.2,53.0,Moderate,15.3,Drip Irrigation,None / Healthy,1.05,4.8,5.04,9.73,15.0,6.0,DELAY_RAIN_EXPECTED,Low,0.0
Pepper Bell,Maturity,Sandy,8.0,32.2,84.0,Moderate,12.4,Flood / Surface,None / Healthy,0.85,2.85,2.42,7.44,15.0,6.0,IRRIGATE_IMMEDIATELY,Immediate,3.5
Pepper Bell,Flowering,Black Soil,19.4,36.8,86.9,Low,5.5,Sprinkler (Overhead),None / Healthy,1.05,3.41,3.58,1.9,40.0,22.0,IRRIGATE_IMMEDIATELY,Immediate,4.27
Wheat,Flowering,Black Soil,38.0,37.4,26.1,Moderate,12.3,Drip Irrigation,Tomato Yellow Leaf Curl Virus,1.15,6.18,7.11,7.35,40.0,22.0,OPTIMAL_STANDBY,Low,0.0
Potato,Fruiting,Clay Loam,26.6,23.5,63.9,Low,3.8,Drip Irrigation,None / Healthy,1.15,2.25,2.59,0.57,34.0,18.0,MAINTENANCE_DRIP,Normal,2.36
Cotton,Fruiting,Loamy,33.4,30.0,72.1,Moderate,8.6,Flood / Surface,None / Healthy,0.85,2.87,2.44,4.37,28.0,14.0,OPTIMAL_STANDBY,Low,0.0
Wheat,Vegetative,Sandy Loam,16.7,20.1,24.3,Moderate,15.9,Sprinkler (Overhead),Potato Late Blight,0.75,2.61,1.96,10.24,22.0,10.0,SUSPEND_OVERHEAD_BLIGHT,Immediate,0.0
Tomato,Flowering,Sandy,10.5,41.4,57.4,None,0.0,Drip Irrigation,None / Healthy,1.15,5.31,6.11,0.0,15.0,6.0,MAINTENANCE_DRIP,Normal,5.5
Rice,Flowering,Sandy,16.2,19.6,40.0,None,0.0,Flood / Surface,Tomato Early Blight,1.25,2.2,2.75,0.0,15.0,6.0,OPTIMAL_STANDBY,Low,0.0
Soybean,Flowering,Black Soil,34.3,37.0,54.2,None,0.0,Sprinkler (Overhead),Tomato Yellow Leaf Curl Virus,1.15,4.71,5.42,0.0,40.0,22.0,MAINTENANCE_DRIP,Normal,5.24
Cotton,Fruiting,Loamy,29.8,30.9,63.4,None,0.0,Drip Irrigation,None / Healthy,0.85,3.33,2.83,0.0,28.0,14.0,OPTIMAL_STANDBY,Low,0.0
Pepper Bell,Maturity,Clay Loam,19.4,31.5,68.8,Low,3.9,Sprinkler (Overhead),None / Healthy,0.85,3.2,2.72,0.64,34.0,18.0,IRRIGATE_IMMEDIATELY,Immediate,3.57
Soybean,Fruiting,Loamy,21.1,16.7,53.3,High,30.2,Sub-surface Drip,None / Healthy,1.05,2.0,2.1,21.7,28.0,14.0,DELAY_RAIN_EXPECTED,Low,0.0
Rice,Flowering,Clay Loam,24.4,18.6,74.3,None,0.0,Drip Irrigation,None / Healthy,1.25,2.0,2.5,0.0,34.0,18.0,IRRIGATE_IMMEDIATELY,Immediate,3.5
Sugarcane,Maturity,Black Soil,19.5,41.0,65.4,Moderate,14.1,Drip Irrigation,Pepper Bell Bacterial Spot,0.7,4.78,3.35,8.78,40.0,22.0,IRRIGATE_IMMEDIATELY,Immediate,4.35
Cotton,Seedling,Loamy,22.8,38.5,77.7,Low,3.6,Sprinkler (Overhead),None / Healthy,0.45,3.75,1.69,0.34,28.0,14.0,MAINTENANCE_DRIP,Normal,1.7
Soybean,Vegetative,Clay Loam,25.4,20.6,91.5,None,0.0,Drip Irrigation,None / Healthy,0.7,2.0,1.4,0.0,34.0,18.0,MAINTENANCE_DRIP,Normal,1.5
Soybean,Maturity,Sandy Loam,15.9,28.1,24.3,Moderate,8.0,Drip Irrigation,Tomato Target Spot,0.5,4.24,2.12,3.87,22.0,10.0,MAINTENANCE_DRIP,Normal,1.81
Pepper Bell,Seedling,Loamy,32.4,17.6,38.6,Low,3.1,Sprinkler (Overhead),None / Healthy,0.6,2.0,1.2,0.0,28.0,14.0,OPTIMAL_STANDBY,Low,0.0
Tomato,Flowering,Sandy Loam,15.7,34.6,77.8,None,0.0,Sprinkler (Overhead),None / Healthy,1.15,3.24,3.73,0.0,22.0,10.0,MAINTENANCE_DRIP,Normal,3.8
Soybean,Fruiting,Sandy,15.1,41.8,85.3,High,29.8,Sprinkler (Overhead),None / Healthy,1.05,4.06,4.26,21.32,15.0,6.0,DELAY_RAIN_EXPECTED,Low,0.0
Cotton,Maturity,Loamy,16.5,30.2,50.6,Low,2.2,Drip Irrigation,None / Healthy,0.55,3.69,2.03,0.0,28.0,14.0,IRRIGATE_IMMEDIATELY,Immediate,3.5
Wheat,Fruiting,Loamy,22.6,27.1,84.9,Moderate,10.1,Sprinkler (Overhead),Tomato Yellow Leaf Curl Virus,0.85,2.25,1.91,5.61,28.0,14.0,DELAY_RAIN_EXPECTED,Moderate,0.0
Corn,Fruiting,Sandy Loam,18.6,36.3,86.3,None,0.0,Drip Irrigation,None / Healthy,1.1,3.35,3.69,0.0,22.0,10.0,MAINTENANCE_DRIP,Normal,3.64
Rice,Vegetative,Clay Loam,21.8,40.4,51.5,Moderate,15.6,Sub-surface Drip,None / Healthy,1.15,5.46,6.28,9.99,34.0,18.0,IRRIGATE_IMMEDIATELY,Immediate,7.0
Corn,Maturity,Black Soil,32.9,16.5,91.4,None,0.0,Sprinkler (Overhead),Pepper Bell Bacterial Spot,0.6,2.0,1.2,0.0,40.0,22.0,SUSPEND_OVERHEAD_BLIGHT,Immediate,0.0
Rice,Vegetative,Clay Loam,36.0,27.6,26.6,Moderate,7.8,Flood / Surface,None / Healthy,1.15,4.04,4.65,3.74,34.0,18.0,OPTIMAL_STANDBY,Low,0.0
Potato,Fruiting,Loamy,19.0,32.4,39.9,None,0.0,Flood / Surface,None / Healthy,1.15,4.5,5.17,0.0,28.0,14.0,IRRIGATE_IMMEDIATELY,Immediate,6.33
Corn,Flowering,Clay Loam,40.0,24.8,46.1,None,0.0,Sub-surface Drip,None / Healthy,1.2,2.94,3.53,0.0,34.0,18.0,OPTIMAL_STANDBY,Low,0.0
Pepper Bell,Maturity,Clay Loam,44.9,29.1,24.6,High,19.0,Drip Irrigation,Pepper Bell Bacterial Spot,0.85,4.43,3.77,12.74,34.0,18.0,DELAY_RAIN_EXPECTED,Low,0.0
Rice,Maturity,Black Soil,49.8,41.6,25.0,Moderate,7.9,Sprinkler (Overhead),None / Healthy,0.95,7.21,6.85,3.8,40.0,22.0,OPTIMAL_STANDBY,Low,0.0
Tomato,Maturity,Sandy,6.1,20.8,28.7,None,0.0,Sprinkler (Overhead),None / Healthy,0.8,2.66,2.13,0.0,15.0,6.0,IRRIGATE_IMMEDIATELY,Immediate,3.5
Corn,Maturity,Clay Loam,20.9,25.2,74.8,Low,1.7,Drip Irrigation,None / Healthy,0.6,2.17,1.3,0.0,34.0,18.0,IRRIGATE_IMMEDIATELY,Immediate,3.5
Pepper Bell,Seedling,Sandy Loam,14.4,27.2,79.1,Low,4.2,Flood / Surface,None / Healthy,0.6,2.28,1.37,0.89,22.0,10.0,IRRIGATE_IMMEDIATELY,Immediate,3.5
Sugarcane,Fruiting,Sandy Loam,11.9,36.9,65.7,None,0.0,Flood / Surface,Tomato Yellow Leaf Curl Virus,1.25,4.13,5.16,0.0,22.0,10.0,IRRIGATE_IMMEDIATELY,Immediate,6.92
Cotton,Vegetative,Clay Loam,27.7,40.3,51.4,High,19.9,Drip Irrigation,None / Healthy,0.75,5.45,4.09,13.41,34.0,18.0,DELAY_RAIN_EXPECTED,Low,0.0
Soybean,Seedling,Loamy,14.9,41.9,47.3,None,0.0,Drip Irrigation,None / Healthy,0.4,5.97,2.39,0.0,28.0,14.0,IRRIGATE_IMMEDIATELY,Immediate,3.5
Cotton,Maturity,Loamy,22.2,30.6,44.3,Moderate,13.7,Sprinkler (Overhead),None / Healthy,0.55,4.0,2.2,8.46,28.0,14.0,DELAY_RAIN_EXPECTED,Low,0.0
Pepper Bell,Fruiting,Loamy,20.9,22.6,30.2,Low,2.9,Drip Irrigation,Tomato Target Spot,1.1,2.97,3.27,0.0,28.0,14.0,MAINTENANCE_DRIP,Normal,3.09
Rice,Fruiting,Sandy,17.9,25.7,70.9,Low,5.9,Flood / Surface,Tomato Yellow Leaf Curl Virus,1.2,2.35,2.82,2.22,15.0,6.0,OPTIMAL_STANDBY,Low,0.0
Potato,Fruiting,Sandy,25.0,30.7,55.3,None,0.0,Flood / Surface,None / Healthy,1.15,3.61,4.15,0.0,15.0,6.0,OPTIMAL_STANDBY,Low,0.0
Pepper Bell,Fruiting,Sandy,6.8,36.4,29.6,None,0.0,Flood / Surface,None / Healthy,1.1,5.78,6.36,0.0,15.0,6.0,IRRIGATE_IMMEDIATELY,Immediate,7.0
Soybean,Maturity,Sandy Loam,17.6,14.6,33.5,None,0.0,Sprinkler (Overhead),Tomato Yellow Leaf Curl Virus,0.5,2.0,1.0,0.0,22.0,10.0,MAINTENANCE_DRIP,Normal,1.5
Soybean,Seedling,Clay Loam,26.1,24.5,49.4,Moderate,15.4,Sprinkler (Overhead),None / Healthy,0.4,2.79,1.12,9.81,34.0,18.0,DELAY_RAIN_EXPECTED,Low,0.0
Corn,Seedling,Sandy,24.6,21.0,89.9,Low,1.4,Flood / Surface,None / Healthy,0.4,2.0,0.8,0.0,15.0,6.0,OPTIMAL_STANDBY,Low,0.0
Soybean,Fruiting,Clay Loam,21.6,18.0,39.0,None,0.0,Flood / Surface,Tomato Target Spot,1.05,2.0,2.1,0.0,34.0,18.0,IRRIGATE_IMMEDIATELY,Immediate,3.5
Potato,Fruiting,Loamy,22.6,15.3,88.1,Moderate,7.9,Drip Irrigation,None / Healthy,1.15,2.0,2.3,3.8,28.0,14.0,MAINTENANCE_DRIP,Normal,2.32
Pepper Bell,Maturity,Sandy Loam,8.6,21.5,87.2,None,0.0,Flood / Surface,None / Healthy,0.85,2.0,1.7,0.0,22.0,10.0,IRRIGATE_IMMEDIATELY,Immediate,3.5
Potato,Fruiting,Black Soil,41.6,31.5,65.5,Moderate,11.4,Drip Irrigation,None / Healthy,1.15,3.33,3.83,6.59,40.0,22.0,OPTIMAL_STANDBY,Low,0.0
Soybean,Flowering,Sandy,8.8,24.3,51.1,High,37.0,Drip Irrigation,None / Healthy,1.15,2.72,3.13,27.07,15.0,6.0,IRRIGATE_IMMEDIATELY,Immediate,4.02
Corn,Vegetative,Clay Loam,35.2,17.5,26.2,Low,3.0,Drip Irrigation,Tomato Early Blight,0.85,2.06,1.75,0.0,34.0,18.0,OPTIMAL_STANDBY,Low,0.0
Wheat,Seedling,Sandy Loam,17.7,20.4,66.7,None,0.0,Drip Irrigation,None / Healthy,0.4,2.0,0.8,0.0,22.0,10.0,MAINTENANCE_DRIP,Normal,1.5
Soybean,Vegetative,Black Soil,36.8,21.9,49.6,Low,4.4,Drip Irrigation,None / Healthy,0.7,2.37,1.66,1.01,40.0,22.0,OPTIMAL_STANDBY,Low,0.0
Rice,Vegetative,Black Soil,30.6,20.9,48.8,Moderate,16.9,Flood / Surface,Potato Late Blight,1.15,2.23,2.56,10.99,40.0,22.0,DELAY_RAIN_EXPECTED,Low,0.0
Corn,Fruiting,Sandy Loam,8.7,41.6,88.6,Moderate,7.7,Flood / Surface,Tomato Target Spot,1.1,4.04,4.44,3.63,22.0,10.0,IRRIGATE_IMMEDIATELY,Immediate,5.44
Cotton,Fruiting,Sandy Loam,22.3,16.9,52.3,None,0.0,Sprinkler (Overhead),None / Healthy,0.85,2.0,1.7,0.0,22.0,10.0,OPTIMAL_STANDBY,Low,0.0
Tomato,Seedling,Sandy Loam,18.4,29.9,24.5,Moderate,7.7,Drip Irrigation,Pepper Bell Bacterial Spot,0.6,4.61,2.77,3.65,22.0,10.0,MAINTENANCE_DRIP,Normal,2.63
Wheat,Vegetative,Loamy,27.5,33.3,22.9,Moderate,11.9,Flood / Surface,None / Healthy,0.75,5.42,4.06,6.99,28.0,14.0,OPTIMAL_STANDBY,Low,0.0
Potato,Seedling,Black Soil,18.5,41.5,37.7,Moderate,11.0,Drip Irrigation,Pepper Bell Bacterial Spot,0.5,6.45,3.23,6.33,40.0,22.0,IRRIGATE_IMMEDIATELY,Immediate,3.95
Sugarcane,Maturity,Sandy Loam,13.8,36.7,88.1,Moderate,17.6,Sprinkler (Overhead),None / Healthy,0.7,3.4,2.38,11.56,22.0,10.0,IRRIGATE_IMMEDIATELY,Immediate,3.5
Tomato,Maturity,Sandy,10.1,17.1,78.7,None,0.0,Sub-surface Drip,Tomato Septoria Leaf Spot,0.8,2.0,1.6,0.0,15.0,6.0,MAINTENANCE_DRIP,Normal,1.67
Soybean,Flowering,Black Soil,21.7,29.2,55.3,None,0.0,Sprinkler (Overhead),Pepper Bell Bacterial Spot,1.15,3.37,3.88,0.0,40.0,22.0,SUSPEND_OVERHEAD_BLIGHT,Immediate,0.0
Wheat,Fruiting,Black Soil,40.9,14.4,74.7,High,26.1,Sub-surface Drip,None / Healthy,0.85,2.0,1.7,18.38,40.0,22.0,DELAY_RAIN_EXPECTED,Low,0.0
Soybean,Fruiting,Sandy Loam,34.9,19.4,40.7,High,21.8,Drip Irrigation,None / Healthy,1.05,2.15,2.26,14.96,22.0,10.0,DELAY_RAIN_EXPECTED,Low,0.0
Tomato,Fruiting,Black Soil,41.3,25.1,65.1,Moderate,10.9,Flood / Surface,Potato Late Blight,1.2,2.44,2.93,6.2,40.0,22.0,OPTIMAL_STANDBY,Low,0.0
Soybean,Flowering,Black Soil,19.1,31.0,28.2,High,21.1,Sprinkler (Overhead),None / Healthy,1.15,4.7,5.4,14.36,40.0,22.0,IRRIGATE_IMMEDIATELY,Immediate,6.23
Potato,Seedling,Clay Loam,16.8,15.3,29.2,None,0.0,Drip Irrigation,Tomato Septoria Leaf Spot,0.5,2.0,1.0,0.0,34.0,18.0,IRRIGATE_IMMEDIATELY,Immediate,3.5
Sugarcane,Flowering,Sandy Loam,24.0,33.7,32.9,Low,4.8,Sprinkler (Overhead),None / Healthy,1.25,5.06,6.32,1.31,22.0,10.0,OPTIMAL_STANDBY,Low,0.0
Potato,Seedling,Clay Loam,22.4,24.4,87.9,None,0.0,Flood / Surface,None / Healthy,0.5,2.0,1.0,0.0,34.0,18.0,IRRIGATE_IMMEDIATELY,Immediate,3.5
Pepper Bell,Flowering,Sandy,15.3,22.7,84.2,None,0.0,Sprinkler (Overhead),None / Healthy,1.05,2.0,2.1,0.0,15.0,6.0,OPTIMAL_STANDBY,Low,0.0
Cotton,Seedling,Loamy,20.8,40.2,46.4,Moderate,17.8,Sprinkler (Overhead),Tomato Early Blight,0.45,5.7,2.56,11.78,28.0,14.0,SUSPEND_OVERHEAD_BLIGHT,Immediate,0.0
Pepper Bell,Fruiting,Black Soil,19.2,41.5,67.9,Moderate,12.3,Drip Irrigation,None / Healthy,1.1,4.72,5.19,7.31,40.0,22.0,IRRIGATE_IMMEDIATELY,Immediate,6.84
Wheat,Fruiting,Loamy,15.2,25.6,39.6,Moderate,10.9,Sub-surface Drip,Tomato Yellow Leaf Curl Virus,0.85,3.26,2.77,6.24,28.0,14.0,IRRIGATE_IMMEDIATELY,Immediate,3.5
Rice,Seedling,Sandy,4.4,38.3,66.9,None,0.0,Flood / Surface,None / Healthy,1.05,4.28,4.49,0.0,15.0,6.0,IRRIGATE_IMMEDIATELY,Immediate,5.57
Pepper Bell,Fruiting,Clay Loam,43.2,33.0,61.8,None,0.0,Flood / Surface,None / Healthy,1.1,3.7,4.07,0.0,34.0,18.0,OPTIMAL_STANDBY,Low,0.0
Rice,Maturity,Black Soil,33.1,29.3,46.1,Moderate,16.6,Drip Irrigation,Potato Late Blight,0.95,3.72,3.53,10.77,40.0,22.0,DELAY_RAIN_EXPECTED,Low,0.0
Cotton,Maturity,Black Soil,26.6,20.6,94.7,None,0.0,Drip Irrigation,None / Healthy,0.55,2.0,1.1,0.0,40.0,22.0,IRRIGATE_IMMEDIATELY,Immediate,3.5
Sugarcane,Flowering,Sandy,11.3,30.9,35.4,Low,3.2,Drip Irrigation,Pepper Bell Bacterial Spot,1.25,4.4,5.5,0.09,15.0,6.0,MAINTENANCE_DRIP,Normal,5.47
Rice,Maturity,Black Soil,51.3,18.5,91.3,None,0.0,Drip Irrigation,None / Healthy,0.95,2.0,1.9,0.0,40.0,22.0,OPTIMAL_STANDBY,Low,0.0
Tomato,Fruiting,Clay Loam,29.3,20.6,32.9,Moderate,7.7,Drip Irrigation,Potato Late Blight,1.2,2.53,3.04,3.7,34.0,18.0,MAINTENANCE_DRIP,Normal,2.83
Pepper Bell,Maturity,Black Soil,41.7,38.3,24.3,Low,2.8,Sprinkler (Overhead),None / Healthy,0.85,6.46,5.49,0.0,40.0,22.0,OPTIMAL_STANDBY,Low,0.0
Corn,Fruiting,Clay Loam,33.1,31.1,27.7,Low,5.3,Flood / Surface,None / Healthy,1.1,4.73,5.2,1.72,34.0,18.0,OPTIMAL_STANDBY,Low,0.0
Wheat,Flowering,Black Soil,41.4,34.2,33.6,Moderate,8.0,Drip Irrigation,None / Healthy,1.15,5.14,5.91,3.89,40.0,22.0,OPTIMAL_STANDBY,Low,0.0
Tomato,Flowering,Loamy,22.2,32.7,52.5,Low,4.2,Sprinkler (Overhead),None / Healthy,1.15,4.05,4.66,0.87,28.0,14.0,MAINTENANCE_DRIP,Normal,4.42
Rice,Fruiting,Sandy,4.0,21.7,33.5,Moderate,9.5,Flood / Surface,None / Healthy,1.2,2.72,3.26,5.14,15.0,6.0,IRRIGATE_IMMEDIATELY,Immediate,3.87
Wheat,Fruiting,Clay Loam,30.9,41.7,54.2,Low,6.0,Flood / Surface,Tomato Septoria Leaf Spot,0.85,5.54,4.71,2.27,34.0,18.0,OPTIMAL_STANDBY,Low,0.0
Wheat,Flowering,Loamy,28.5,35.3,68.1,Moderate,14.4,Flood / Surface,None / Healthy,1.15,3.77,4.34,9.05,28.0,14.0,DELAY_RAIN_EXPECTED,Low,0.0
Soybean,Fruiting,Sandy,4.8,20.0,62.3,None,0.0,Drip Irrigation,Tomato Target Spot,1.05,2.0,2.1,0.0,15.0,6.0,IRRIGATE_IMMEDIATELY,Immediate,3.5
Corn,Maturity,Clay Loam,27.7,41.2,77.9,None,0.0,Drip Irrigation,None / Healthy,0.6,4.1,2.46,0.0,34.0,18.0,MAINTENANCE_DRIP,Normal,2.42
Cotton,Vegetative,Loamy,27.0,32.6,58.7,None,0.0,Sprinkler (Overhead),Tomato Target Spot,0.75,3.78,2.83,0.0,28.0,14.0,SUSPEND_OVERHEAD_BLIGHT,Immediate,0.0
Rice,Vegetative,Sandy,10.5,25.5,88.0,None,0.0,Drip Irrigation,None / Healthy,1.15,2.06,2.37,0.0,15.0,6.0,MAINTENANCE_DRIP,Normal,2.61
Tomato,Vegetative,Loamy,23.1,36.2,63.3,None,0.0,Sprinkler (Overhead),Tomato Yellow Leaf Curl Virus,0.85,4.13,3.51,0.0,28.0,14.0,MAINTENANCE_DRIP,Normal,3.5
Wheat,Vegetative,Sandy Loam,18.7,24.5,74.7,High,41.2,Drip Irrigation,None / Healthy,0.75,2.1,1.58,30.47,22.0,10.0,DELAY_RAIN_EXPECTED,Low,0.0
Wheat,Seedling,Sandy Loam,8.6,32.3,41.1,Moderate,9.2,Sub-surface Drip,None / Healthy,0.4,4.44,1.78,4.82,22.0,10.0,IRRIGATE_IMMEDIATELY,Immediate,3.5
Cotton,Fruiting,Sandy,4.0,33.8,30.4,None,0.0,Drip Irrigation,None / Healthy,0.85,5.2,4.42,0.0,15.0,6.0,IRRIGATE_IMMEDIATELY,Immediate,5.61
Cotton,Fruiting,Black Soil,22.3,17.5,22.2,None,0.0,Drip Irrigation,None / Healthy,0.85,2.13,1.81,0.0,40.0,22.0,IRRIGATE_IMMEDIATELY,Immediate,3.5
Pepper Bell,Maturity,Sandy Loam,14.2,26.3,44.9,None,0.0,Flood / Surface,Tomato Septoria Leaf Spot,0.85,3.24,2.75,0.0,22.0,10.0,IRRIGATE_IMMEDIATELY,Immediate,3.75
Potato,Fruiting,Loamy,21.3,29.7,71.7,Moderate,12.9,Drip Irrigation,None / Healthy,1.15,2.85,3.28,7.85,28.0,14.0,DELAY_RAIN_EXPECTED,Moderate,0.0
Pepper Bell,Maturity,Clay Loam,27.0,24.3,56.0,None,0.0,Drip Irrigation,None / Healthy,0.85,2.58,2.19,0.0,34.0,18.0,MAINTENANCE_DRIP,Normal,1.99
Rice,Seedling,Sandy Loam,8.8,33.0,26.3,Low,2.6,Flood / Surface,Potato Late Blight,1.05,5.2,5.46,0.0,22.0,10.0,IRRIGATE_IMMEDIATELY,Immediate,6.85
Pepper Bell,Fruiting,Loamy,29.3,41.0,71.8,Moderate,14.0,Drip Irrigation,None / Healthy,1.1,4.41,4.85,8.66,28.0,14.0,DELAY_RAIN_EXPECTED,Low,0.0
Corn,Fruiting,Clay Loam,47.7,36.9,53.0,Low,5.5,Drip Irrigation,Tomato Target Spot,1.1,4.75,5.23,1.91,34.0,18.0,OPTIMAL_STANDBY,Low,0.0
Potato,Vegetative,Loamy,24.4,20.0,91.7,None,0.0,Sprinkler (Overhead),None / Healthy,0.8,2.0,1.6,0.0,28.0,14.0,MAINTENANCE_DRIP,Normal,1.5
Pepper Bell,Seedling,Black Soil,50.0,29.9,87.0,Low,2.0,Flood / Surface,None / Healthy,0.6,2.57,1.54,0.0,40.0,22.0,OPTIMAL_STANDBY,Low,0.0
Potato,Fruiting,Sandy Loam,14.0,37.9,68.7,Low,2.4,Drip Irrigation,Tomato Yellow Leaf Curl Virus,1.15,4.12,4.74,0.0,22.0,10.0,IRRIGATE_IMMEDIATELY,Immediate,5.75
Wheat,Maturity,Loamy,16.4,26.1,89.0,Moderate,13.3,Drip Irrigation,Tomato Septoria Leaf Spot,0.35,2.13,0.75,8.13,28.0,14.0,IRRIGATE_IMMEDIATELY,Immediate,3.5
Wheat,Vegetative,Loamy,21.9,26.6,63.9,Moderate,11.2,Drip Irrigation,Pepper Bell Bacterial Spot,0.75,2.69,2.02,6.45,28.0,14.0,DELAY_RAIN_EXPECTED,Moderate,0.0
Soybean,Vegetative,Sandy,16.5,21.2,93.2,None,0.0,Drip Irrigation,Pepper Bell Bacterial Spot,0.7,2.0,1.4,0.0,15.0,6.0,OPTIMAL_STANDBY,Low,0.0
Tomato,Seedling,Clay Loam,27.7,26.8,93.1,Moderate,16.1,Sub-surface Drip,Pepper Bell Bacterial Spot,0.6,2.21,1.33,10.35,34.0,18.0,DELAY_RAIN_EXPECTED,Low,0.0
Wheat,Fruiting,Sandy,11.0,36.5,59.8,High,22.3,Drip Irrigation,None / Healthy,0.85,4.36,3.71,15.31,15.0,6.0,DELAY_RAIN_EXPECTED,Low,0.0
Cotton,Flowering,Sandy Loam,10.2,20.1,92.1,Moderate,7.2,Drip Irrigation,None / Healthy,1.2,2.0,2.4,3.25,22.0,10.0,IRRIGATE_IMMEDIATELY,Immediate,3.5
Tomato,Vegetative,Clay Loam,40.8,26.8,47.1,None,0.0,Sprinkler (Overhead),Tomato Septoria Leaf Spot,0.85,3.25,2.76,0.0,34.0,18.0,SUSPEND_OVERHEAD_BLIGHT,Immediate,0.0
Sugarcane,Fruiting,Black Soil,45.1,25.6,60.1,None,0.0,Sprinkler (Overhead),None / Healthy,1.25,2.66,3.33,0.0,40.0,22.0,OPTIMAL_STANDBY,Low,0.0
Cotton,Maturity,Loamy,19.8,21.8,52.3,Moderate,15.2,Sub-surface Drip,None / Healthy,0.55,2.29,1.26,9.68,28.0,14.0,DELAY_RAIN_EXPECTED,Low,0.0
Sugarcane,Seedling,Clay Loam,28.4,21.5,41.4,None,0.0,Sprinkler (Overhead),Tomato Septoria Leaf Spot,0.45,2.49,1.12,0.0,34.0,18.0,SUSPEND_OVERHEAD_BLIGHT,Immediate,0.0
Cotton,Vegetative,Black Soil,32.4,25.3,29.1,High,35.4,Sprinkler (Overhead),Potato Late Blight,0.75,3.51,2.63,25.79,40.0,22.0,SUSPEND_OVERHEAD_BLIGHT,Immediate,0.0
Tomato,Maturity,Loamy,20.5,38.7,88.8,None,0.0,Drip Irrigation,None / Healthy,0.8,3.66,2.93,0.0,28.0,14.0,MAINTENANCE_DRIP,Normal,3.03
Cotton,Maturity,Black Soil,39.3,37.4,94.3,None,0.0,Drip Irrigation,None / Healthy,0.55,3.49,1.92,0.0,40.0,22.0,OPTIMAL_STANDBY,Low,0.0
Tomato,Maturity,Loamy,27.2,19.4,45.0,Moderate,15.3,Sub-surface Drip,Tomato Yellow Leaf Curl Virus,0.8,2.07,1.66,9.77,28.0,14.0,DELAY_RAIN_EXPECTED,Low,0.0
Soybean,Fruiting,Black Soil,34.6,26.3,26.2,Moderate,14.6,Sprinkler (Overhead),None / Healthy,1.05,3.79,3.98,9.16,40.0,22.0,DELAY_RAIN_EXPECTED,Low,0.0
Rice,Flowering,Loamy,13.8,20.5,56.5,Moderate,8.6,Drip Irrigation,None / Healthy,1.25,2.0,2.5,4.39,28.0,14.0,IRRIGATE_IMMEDIATELY,Immediate,3.5
Potato,Seedling,Black Soil,42.0,16.8,81.7,Moderate,17.2,Drip Irrigation,None / Healthy,0.5,2.0,1.0,11.3,40.0,22.0,DELAY_RAIN_EXPECTED,Low,0.0
Potato,Seedling,Clay Loam,21.6,28.3,34.2,None,0.0,Sprinkler (Overhead),None / Healthy,0.5,3.93,1.97,0.0,34.0,18.0,IRRIGATE_IMMEDIATELY,Immediate,3.5
Cotton,Seedling,Loamy,14.6,39.0,30.9,Low,3.0,Flood / Surface,None / Healthy,0.45,6.29,2.83,0.0,28.0,14.0,IRRIGATE_IMMEDIATELY,Immediate,3.9
Pepper Bell,Flowering,Sandy Loam,22.7,16.6,66.6,Low,5.2,Flood / Surface,Tomato Early Blight,1.05,2.0,2.1,1.65,22.0,10.0,OPTIMAL_STANDBY,Low,0.0
Wheat,Fruiting,Sandy,27.3,28.9,51.6,Low,3.2,Sprinkler (Overhead),Tomato Septoria Leaf Spot,0.85,3.45,2.93,0.06,15.0,6.0,SUSPEND_OVERHEAD_BLIGHT,Immediate,0.0
Tomato,Fruiting,Sandy,8.9,21.8,56.2,High,32.1,Sprinkler (Overhead),None / Healthy,1.2,2.2,2.64,23.19,15.0,6.0,IRRIGATE_IMMEDIATELY,Immediate,3.5
Sugarcane,Fruiting,Clay Loam,26.9,35.2,55.3,Low,2.4,Flood / Surface,Tomato Yellow Leaf Curl Virus,1.25,4.35,5.44,0.0,34.0,18.0,MAINTENANCE_DRIP,Normal,5.4
Cotton,Seedling,Loamy,18.8,14.1,85.9,High,37.4,Drip Irrigation,Tomato Early Blight,0.45,2.0,0.9,27.39,28.0,14.0,DELAY_RAIN_EXPECTED,Low,0.0
Soybean,Maturity,Loamy,22.0,39.7,68.7,Low,5.1,Sprinkler (Overhead),None / Healthy,0.5,4.4,2.2,1.58,28.0,14.0,MAINTENANCE_DRIP,Normal,2.25
Sugarcane,Maturity,Sandy,8.6,41.4,44.9,Moderate,17.6,Sprinkler (Overhead),Tomato Yellow Leaf Curl Virus,0.7,6.01,4.21,11.58,15.0,6.0,IRRIGATE_IMMEDIATELY,Immediate,5.36
Sugarcane,Maturity,Black Soil,27.0,27.2,61.4,None,0.0,Drip Irrigation,None / Healthy,0.7,2.85,1.99,0.0,40.0,22.0,IRRIGATE_IMMEDIATELY,Immediate,3.5
Tomato,Maturity,Clay Loam,43.9,31.7,68.0,None,0.0,Sprinkler (Overhead),None / Healthy,0.8,3.25,2.6,0.0,34.0,18.0,OPTIMAL_STANDBY,Low,0.0
Rice,Vegetative,Sandy,4.0,41.1,91.9,Low,1.4,Sub-surface Drip,None / Healthy,1.15,3.97,4.57,0.0,15.0,6.0,IRRIGATE_IMMEDIATELY,Immediate,5.66
Corn,Maturity,Clay Loam,29.2,16.8,31.3,Moderate,15.7,Drip Irrigation,None / Healthy,0.6,2.0,1.2,10.03,34.0,18.0,DELAY_RAIN_EXPECTED,Low,0.0
Soybean,Vegetative,Sandy Loam,6.8,34.1,94.3,Low,1.4,Sprinkler (Overhead),None / Healthy,0.7,3.07,2.15,0.0,22.0,10.0,IRRIGATE_IMMEDIATELY,Immediate,3.5
Cotton,Maturity,Sandy Loam,25.8,18.5,22.2,Moderate,7.0,Drip Irrigation,None / Healthy,0.55,2.34,1.29,3.14,22.0,10.0,OPTIMAL_STANDBY,Low,0.0
Corn,Flowering,Black Soil,41.8,32.1,86.8,None,0.0,Drip Irrigation,Tomato Yellow Leaf Curl Virus,1.2,2.83,3.4,0.0,40.0,22.0,OPTIMAL_STANDBY,Low,0.0
Corn,Fruiting,Sandy,10.4,19.8,46.2,None,0.0,Flood / Surface,None / Healthy,1.1,2.1,2.31,0.0,15.0,6.0,MAINTENANCE_DRIP,Normal,2.35
Cotton,Maturity,Sandy,10.8,26.6,27.7,Moderate,16.1,Sub-surface Drip,None / Healthy,0.55,3.81,2.1,10.35,15.0,6.0,DELAY_RAIN_EXPECTED,Low,0.0
Cotton,Seedling,Clay Loam,15.7,17.5,57.3,Moderate,15.4,Flood / Surface,None / Healthy,0.45,2.0,0.9,9.82,34.0,18.0,IRRIGATE_IMMEDIATELY,Immediate,3.5
Tomato,Seedling,Loamy,22.3,35.6,23.9,Moderate,15.8,Sprinkler (Overhead),None / Healthy,0.6,5.88,3.53,10.13,28.0,14.0,DELAY_RAIN_EXPECTED,Low,0.0
Wheat,Seedling,Sandy,11.9,33.4,44.9,None,0.0,Drip Irrigation,Pepper Bell Bacterial Spot,0.4,4.49,1.8,0.0,15.0,6.0,MAINTENANCE_DRIP,Normal,2.11
Potato,Maturity,Black Soil,26.9,23.2,53.1,Moderate,7.1,Drip Irrigation,Potato Late Blight,0.75,2.5,1.88,3.21,40.0,22.0,IRRIGATE_IMMEDIATELY,Immediate,3.5
Wheat,Maturity,Black Soil,39.1,25.1,77.4,High,27.1,Drip Irrigation,None / Healthy,0.35,2.09,0.73,19.22,40.0,22.0,DELAY_RAIN_EXPECTED,Low,0.0
Soybean,Seedling,Black Soil,41.6,22.5,41.7,Moderate,13.3,Sub-surface Drip,None / Healthy,0.4,2.67,1.07,8.14,40.0,22.0,DELAY_RAIN_EXPECTED,Low,0.0
Potato,Flowering,Sandy,13.7,28.2,43.2,None,0.0,Drip Irrigation,Pepper Bell Bacterial Spot,1.15,3.61,4.15,0.0,15.0,6.0,OPTIMAL_STANDBY,Low,0.0
Corn,Fruiting,Loamy,14.8,15.5,20.9,None,0.0,Drip Irrigation,None / Healthy,1.1,2.0,2.2,0.0,28.0,14.0,IRRIGATE_IMMEDIATELY,Immediate,3.5
Pepper Bell,Vegetative,Sandy,9.0,23.7,55.9,Low,2.7,Sprinkler (Overhead),Pepper Bell Bacterial Spot,0.8,2.49,1.99,0.0,15.0,6.0,SUSPEND_OVERHEAD_BLIGHT,Immediate,0.0
Wheat,Fruiting,Clay Loam,33.7,34.6,64.8,Moderate,12.9,Flood / Surface,Tomato Yellow Leaf Curl Virus,0.85,3.82,3.25,7.8,34.0,18.0,OPTIMAL_STANDBY,Low,0.0
Tomato,Maturity,Loamy,25.2,24.5,64.9,None,0.0,Drip Irrigation,None / Healthy,0.8,2.36,1.89,0.0,28.0,14.0,OPTIMAL_STANDBY,Low,0.0
Soybean,Fruiting,Black Soil,32.5,37.6,59.1,Low,5.1,Drip Irrigation,None / Healthy,1.05,4.56,4.79,1.61,40.0,22.0,MAINTENANCE_DRIP,Normal,4.62
Soybean,Fruiting,Loamy,14.0,20.9,20.7,Low,4.5,Drip Irrigation,None / Healthy,1.05,2.86,3.0,1.07,28.0,14.0,IRRIGATE_IMMEDIATELY,Immediate,3.66
Tomato,Fruiting,Loamy,25.3,17.7,71.8,None,0.0,Flood / Surface,Tomato Septoria Leaf Spot,1.2,2.0,2.4,0.0,28.0,14.0,OPTIMAL_STANDBY,Low,0.0
Pepper Bell,Flowering,Loamy,27.3,14.1,61.3,None,0.0,Flood / Surface,Tomato Septoria Leaf Spot,1.05,2.0,2.1,0.0,28.0,14.0,OPTIMAL_STANDBY,Low,0.0
Wheat,Vegetative,Loamy,17.0,29.2,80.1,Low,5.4,Drip Irrigation,None / Healthy,0.75,2.48,1.86,1.85,28.0,14.0,IRRIGATE_IMMEDIATELY,Immediate,3.5
Soybean,Maturity,Clay Loam,33.0,35.3,26.8,Low,4.0,Sub-surface Drip,None / Healthy,0.5,5.68,2.84,0.73,34.0,18.0,OPTIMAL_STANDBY,Low,0.0
Potato,Maturity,Loamy,28.2,30.1,76.6,None,0.0,Drip Irrigation,None / Healthy,0.75,2.72,2.04,0.0,28.0,14.0,OPTIMAL_STANDBY,Low,0.0
Rice,Flowering,Sandy,5.5,38.3,34.0,Low,2.3,Flood / Surface,None / Healthy,1.25,5.97,7.46,0.0,15.0,6.0,IRRIGATE_IMMEDIATELY,Immediate,7.0
Soybean,Seedling,Sandy,5.6,41.2,89.4,Low,3.5,Flood / Surface,Tomato Early Blight,0.4,3.98,1.59,0.31,15.0,6.0,IRRIGATE_IMMEDIATELY,Immediate,3.5
Tomato,Fruiting,Sandy Loam,23.2,18.3,42.8,None,0.0,Sprinkler (Overhead),None / Healthy,1.2,2.0,2.4,0.0,22.0,10.0,OPTIMAL_STANDBY,Low,0.0
Potato,Seedling,Sandy,8.8,40.4,71.4,Moderate,7.8,Sprinkler (Overhead),None / Healthy,0.5,4.35,2.17,3.78,15.0,6.0,IRRIGATE_IMMEDIATELY,Immediate,3.5
Pepper Bell,Seedling,Sandy Loam,6.7,36.5,43.2,None,0.0,Flood / Surface,None / Healthy,0.6,5.14,3.08,0.0,22.0,10.0,IRRIGATE_IMMEDIATELY,Immediate,3.77
Corn,Maturity,Loamy,14.5,29.5,45.9,None,0.0,Drip Irrigation,Potato Late Blight,0.6,3.74,2.24,0.0,28.0,14.0,IRRIGATE_IMMEDIATELY,Immediate,3.5
Rice,Flowering,Sandy,10.6,30.2,85.2,None,0.0,Flood / Surface,None / Healthy,1.25,2.61,3.26,0.0,15.0,6.0,MAINTENANCE_DRIP,Normal,3.34
Soybean,Flowering,Sandy,10.9,41.4,59.9,Low,4.4,Sprinkler (Overhead),None / Healthy,1.15,5.16,5.93,1.04,15.0,6.0,MAINTENANCE_DRIP,Normal,5.5
Wheat,Maturity,Black Soil,36.5,28.1,54.7,Low,2.2,Sprinkler (Overhead),None / Healthy,0.35,3.2,1.12,0.0,40.0,22.0,OPTIMAL_STANDBY,Low,0.0
Corn,Maturity,Clay Loam,32.2,16.3,79.1,None,0.0,Drip Irrigation,Tomato Yellow Leaf Curl Virus,0.6,2.0,1.2,0.0,34.0,18.0,OPTIMAL_STANDBY,Low,0.0
Cotton,Seedling,Sandy,4.4,31.6,55.7,None,0.0,Drip Irrigation,None / Healthy,0.45,3.73,1.68,0.0,15.0,6.0,IRRIGATE_IMMEDIATELY,Immediate,3.5
Potato,Fruiting,Clay Loam,21.5,16.0,86.4,None,0.0,Sprinkler (Overhead),Potato Late Blight,1.15,2.0,2.3,0.0,34.0,18.0,SUSPEND_OVERHEAD_BLIGHT,Immediate,0.0
Rice,Vegetative,Clay Loam,27.5,39.3,32.5,Low,2.4,Drip Irrigation,None / Healthy,1.15,6.27,7.21,0.0,34.0,18.0,MAINTENANCE_DRIP,Normal,5.5
Rice,Vegetative,Loamy,26.3,34.6,20.0,None,0.0,Sprinkler (Overhead),None / Healthy,1.15,5.83,6.7,0.0,28.0,14.0,OPTIMAL_STANDBY,Low,0.0
Pepper Bell,Flowering,Clay Loam,28.8,32.7,75.9,Moderate,9.9,Drip Irrigation,None / Healthy,1.05,3.08,3.23,5.41,34.0,18.0,DELAY_RAIN_EXPECTED,Moderate,0.0
Tomato,Vegetative,Sandy,10.8,16.1,67.2,None,0.0,Drip Irrigation,None / Healthy,0.85,2.0,1.7,0.0,15.0,6.0,MAINTENANCE_DRIP,Normal,1.74
Sugarcane,Vegetative,Sandy,10.7,28.0,33.1,Low,1.6,Flood / Surface,None / Healthy,0.85,3.92,3.33,0.0,15.0,6.0,MAINTENANCE_DRIP,Normal,3.26
Potato,Seedling,Clay Loam,22.2,41.8,87.6,None,0.0,Drip Irrigation,None / Healthy,0.5,4.05,2.02,0.0,34.0,18.0,IRRIGATE_IMMEDIATELY,Immediate,3.5
Wheat,Flowering,Sandy Loam,21.5,24.0,91.9,None,0.0,Sprinkler (Overhead),None / Healthy,1.15,2.0,2.3,0.0,22.0,10.0,OPTIMAL_STANDBY,Low,0.0
Tomato,Seedling,Clay Loam,23.3,24.8,30.4,High,20.7,Flood / Surface,Tomato Yellow Leaf Curl Virus,0.6,3.38,2.03,14.05,34.0,18.0,DELAY_RAIN_EXPECTED,Low,0.0
Soybean,Seedling,Loamy,27.2,21.8,68.2,Moderate,17.5,Sub-surface Drip,Tomato Septoria Leaf Spot,0.4,2.0,0.8,11.52,28.0,14.0,DELAY_RAIN_EXPECTED,Low,0.0
Pepper Bell,Fruiting,Sandy Loam,22.7,23.0,80.3,Moderate,8.0,Sprinkler (Overhead),None / Healthy,1.1,2.0,2.2,3.9,22.0,10.0,OPTIMAL_STANDBY,Low,0.0
Soybean,Vegetative,Sandy Loam,14.3,37.2,88.1,None,0.0,Sprinkler (Overhead),Potato Late Blight,0.7,3.47,2.43,0.0,22.0,10.0,SUSPEND_OVERHEAD_BLIGHT,Immediate,0.0
Potato,Maturity,Black Soil,23.0,33.8,86.0,Moderate,16.6,Sprinkler (Overhead),None / Healthy,0.75,3.04,2.28,10.75,40.0,22.0,IRRIGATE_IMMEDIATELY,Immediate,3.5
Corn,Fruiting,Loamy,17.7,24.6,60.9,None,0.0,Sub-surface Drip,None / Healthy,1.1,2.49,2.74,0.0,28.0,14.0,IRRIGATE_IMMEDIATELY,Immediate,3.5
Pepper Bell,Fruiting,Loamy,18.7,30.6,56.9,High,27.7,Flood / Surface,None / Healthy,1.1,3.53,3.88,19.65,28.0,14.0,DELAY_RAIN_EXPECTED,Low,0.0
Rice,Maturity,Clay Loam,46.7,34.8,60.6,Moderate,8.7,Flood / Surface,None / Healthy,0.95,4.03,3.83,4.46,34.0,18.0,OPTIMAL_STANDBY,Low,0.0
Rice,Vegetative,Loamy,20.8,26.0,51.1,None,0.0,Sprinkler (Overhead),Tomato Early Blight,1.15,2.99,3.44,0.0,28.0,14.0,SUSPEND_OVERHEAD_BLIGHT,Immediate,0.0
Wheat,Flowering,Sandy Loam,15.7,15.1,43.8,None,0.0,Flood / Surface,None / Healthy,1.15,2.0,2.3,0.0,22.0,10.0,MAINTENANCE_DRIP,Normal,2.41
Cotton,Seedling,Loamy,23.6,34.4,40.4,Low,2.5,Sub-surface Drip,Potato Late Blight,0.45,4.88,2.2,0.0,28.0,14.0,MAINTENANCE_DRIP,Normal,2.47
Pepper Bell,Flowering,Loamy,34.9,31.5,80.5,High,43.1,Flood / Surface,Tomato Septoria Leaf Spot,1.05,2.76,2.9,31.99,28.0,14.0,DELAY_RAIN_EXPECTED,Low,0.0
Cotton,Flowering,Loamy,12.9,33.5,36.8,None,0.0,Sprinkler (Overhead),None / Healthy,1.2,4.86,5.83,0.0,28.0,14.0,IRRIGATE_IMMEDIATELY,Immediate,7.0
Corn,Seedling,Black Soil,38.2,30.8,31.7,Low,2.6,Flood / Surface,Pepper Bell Bacterial Spot,0.4,4.53,1.81,0.0,40.0,22.0,OPTIMAL_STANDBY,Low,0.0
Cotton,Fruiting,Sandy Loam,13.9,40.3,32.4,None,0.0,Drip Irrigation,None / Healthy,0.85,6.49,5.52,0.0,22.0,10.0,IRRIGATE_IMMEDIATELY,Immediate,6.6
Soybean,Fruiting,Sandy,11.4,31.8,23.4,Moderate,8.6,Drip Irrigation,None / Healthy,1.05,5.05,5.3,4.35,15.0,6.0,DELAY_RAIN_EXPECTED,Moderate,0.0
Soybean,Maturity,Sandy Loam,21.4,39.6,23.0,None,0.0,Sprinkler (Overhead),None / Healthy,0.5,6.83,3.42,0.0,22.0,10.0,OPTIMAL_STANDBY,Low,0.0
Pepper Bell,Flowering,Sandy,6.7,27.9,55.2,Moderate,12.1,Flood / Surface,None / Healthy,1.05,3.16,3.32,7.15,15.0,6.0,IRRIGATE_IMMEDIATELY,Immediate,4.37
Tomato,Maturity,Loamy,24.6,18.6,76.2,High,34.1,Sprinkler (Overhead),None / Healthy,0.8,2.0,1.6,24.76,28.0,14.0,DELAY_RAIN_EXPECTED,Low,0.0
Wheat,Flowering,Loamy,26.0,39.9,36.0,None,0.0,Sprinkler (Overhead),None / Healthy,1.15,6.21,7.14,0.0,28.0,14.0,OPTIMAL_STANDBY,Low,0.0
Wheat,Seedling,Sandy,7.5,35.3,77.1,Low,3.1,Drip Irrigation,None / Healthy,0.4,3.36,1.34,0.0,15.0,6.0,IRRIGATE_IMMEDIATELY,Immediate,3.5
Potato,Maturity,Black Soil,36.0,25.9,49.4,None,0.0,Drip Irrigation,None / Healthy,0.75,3.02,2.27,0.0,40.0,22.0,OPTIMAL_STANDBY,Low,0.0
Tomato,Flowering,Black Soil,35.3,32.5,53.0,Moderate,12.7,Drip Irrigation,None / Healthy,1.15,4.0,4.6,7.64,40.0,22.0,DELAY_RAIN_EXPECTED,Moderate,0.0
Corn,Fruiting,Sandy Loam,7.9,20.2,41.8,Moderate,9.0,Drip Irrigation,None / Healthy,1.1,2.27,2.5,4.71,22.0,10.0,IRRIGATE_IMMEDIATELY,Immediate,3.5
Wheat,Seedling,Sandy Loam,19.2,28.3,94.0,None,0.0,Drip Irrigation,None / Healthy,0.4,2.38,0.95,0.0,22.0,10.0,MAINTENANCE_DRIP,Normal,1.5
Pepper Bell,Vegetative,Black Soil,27.0,21.7,33.1,None,0.0,Drip Irrigation,Tomato Yellow Leaf Curl Virus,0.8,2.72,2.18,0.0,40.0,22.0,IRRIGATE_IMMEDIATELY,Immediate,3.5
Wheat,Vegetative,Loamy,27.9,26.7,95.0,None,0.0,Drip Irrigation,Tomato Target Spot,0.75,2.19,1.64,0.0,28.0,14.0,OPTIMAL_STANDBY,Low,0.0
Pepper Bell,Flowering,Sandy,4.0,35.0,60.2,Low,3.0,Flood / Surface,None / Healthy,1.05,4.08,4.28,0.0,15.0,6.0,IRRIGATE_IMMEDIATELY,Immediate,5.59
Cotton,Seedling,Loamy,29.2,16.1,89.3,None,0.0,Drip Irrigation,Tomato Early Blight,0.45,2.0,0.9,0.0,28.0,14.0,OPTIMAL_STANDBY,Low,0.0
Cotton,Flowering,Clay Loam,33.0,34.7,22.0,None,0.0,Sub-surface Drip,Pepper Bell Bacterial Spot,1.2,5.76,6.91,0.0,34.0,18.0,OPTIMAL_STANDBY,Low,0.0
Soybean,Fruiting,Clay Loam,20.9,18.7,86.3,High,30.7,Sprinkler (Overhead),None / Healthy,1.05,2.0,2.1,22.1,34.0,18.0,IRRIGATE_IMMEDIATELY,Immediate,3.5
Cotton,Flowering,Black Soil,32.7,28.3,55.4,None,0.0,Sprinkler (Overhead),None / Healthy,1.2,3.22,3.86,0.0,40.0,22.0,MAINTENANCE_DRIP,Normal,4.1
Wheat,Maturity,Sandy Loam,22.2,20.9,82.5,None,0.0,Flood / Surface,None / Healthy,0.35,2.0,0.7,0.0,22.0,10.0,OPTIMAL_STANDBY,Low,0.0
Sugarcane,Fruiting,Black Soil,51.0,38.5,69.1,Low,2.6,Sub-surface Drip,None / Healthy,1.25,4.19,5.24,0.0,40.0,22.0,OPTIMAL_STANDBY,Low,0.0
Rice,Flowering,Sandy Loam,21.0,31.6,40.9,High,36.0,Sub-surface Drip,None / Healthy,1.25,4.33,5.41,26.31,22.0,10.0,DELAY_RAIN_EXPECTED,Low,0.0
Potato,Seedling,Black Soil,18.6,22.3,92.4,Low,3.4,Drip Irrigation,None / Healthy,0.5,2.0,1.0,0.19,40.0,22.0,IRRIGATE_IMMEDIATELY,Immediate,3.5
Corn,Seedling,Sandy Loam,17.8,30.5,52.7,Moderate,10.0,Flood / Surface,None / Healthy,0.4,3.67,1.47,5.48,22.0,10.0,DELAY_RAIN_EXPECTED,Moderate,0.0
Potato,Fruiting,Clay Loam,41.7,30.4,31.7,Moderate,15.5,Sprinkler (Overhead),None / Healthy,1.15,4.43,5.09,9.89,34.0,18.0,DELAY_RAIN_EXPECTED,Low,0.0
Wheat,Flowering,Sandy,10.4,40.4,43.7,None,0.0,Flood / Surface,None / Healthy,1.15,5.88,6.76,0.0,15.0,6.0,MAINTENANCE_DRIP,Normal,5.5
Wheat,Fruiting,Sandy,14.2,40.0,77.7,Low,4.4,Drip Irrigation,Tomato Target Spot,0.85,3.95,3.36,1.01,15.0,6.0,OPTIMAL_STANDBY,Low,0.0
Potato,Maturity,Black Soil,20.3,33.3,43.2,None,0.0,Sprinkler (Overhead),None / Healthy,0.75,4.55,3.41,0.0,40.0,22.0,IRRIGATE_IMMEDIATELY,Immediate,4.09
Cotton,Fruiting,Sandy,6.8,25.0,69.9,Moderate,9.2,Drip Irrigation,Tomato Early Blight,0.85,2.29,1.95,4.84,15.0,6.0,IRRIGATE_IMMEDIATELY,Immediate,3.5
Potato,Fruiting,Loamy,23.9,32.1,29.5,Low,4.4,Flood / Surface,None / Healthy,1.15,4.88,5.61,1.01,28.0,14.0,MAINTENANCE_DRIP,Normal,5.5
Cotton,Seedling,Black Soil,27.3,33.3,89.5,Low,2.6,Sub-surface Drip,None / Healthy,0.45,2.98,1.34,0.0,40.0,22.0,IRRIGATE_IMMEDIATELY,Immediate,3.5
Tomato,Maturity,Sandy,6.2,35.5,29.4,Low,2.7,Drip Irrigation,Pepper Bell Bacterial Spot,0.8,5.59,4.47,0.0,15.0,6.0,IRRIGATE_IMMEDIATELY,Immediate,5.83
Potato,Maturity,Sandy Loam,17.2,27.6,25.2,None,0.0,Drip Irrigation,Potato Late Blight,0.75,4.11,3.08,0.0,22.0,10.0,MAINTENANCE_DRIP,Normal,3.08
Cotton,Fruiting,Loamy,12.8,28.4,44.9,Low,5.1,Sprinkler (Overhead),None / Healthy,0.85,3.59,3.05,1.61,28.0,14.0,IRRIGATE_IMMEDIATELY,Immediate,3.72
Pepper Bell,Fruiting,Clay Loam,17.5,37.1,77.1,None,0.0,Sprinkler (Overhead),None / Healthy,1.1,3.59,3.95,0.0,34.0,18.0,IRRIGATE_IMMEDIATELY,Immediate,4.91
Sugarcane,Seedling,Black Soil,41.1,31.4,67.2,Low,3.6,Drip Irrigation,Pepper Bell Bacterial Spot,0.45,3.25,1.46,0.39,40.0,22.0,OPTIMAL_STANDBY,Low,0.0
Cotton,Vegetative,Clay Loam,27.4,33.0,54.2,Low,1.7,Drip Irrigation,None / Healthy,0.75,4.03,3.02,0.0,34.0,18.0,MAINTENANCE_DRIP,Normal,2.66
Rice,Flowering,Black Soil,30.4,23.4,44.6,None,0.0,Drip Irrigation,None / Healthy,1.25,2.74,3.43,0.0,40.0,22.0,MAINTENANCE_DRIP,Normal,3.54
Tomato,Seedling,Clay Loam,16.2,37.9,23.4,None,0.0,Drip Irrigation,None / Healthy,0.6,6.42,3.85,0.0,34.0,18.0,IRRIGATE_IMMEDIATELY,Immediate,4.73
Cotton,Maturity,Loamy,11.1,26.3,29.6,None,0.0,Sub-surface Drip,Pepper Bell Bacterial Spot,0.55,3.7,2.04,0.0,28.0,14.0,IRRIGATE_IMMEDIATELY,Immediate,3.5
Rice,Seedling,Loamy,21.0,20.2,27.2,Low,5.2,Flood / Surface,Tomato Target Spot,1.05,2.57,2.7,1.69,28.0,14.0,MAINTENANCE_DRIP,Normal,2.98
Soybean,Flowering,Sandy Loam,18.7,25.3,72.9,Moderate,11.1,Sprinkler (Overhead),None / Healthy,1.15,2.24,2.58,6.42,22.0,10.0,DELAY_RAIN_EXPECTED,Moderate,0.0
Soybean,Seedling,Black Soil,28.7,38.2,54.2,Low,3.1,Sprinkler (Overhead),None / Healthy,0.4,4.91,1.96,0.0,40.0,22.0,IRRIGATE_IMMEDIATELY,Immediate,3.5
Wheat,Flowering,Sandy Loam,16.3,29.9,40.2,Low,5.1,Sprinkler (Overhead),None / Healthy,1.15,4.03,4.63,1.55,22.0,10.0,MAINTENANCE_DRIP,Normal,4.76
Pepper Bell,Seedling,Loamy,20.4,32.1,40.7,Low,1.5,Drip Irrigation,None / Healthy,0.6,4.41,2.65,0.0,28.0,14.0,MAINTENANCE_DRIP,Normal,2.96
Pepper Bell,Seedling,Sandy Loam,25.8,22.1,69.6,None,0.0,Drip Irrigation,None / Healthy,0.6,2.0,1.2,0.0,22.0,10.0,OPTIMAL_STANDBY,Low,0.0
Tomato,Flowering,Sandy Loam,7.8,26.9,86.9,Moderate,14.9,Flood / Surface,None / Healthy,1.15,2.22,2.55,9.42,22.0,10.0,IRRIGATE_IMMEDIATELY,Immediate,3.5
Potato,Seedling,Clay Loam,29.5,16.0,46.5,None,0.0,Drip Irrigation,None / Healthy,0.5,2.0,1.0,0.0,34.0,18.0,MAINTENANCE_DRIP,Normal,1.5
Tomato,Fruiting,Black Soil,39.7,32.8,25.3,None,0.0,Sprinkler (Overhead),Tomato Target Spot,1.2,5.21,6.25,0.0,40.0,22.0,SUSPEND_OVERHEAD_BLIGHT,Immediate,0.0
Cotton,Seedling,Black Soil,33.5,28.6,30.1,Moderate,12.2,Sprinkler (Overhead),None / Healthy,0.45,4.13,1.86,7.25,40.0,22.0,DELAY_RAIN_EXPECTED,Moderate,0.0
Pepper Bell,Maturity,Clay Loam,17.5,21.3,53.4,Moderate,10.4,Drip Irrigation,None / Healthy,0.85,2.18,1.85,5.8,34.0,18.0,IRRIGATE_IMMEDIATELY,Immediate,3.5
Rice,Maturity,Black Soil,35.1,31.4,45.8,Low,3.5,Flood / Surface,Potato Late Blight,0.95,4.09,3.89,0.29,40.0,22.0,MAINTENANCE_DRIP,Normal,4.0
Tomato,Maturity,Clay Loam,17.6,17.5,66.4,Low,5.5,Flood / Surface,None / Healthy,0.8,2.0,1.6,1.91,34.0,18.0,IRRIGATE_IMMEDIATELY,Immediate,3.5
Pepper Bell,Fruiting,Loamy,29.3,14.8,31.5,None,0.0,Sprinkler (Overhead),Tomato Septoria Leaf Spot,1.1,2.0,2.2,0.0,28.0,14.0,SUSPEND_OVERHEAD_BLIGHT,Immediate,0.0
Rice,Maturity,Sandy Loam,11.6,15.8,87.0,None,0.0,Sprinkler (Overhead),Tomato Septoria Leaf Spot,0.95,2.0,1.9,0.0,22.0,10.0,SUSPEND_OVERHEAD_BLIGHT,Immediate,0.0
Tomato,Seedling,Sandy Loam,16.1,21.3,61.5,None,0.0,Drip Irrigation,Tomato Early Blight,0.6,2.01,1.21,0.0,22.0,10.0,MAINTENANCE_DRIP,Normal,1.5
Pepper Bell,Vegetative,Sandy Loam,20.5,29.9,25.9,Low,4.3,Drip Irrigation,Tomato Target Spot,0.8,4.55,3.64,0.93,22.0,10.0,OPTIMAL_STANDBY,Low,0.0
Cotton,Vegetative,Loamy,27.8,22.8,50.0,Moderate,7.6,Drip Irrigation,None / Healthy,0.75,2.5,1.88,3.59,28.0,14.0,OPTIMAL_STANDBY,Low,0.0
Pepper Bell,Vegetative,Loamy,26.4,29.6,68.8,None,0.0,Sprinkler (Overhead),None / Healthy,0.8,2.93,2.34,0.0,28.0,14.0,OPTIMAL_STANDBY,Low,0.0
Tomato,Fruiting,Clay Loam,40.5,25.2,76.3,Moderate,13.3,Flood / Surface,None / Healthy,1.2,2.13,2.56,8.11,34.0,18.0,DELAY_RAIN_EXPECTED,Low,0.0
Corn,Fruiting,Loamy,24.2,39.8,40.0,None,0.0,Drip Irrigation,None / Healthy,1.1,5.97,6.57,0.0,28.0,14.0,MAINTENANCE_DRIP,Normal,5.5
Soybean,Seedling,Sandy,11.2,27.8,81.3,High,44.9,Drip Irrigation,None / Healthy,0.4,2.33,0.93,33.46,15.0,6.0,DELAY_RAIN_EXPECTED,Low,0.0
Rice,Flowering,Sandy Loam,16.9,20.0,31.5,None,0.0,Drip Irrigation,None / Healthy,1.25,2.45,3.06,0.0,22.0,10.0,MAINTENANCE_DRIP,Normal,3.05
Rice,Vegetative,Loamy,22.9,16.1,82.9,None,0.0,Flood / Surface,None / Healthy,1.15,2.0,2.3,0.0,28.0,14.0,MAINTENANCE_DRIP,Normal,2.36
Tomato,Vegetative,Black Soil,20.1,39.7,45.5,None,0.0,Drip Irrigation,None / Healthy,0.85,5.64,4.79,0.0,40.0,22.0,IRRIGATE_IMMEDIATELY,Immediate,6.12
Cotton,Fruiting,Loamy,28.4,18.6,65.1,Low,5.3,Drip Irrigation,None / Healthy,0.85,2.0,1.7,1.76,28.0,14.0,OPTIMAL_STANDBY,Low,0.0
Sugarcane,Seedling,Loamy,41.8,21.9,58.4,High,21.4,Flood / Surface,None / Healthy,0.45,2.17,0.98,14.64,28.0,14.0,DELAY_RAIN_EXPECTED,Low,0.0
Potato,Maturity,Clay Loam,31.6,16.2,29.9,Moderate,9.9,Drip Irrigation,None / Healthy,0.75,2.0,1.5,5.4,34.0,18.0,OPTIMAL_STANDBY,Low,0.0
Sugarcane,Maturity,Black Soil,24.0,39.1,92.5,Moderate,12.2,Flood / Surface,None / Healthy,0.7,3.7,2.59,7.24,40.0,22.0,IRRIGATE_IMMEDIATELY,Immediate,3.56
Potato,Maturity,Sandy Loam,23.9,34.5,56.5,None,0.0,Sprinkler (Overhead),None / Healthy,0.75,4.17,3.13,0.0,22.0,10.0,OPTIMAL_STANDBY,Low,0.0
Pepper Bell,Seedling,Clay Loam,19.5,24.8,33.5,None,0.0,Drip Irrigation,None / Healthy,0.6,3.3,1.98,0.0,34.0,18.0,IRRIGATE_IMMEDIATELY,Immediate,3.5
Pepper Bell,Vegetative,Sandy,21.8,18.6,85.7,None,0.0,Sub-surface Drip,None / Healthy,0.8,2.0,1.6,0.0,15.0,6.0,OPTIMAL_STANDBY,Low,0.0
Cotton,Seedling,Sandy Loam,16.6,32.9,87.3,None,0.0,Flood / Surface,None / Healthy,0.45,2.93,1.32,0.0,22.0,10.0,MAINTENANCE_DRIP,Normal,1.5
Potato,Maturity,Sandy,17.0,34.2,47.5,High,27.1,Drip Irrigation,Tomato Target Spot,0.75,4.53,3.4,19.14,15.0,6.0,DELAY_RAIN_EXPECTED,Low,0.0
Cotton,Flowering,Sandy Loam,24.0,25.6,83.3,None,0.0,Drip Irrigation,None / Healthy,1.2,2.07,2.48,0.0,22.0,10.0,OPTIMAL_STANDBY,Low,0.0
Cotton,Seedling,Loamy,12.5,18.5,80.0,High,28.3,Drip Irrigation,None / Healthy,0.45,2.0,0.9,20.11,28.0,14.0,IRRIGATE_IMMEDIATELY,Immediate,3.5
Rice,Fruiting,Clay Loam,19.4,20.1,93.3,None,0.0,Sprinkler (Overhead),None / Healthy,1.2,2.0,2.4,0.0,34.0,18.0,IRRIGATE_IMMEDIATELY,Immediate,3.5
Rice,Flowering,Loamy,28.2,24.1,28.8,None,0.0,Drip Irrigation,Pepper Bell Bacterial Spot,1.25,3.29,4.11,0.0,28.0,14.0,OPTIMAL_STANDBY,Low,0.0
Soybean,Flowering,Loamy,22.7,19.2,72.8,Moderate,16.1,Drip Irrigation,None / Healthy,1.15,2.0,2.3,10.34,28.0,14.0,DELAY_RAIN_EXPECTED,Low,0.0
Cotton,Maturity,Black Soil,28.9,39.5,56.4,Moderate,10.5,Flood / Surface,None / Healthy,0.55,5.03,2.77,5.9,40.0,22.0,IRRIGATE_IMMEDIATELY,Immediate,3.5
Cotton,Seedling,Loamy,26.1,37.1,35.3,None,0.0,Sprinkler (Overhead),None / Healthy,0.45,5.66,2.55,0.0,28.0,14.0,OPTIMAL_STANDBY,Low,0.0
Potato,Seedling,Black Soil,35.0,20.4,86.6,Low,3.4,Drip Irrigation,None / Healthy,0.5,2.0,1.0,0.23,40.0,22.0,MAINTENANCE_DRIP,Normal,1.5
Wheat,Vegetative,Sandy,15.6,16.4,94.3,Low,4.7,Drip Irrigation,Pepper Bell Bacterial Spot,0.75,2.0,1.5,1.29,15.0,6.0,OPTIMAL_STANDBY,Low,0.0
Pepper Bell,Fruiting,Clay Loam,25.5,40.8,67.8,Moderate,8.7,Drip Irrigation,None / Healthy,1.1,4.61,5.07,4.43,34.0,18.0,DELAY_RAIN_EXPECTED,Moderate,0.0
Pepper Bell,Maturity,Sandy Loam,23.1,38.2,82.0,Low,3.7,Drip Irrigation,Potato Late Blight,0.85,3.6,3.06,0.49,22.0,10.0,OPTIMAL_STANDBY,Low,0.0
Sugarcane,Fruiting,Black Soil,19.6,27.5,70.2,None,0.0,Drip Irrigation,None / Healthy,1.25,2.61,3.26,0.0,40.0,22.0,IRRIGATE_IMMEDIATELY,Immediate,3.81
Tomato,Maturity,Clay Loam,33.4,23.8,45.2,Moderate,9.4,Sprinkler (Overhead),Tomato Target Spot,0.8,2.79,2.23,5.03,34.0,18.0,SUSPEND_OVERHEAD_BLIGHT,Immediate,0.0
Cotton,Vegetative,Clay Loam,28.6,23.5,94.5,Low,3.3,Sprinkler (Overhead),Tomato Septoria Leaf Spot,0.75,2.0,1.5,0.15,34.0,18.0,SUSPEND_OVERHEAD_BLIGHT,Immediate,0.0
Potato,Seedling,Sandy Loam,14.2,23.1,80.1,Low,5.3,Drip Irrigation,None / Healthy,0.5,2.0,1.0,1.77,22.0,10.0,IRRIGATE_IMMEDIATELY,Immediate,3.5
Pepper Bell,Seedling,Loamy,24.6,18.8,70.6,None,0.0,Sub-surface Drip,None / Healthy,0.6,2.0,1.2,0.0,28.0,14.0,MAINTENANCE_DRIP,Normal,1.5
Sugarcane,Seedling,Black Soil,26.2,21.1,81.3,None,0.0,Drip Irrigation,None / Healthy,0.45,2.0,0.9,0.0,40.0,22.0,IRRIGATE_IMMEDIATELY,Immediate,3.5
Potato,Flowering,Black Soil,32.5,23.3,89.8,None,0.0,Drip Irrigation,None / Healthy,1.15,2.0,2.3,0.0,40.0,22.0,MAINTENANCE_DRIP,Normal,2.07
Sugarcane,Vegetative,Loamy,24.3,40.1,53.2,Low,2.8,Sprinkler (Overhead),None / Healthy,0.85,5.31,4.51,0.0,28.0,14.0,MAINTENANCE_DRIP,Normal,4.85
Tomato,Flowering,Clay Loam,27.0,14.9,32.0,None,0.0,Sprinkler (Overhead),None / Healthy,1.15,2.0,2.3,0.0,34.0,18.0,MAINTENANCE_DRIP,Normal,2.16
Soybean,Flowering,Black Soil,25.6,17.2,76.0,Low,3.3,Sub-surface Drip,None / Healthy,1.15,2.0,2.3,0.17,40.0,22.0,IRRIGATE_IMMEDIATELY,Immediate,3.5
Potato,Vegetative,Clay Loam,21.5,23.6,91.6,High,33.8,Drip Irrigation,None / Healthy,0.8,2.0,1.6,24.52,34.0,18.0,IRRIGATE_IMMEDIATELY,Immediate,3.5
Pepper Bell,Maturity,Loamy,24.5,27.5,35.2,Low,5.0,Sprinkler (Overhead),None / Healthy,0.85,3.75,3.19,1.54,28.0,14.0,MAINTENANCE_DRIP,Normal,3.37
Rice,Fruiting,Sandy Loam,9.3,30.5,91.6,None,0.0,Flood / Surface,Tomato Target Spot,1.2,2.64,3.17,0.0,22.0,10.0,IRRIGATE_IMMEDIATELY,Immediate,4.16
Potato,Seedling,Black Soil,33.7,23.4,28.7,Low,2.7,Flood / Surface,None / Healthy,0.5,3.15,1.57,0.0,40.0,22.0,MAINTENANCE_DRIP,Normal,1.82
Potato,Maturity,Clay Loam,17.7,25.3,23.7,Moderate,9.6,Drip Irrigation,None / Healthy,0.75,3.67,2.75,5.21,34.0,18.0,IRRIGATE_IMMEDIATELY,Immediate,3.5
Cotton,Flowering,Sandy,6.7,30.1,52.0,Low,2.9,Drip Irrigation,Potato Late Blight,1.2,3.64,4.37,0.0,15.0,6.0,IRRIGATE_IMMEDIATELY,Immediate,5.9
Cotton,Vegetative,Black Soil,38.0,22.9,46.5,High,26.5,Drip Irrigation,Tomato Yellow Leaf Curl Virus,0.75,2.62,1.97,18.67,40.0,22.0,DELAY_RAIN_EXPECTED,Low,0.0
Soybean,Fruiting,Sandy,7.2,28.9,79.0,None,0.0,Flood / Surface,None / Healthy,1.05,2.49,2.61,0.0,15.0,6.0,IRRIGATE_IMMEDIATELY,Immediate,3.5
Wheat,Fruiting,Loamy,10.0,33.1,51.9,None,0.0,Drip Irrigation,None / Healthy,0.85,4.14,3.52,0.0,28.0,14.0,IRRIGATE_IMMEDIATELY,Immediate,4.55
Pepper Bell,Maturity,Sandy Loam,34.8,16.0,67.8,Low,1.7,Drip Irrigation,None / Healthy,0.85,2.0,1.7,0.0,22.0,10.0,OPTIMAL_STANDBY,Low,0.0
Cotton,Flowering,Black Soil,41.8,14.5,88.9,Low,4.6,Drip Irrigation,None / Healthy,1.2,2.0,2.4,1.16,40.0,22.0,OPTIMAL_STANDBY,Low,0.0
Sugarcane,Fruiting,Black Soil,43.9,31.6,90.1,High,32.4,Sprinkler (Overhead),None / Healthy,1.25,2.78,3.47,23.42,40.0,22.0,DELAY_RAIN_EXPECTED,Low,0.0
Pepper Bell,Seedling,Clay Loam,23.7,17.6,74.3,None,0.0,Drip Irrigation,None / Healthy,0.6,2.0,1.2,0.0,34.0,18.0,IRRIGATE_IMMEDIATELY,Immediate,3.5
Potato,Fruiting,Sandy,13.6,15.9,39.8,Low,3.7,Drip Irrigation,None / Healthy,1.15,2.0,2.3,0.45,15.0,6.0,OPTIMAL_STANDBY,Low,0.0
Pepper Bell,Maturity,Sandy,26.0,21.7,56.1,None,0.0,Drip Irrigation,None / Healthy,0.85,2.19,1.86,0.0,15.0,6.0,OPTIMAL_STANDBY,Low,0.0
Wheat,Maturity,Sandy Loam,14.1,17.6,71.7,Moderate,7.6,Sprinkler (Overhead),Potato Late Blight,0.35,2.0,0.7,3.61,22.0,10.0,SUSPEND_OVERHEAD_BLIGHT,Immediate,0.0
Rice,Maturity,Loamy,24.7,38.9,80.8,None,0.0,Drip Irrigation,Tomato Early Blight,0.95,3.68,3.5,0.0,28.0,14.0,MAINTENANCE_DRIP,Normal,3.59
Cotton,Seedling,Loamy,27.5,38.0,60.9,Low,5.7,Flood / Surface,None / Healthy,0.45,4.54,2.04,2.09,28.0,14.0,OPTIMAL_STANDBY,Low,0.0
Sugarcane,Vegetative,Black Soil,25.2,28.7,90.9,Moderate,14.7,Sprinkler (Overhead),None / Healthy,0.85,2.43,2.07,9.3,40.0,22.0,IRRIGATE_IMMEDIATELY,Immediate,3.5
Pepper Bell,Vegetative,Clay Loam,40.1,23.8,79.8,Moderate,7.6,Sprinkler (Overhead),None / Healthy,0.8,2.0,1.6,3.54,34.0,18.0,OPTIMAL_STANDBY,Low,0.0
Sugarcane,Seedling,Black Soil,43.6,37.8,66.9,Low,4.9,Flood / Surface,None / Healthy,0.45,4.21,1.89,1.44,40.0,22.0,OPTIMAL_STANDBY,Low,0.0
Corn,Maturity,Clay Loam,32.7,15.9,22.4,Moderate,12.3,Drip Irrigation,None / Healthy,0.6,2.0,1.2,7.34,34.0,18.0,OPTIMAL_STANDBY,Low,0.0
Corn,Vegetative,Clay Loam,29.5,34.3,75.3,None,0.0,Drip Irrigation,None / Healthy,0.85,3.31,2.81,0.0,34.0,18.0,MAINTENANCE_DRIP,Normal,2.6
Sugarcane,Vegetative,Loamy,28.2,39.2,35.1,Moderate,17.3,Drip Irrigation,None / Healthy,0.85,6.1,5.18,11.34,28.0,14.0,DELAY_RAIN_EXPECTED,Low,0.0
Rice,Seedling,Loamy,11.7,34.7,65.6,None,0.0,Sub-surface Drip,None / Healthy,1.05,3.8,3.99,0.0,28.0,14.0,IRRIGATE_IMMEDIATELY,Immediate,4.92
Cotton,Flowering,Black Soil,21.4,29.5,31.6,None,0.0,Flood / Surface,None / Healthy,1.2,4.26,5.11,0.0,40.0,22.0,IRRIGATE_IMMEDIATELY,Immediate,6.3
Cotton,Seedling,Sandy Loam,10.7,20.7,47.8,Moderate,17.6,Flood / Surface,None / Healthy,0.45,2.21,0.99,11.6,22.0,10.0,IRRIGATE_IMMEDIATELY,Immediate,3.5
Sugarcane,Vegetative,Clay Loam,33.4,39.5,49.0,Moderate,7.1,Drip Irrigation,Pepper Bell Bacterial Spot,0.85,5.42,4.61,3.18,34.0,18.0,OPTIMAL_STANDBY,Low,0.0
Corn,Flowering,Sandy,8.4,19.8,92.9,None,0.0,Drip Irrigation,None / Healthy,1.2,2.0,2.4,0.0,15.0,6.0,IRRIGATE_IMMEDIATELY,Immediate,3.5
Pepper Bell,Fruiting,Black Soil,18.6,31.7,55.3,Moderate,13.1,Drip Irrigation,None / Healthy,1.1,3.77,4.15,8.0,40.0,22.0,IRRIGATE_IMMEDIATELY,Immediate,5.09
Rice,Maturity,Sandy Loam,17.2,36.2,29.4,Moderate,15.5,Sprinkler (Overhead),None / Healthy,0.95,5.75,5.46,9.91,22.0,10.0,DELAY_RAIN_EXPECTED,Low,0.0
Sugarcane,Fruiting,Clay Loam,23.1,40.1,64.0,Moderate,11.6,Drip Irrigation,None / Healthy,1.25,4.71,5.89,6.8,34.0,18.0,IRRIGATE_IMMEDIATELY,Immediate,6.93
Sugarcane,Fruiting,Black Soil,22.5,41.7,57.2,Moderate,12.8,Sprinkler (Overhead),None / Healthy,1.25,5.36,6.7,7.76,40.0,22.0,IRRIGATE_IMMEDIATELY,Immediate,7.0
Cotton,Fruiting,Loamy,22.7,20.6,20.9,None,0.0,Drip Irrigation,None / Healthy,0.85,2.79,2.37,0.0,28.0,14.0,MAINTENANCE_DRIP,Normal,2.46
Sugarcane,Seedling,Sandy Loam,18.3,22.5,87.3,Low,2.6,Flood / Surface,None / Healthy,0.45,2.0,0.9,0.0,22.0,10.0,MAINTENANCE_DRIP,Normal,1.5
Corn,Fruiting,Sandy,4.0,31.1,57.6,None,0.0,Flood / Surface,Tomato Septoria Leaf Spot,1.1,3.58,3.94,0.0,15.0,6.0,IRRIGATE_IMMEDIATELY,Immediate,4.77
Pepper Bell,Seedling,Clay Loam,43.0,24.2,27.6,Moderate,12.1,Flood / Surface,None / Healthy,0.6,3.34,2.0,7.16,34.0,18.0,OPTIMAL_STANDBY,Low,0.0
Corn,Fruiting,Loamy,11.5,16.0,34.5,Low,2.1,Flood / Surface,None / Healthy,1.1,2.0,2.2,0.0,28.0,14.0,IRRIGATE_IMMEDIATELY,Immediate,3.5
Rice,Seedling,Sandy Loam,11.6,22.3,35.3,None,0.0,Drip Irrigation,None / Healthy,1.05,2.79,2.93,0.0,22.0,10.0,IRRIGATE_IMMEDIATELY,Immediate,3.86
Corn,Seedling,Clay Loam,37.9,28.2,45.6,Low,5.4,Drip Irrigation,None / Healthy,0.4,3.53,1.41,1.82,34.0,18.0,OPTIMAL_STANDBY,Low,0.0
Cotton,Vegetative,Sandy Loam,7.0,22.9,44.6,Moderate,12.9,Flood / Surface,None / Healthy,0.75,2.66,2.0,7.84,22.0,10.0,IRRIGATE_IMMEDIATELY,Immediate,3.5
Tomato,Fruiting,Sandy,11.2,15.8,86.1,Moderate,14.1,Sprinkler (Overhead),Tomato Septoria Leaf Spot,1.2,2.0,2.4,8.77,15.0,6.0,SUSPEND_OVERHEAD_BLIGHT,Immediate,0.0
Sugarcane,Maturity,Sandy Loam,9.9,20.9,83.1,None,0.0,Drip Irrigation,None / Healthy,0.7,2.0,1.4,0.0,22.0,10.0,IRRIGATE_IMMEDIATELY,Immediate,3.5
Soybean,Seedling,Sandy Loam,17.8,14.1,36.1,Moderate,18.0,Sprinkler (Overhead),None / Healthy,0.4,2.0,0.8,11.89,22.0,10.0,DELAY_RAIN_EXPECTED,Low,0.0
Pepper Bell,Seedling,Sandy Loam,16.5,27.5,32.7,None,0.0,Drip Irrigation,None / Healthy,0.6,3.83,2.3,0.0,22.0,10.0,MAINTENANCE_DRIP,Normal,2.18
Pepper Bell,Vegetative,Clay Loam,36.0,14.2,23.6,Low,3.3,Drip Irrigation,None / Healthy,0.8,2.0,1.6,0.17,34.0,18.0,OPTIMAL_STANDBY,Low,0.0
Wheat,Maturity,Sandy,6.3,18.3,24.6,Low,2.3,Drip Irrigation,Pepper Bell Bacterial Spot,0.35,2.25,0.79,0.0,15.0,6.0,IRRIGATE_IMMEDIATELY,Immediate,3.5
Rice,Vegetative,Black Soil,50.3,31.8,24.5,None,0.0,Sprinkler (Overhead),Potato Late Blight,1.15,5.0,5.75,0.0,40.0,22.0,SUSPEND_OVERHEAD_BLIGHT,Immediate,0.0
Corn,Vegetative,Clay Loam,31.5,14.6,21.4,None,0.0,Drip Irrigation,None / Healthy,0.85,2.0,1.7,0.0,34.0,18.0,OPTIMAL_STANDBY,Low,0.0
Corn,Flowering,Black Soil,32.8,32.5,68.1,None,0.0,Drip Irrigation,None / Healthy,1.2,3.37,4.04,0.0,40.0,22.0,MAINTENANCE_DRIP,Normal,3.87
Wheat,Maturity,Loamy,36.6,15.8,91.6,High,20.3,Sprinkler (Overhead),None / Healthy,0.35,2.0,0.7,13.76,28.0,14.0,DELAY_RAIN_EXPECTED,Low,0.0
Cotton,Flowering,Loamy,30.9,38.2,50.2,None,0.0,Sub-surface Drip,None / Healthy,1.2,5.13,6.16,0.0,28.0,14.0,OPTIMAL_STANDBY,Low,0.0
Soybean,Flowering,Loamy,39.8,21.4,91.0,None,0.0,Drip Irrigation,Tomato Target Spot,1.15,2.0,2.3,0.0,28.0,14.0,OPTIMAL_STANDBY,Low,0.0
Sugarcane,Seedling,Black Soil,26.7,36.2,72.9,Moderate,10.1,Sprinkler (Overhead),Tomato Target Spot,0.45,3.68,1.66,5.57,40.0,22.0,SUSPEND_OVERHEAD_BLIGHT,Immediate,0.0
Pepper Bell,Fruiting,Black Soil,39.2,19.9,38.9,Low,4.2,Flood / Surface,None / Healthy,1.1,2.28,2.51,0.85,40.0,22.0,OPTIMAL_STANDBY,Low,0.0
Sugarcane,Maturity,Clay Loam,16.4,15.2,51.2,None,0.0,Flood / Surface,Tomato Yellow Leaf Curl Virus,0.7,2.0,1.4,0.0,34.0,18.0,IRRIGATE_IMMEDIATELY,Immediate,3.5
Wheat,Seedling,Sandy,6.1,18.5,47.8,None,0.0,Flood / Surface,None / Healthy,0.4,2.0,0.8,0.0,15.0,6.0,IRRIGATE_IMMEDIATELY,Immediate,3.5
Sugarcane,Vegetative,Black Soil,22.2,32.5,85.9,None,0.0,Sprinkler (Overhead),None / Healthy,0.85,2.88,2.45,0.0,40.0,22.0,IRRIGATE_IMMEDIATELY,Immediate,3.5
Wheat,Fruiting,Sandy Loam,30.3,21.0,72.6,None,0.0,Drip Irrigation,None / Healthy,0.85,2.0,1.7,0.0,22.0,10.0,OPTIMAL_STANDBY,Low,0.0
Sugarcane,Flowering,Sandy,14.3,34.3,44.0,None,0.0,Drip Irrigation,None / Healthy,1.25,4.69,5.86,0.0,15.0,6.0,OPTIMAL_STANDBY,Low,0.0
Potato,Vegetative,Loamy,24.0,14.8,64.6,Moderate,17.5,Sprinkler (Overhead),Tomato Early Blight,0.8,2.0,1.6,11.5,28.0,14.0,SUSPEND_OVERHEAD_BLIGHT,Immediate,0.0
Corn,Seedling,Clay Loam,33.1,38.6,70.8,Moderate,15.2,Drip Irrigation,None / Healthy,0.4,4.12,1.65,9.64,34.0,18.0,DELAY_RAIN_EXPECTED,Low,0.0
Pepper Bell,Seedling,Clay Loam,17.9,32.3,78.1,Low,4.7,Flood / Surface,None / Healthy,0.6,2.93,1.76,1.29,34.0,18.0,IRRIGATE_IMMEDIATELY,Immediate,3.5
Tomato,Fruiting,Loamy,37.4,15.4,69.5,None,0.0,Drip Irrigation,None / Healthy,1.2,2.0,2.4,0.0,28.0,14.0,OPTIMAL_STANDBY,Low,0.0
Soybean,Maturity,Clay Loam,15.9,35.6,26.6,None,0.0,Sprinkler (Overhead),Tomato Early Blight,0.5,5.76,2.88,0.0,34.0,18.0,SUSPEND_OVERHEAD_BLIGHT,Immediate,0.0
Cotton,Flowering,Sandy Loam,27.6,14.9,52.0,Low,2.9,Flood / Surface,None / Healthy,1.2,2.0,2.4,0.0,22.0,10.0,OPTIMAL_STANDBY,Low,0.0
Sugarcane,Maturity,Black Soil,41.6,40.6,69.0,None,0.0,Sub-surface Drip,Tomato Early Blight,0.7,4.51,3.16,0.0,40.0,22.0,OPTIMAL_STANDBY,Low,0.0
Tomato,Maturity,Sandy,15.8,35.9,55.3,None,0.0,Sprinkler (Overhead),None / Healthy,0.8,4.47,3.58,0.0,15.0,6.0,OPTIMAL_STANDBY,Low,0.0
Pepper Bell,Seedling,Loamy,26.7,29.4,62.5,Moderate,9.1,Sprinkler (Overhead),None / Healthy,0.6,3.14,1.88,4.77,28.0,14.0,OPTIMAL_STANDBY,Low,0.0
Tomato,Flowering,Clay Loam,17.7,31.3,62.6,High,31.7,Sprinkler (Overhead),None / Healthy,1.15,3.42,3.93,22.89,34.0,18.0,IRRIGATE_IMMEDIATELY,Immediate,4.57
Rice,Vegetative,Sandy,20.1,16.6,64.4,Moderate,8.8,Drip Irrigation,None / Healthy,1.15,2.0,2.3,4.5,15.0,6.0,OPTIMAL_STANDBY,Low,0.0
Sugarcane,Seedling,Sandy Loam,28.8,29.0,67.6,High,29.6,Drip Irrigation,Pepper Bell Bacterial Spot,0.45,2.89,1.3,21.18,22.0,10.0,DELAY_RAIN_EXPECTED,Low,0.0
Potato,Maturity,Black Soil,30.4,19.9,31.1,None,0.0,Drip Irrigation,None / Healthy,0.75,2.42,1.81,0.0,40.0,22.0,MAINTENANCE_DRIP,Normal,1.68
Potato,Maturity,Loamy,18.5,29.3,90.7,None,0.0,Drip Irrigation,None / Healthy,0.75,2.5,1.88,0.0,28.0,14.0,IRRIGATE_IMMEDIATELY,Immediate,3.5
Corn,Vegetative,Sandy,15.6,19.3,70.8,Low,2.3,Drip Irrigation,None / Healthy,0.85,2.0,1.7,0.0,15.0,6.0,OPTIMAL_STANDBY,Low,0.0
Tomato,Maturity,Sandy,6.1,15.8,77.7,None,0.0,Sprinkler (Overhead),Pepper Bell Bacterial Spot,0.8,2.0,1.6,0.0,15.0,6.0,SUSPEND_OVERHEAD_BLIGHT,Immediate,0.0
Wheat,Fruiting,Clay Loam,26.9,23.3,80.5,Low,4.6,Drip Irrigation,None / Healthy,0.85,2.0,1.7,1.17,34.0,18.0,MAINTENANCE_DRIP,Normal,1.79
Corn,Flowering,Sandy Loam,35.0,37.4,25.3,None,0.0,Flood / Surface,Tomato Septoria Leaf Spot,1.2,6.21,7.45,0.0,22.0,10.0,OPTIMAL_STANDBY,Low,0.0
Wheat,Fruiting,Sandy,11.3,37.5,56.3,Moderate,7.9,Drip Irrigation,None / Healthy,0.85,4.68,3.98,3.84,15.0,6.0,MAINTENANCE_DRIP,Normal,3.84
Sugarcane,Flowering,Sandy Loam,23.4,30.8,38.4,Moderate,7.6,Sprinkler (Overhead),None / Healthy,1.25,4.26,5.32,3.62,22.0,10.0,OPTIMAL_STANDBY,Low,0.0
Rice,Maturity,Sandy Loam,17.7,39.8,59.9,None,0.0,Drip Irrigation,None / Healthy,0.95,4.89,4.65,0.0,22.0,10.0,MAINTENANCE_DRIP,Normal,4.7
Sugarcane,Seedling,Black Soil,40.9,31.0,61.9,None,0.0,Sub-surface Drip,Tomato Septoria Leaf Spot,0.45,3.4,1.53,0.0,40.0,22.0,OPTIMAL_STANDBY,Low,0.0
Wheat,Maturity,Clay Loam,31.5,39.2,68.7,None,0.0,Drip Irrigation,None / Healthy,0.35,4.32,1.51,0.0,34.0,18.0,OPTIMAL_STANDBY,Low,0.0
Potato,Seedling,Black Soil,34.1,16.3,74.0,None,0.0,Flood / Surface,None / Healthy,0.5,2.0,1.0,0.0,40.0,22.0,MAINTENANCE_DRIP,Normal,1.5
Wheat,Vegetative,Sandy Loam,22.9,21.2,67.8,None,0.0,Sub-surface Drip,Tomato Yellow Leaf Curl Virus,0.75,2.0,1.5,0.0,22.0,10.0,OPTIMAL_STANDBY,Low,0.0
Tomato,Maturity,Black Soil,28.2,19.0,38.5,None,0.0,Sprinkler (Overhead),None / Healthy,0.8,2.12,1.7,0.0,40.0,22.0,IRRIGATE_IMMEDIATELY,Immediate,3.5
Wheat,Maturity,Black Soil,49.6,15.8,85.5,None,0.0,Flood / Surface,Pepper Bell Bacterial Spot,0.35,2.0,0.7,0.0,40.0,22.0,OPTIMAL_STANDBY,Low,0.0
Rice,Seedling,Clay Loam,33.3,16.3,54.7,Moderate,11.4,Drip Irrigation,Tomato Target Spot,1.05,2.0,2.1,6.6,34.0,18.0,OPTIMAL_STANDBY,Low,0.0
Pepper Bell,Maturity,Loamy,40.0,23.1,45.1,None,0.0,Drip Irrigation,None / Healthy,0.85,2.68,2.28,0.0,28.0,14.0,OPTIMAL_STANDBY,Low,0.0
Soybean,Maturity,Clay Loam,14.3,29.8,42.8,Low,2.1,Drip Irrigation,Pepper Bell Bacterial Spot,0.5,3.92,1.96,0.0,34.0,18.0,IRRIGATE_IMMEDIATELY,Immediate,3.5
Pepper Bell,Vegetative,Sandy Loam,21.5,26.0,28.3,Low,4.8,Sprinkler (Overhead),Potato Late Blight,0.8,3.68,2.94,1.32,22.0,10.0,SUSPEND_OVERHEAD_BLIGHT,Immediate,0.0
Tomato,Seedling,Loamy,17.1,26.1,81.6,None,0.0,Drip Irrigation,None / Healthy,0.6,2.12,1.27,0.0,28.0,14.0,IRRIGATE_IMMEDIATELY,Immediate,3.5
Tomato,Flowering,Loamy,32.8,19.1,36.7,Low,2.0,Drip Irrigation,None / Healthy,1.15,2.17,2.5,0.0,28.0,14.0,OPTIMAL_STANDBY,Low,0.0
Potato,Vegetative,Sandy,4.0,25.2,26.5,Low,3.8,Sprinkler (Overhead),None / Healthy,0.8,3.57,2.86,0.51,15.0,6.0,IRRIGATE_IMMEDIATELY,Immediate,3.71
Sugarcane,Seedling,Black Soil,41.3,28.1,31.9,None,0.0,Sprinkler (Overhead),Pepper Bell Bacterial Spot,0.45,3.98,1.79,0.0,40.0,22.0,SUSPEND_OVERHEAD_BLIGHT,Immediate,0.0
Pepper Bell,Flowering,Sandy,4.0,14.9,88.3,Moderate,11.2,Drip Irrigation,None / Healthy,1.05,2.0,2.1,6.45,15.0,6.0,IRRIGATE_IMMEDIATELY,Immediate,3.5
Rice,Fruiting,Sandy,12.8,37.3,75.3,Moderate,10.5,Drip Irrigation,None / Healthy,1.2,3.71,4.45,5.93,15.0,6.0,DELAY_RAIN_EXPECTED,Moderate,0.0
Cotton,Maturity,Loamy,19.1,32.3,39.4,Low,2.8,Sub-surface Drip,None / Healthy,0.55,4.51,2.48,0.0,28.0,14.0,IRRIGATE_IMMEDIATELY,Immediate,3.5
Cotton,Fruiting,Sandy,6.7,23.6,68.3,None,0.0,Sprinkler (Overhead),None / Healthy,0.85,2.15,1.83,0.0,15.0,6.0,IRRIGATE_IMMEDIATELY,Immediate,3.5
Corn,Seedling,Black Soil,34.0,29.4,58.4,High,43.5,Sprinkler (Overhead),None / Healthy,0.4,3.28,1.31,32.29,40.0,22.0,DELAY_RAIN_EXPECTED,Low,0.0
Potato,Fruiting,Sandy Loam,16.2,33.4,50.6,None,0.0,Drip Irrigation,None / Healthy,1.15,4.24,4.88,0.0,22.0,10.0,MAINTENANCE_DRIP,Normal,4.8
Corn,Fruiting,Black Soil,50.9,17.2,26.9,None,0.0,Drip Irrigation,None / Healthy,1.1,2.0,2.2,0.0,40.0,22.0,OPTIMAL_STANDBY,Low,0.0
Corn,Seedling,Clay Loam,36.6,21.3,47.1,None,0.0,Flood / Surface,None / Healthy,0.4,2.34,0.94,0.0,34.0,18.0,OPTIMAL_STANDBY,Low,0.0
Sugarcane,Seedling,Sandy,10.9,37.8,81.1,High,19.2,Drip Irrigation,None / Healthy,0.45,3.54,1.59,12.89,15.0,6.0,DELAY_RAIN_EXPECTED,Low,0.0
Potato,Seedling,Loamy,16.6,21.9,58.1,None,0.0,Sub-surface Drip,None / Healthy,0.5,2.17,1.08,0.0,28.0,14.0,IRRIGATE_IMMEDIATELY,Immediate,3.5
Pepper Bell,Fruiting,Black Soil,37.0,15.6,75.5,None,0.0,Sub-surface Drip,Tomato Early Blight,1.1,2.0,2.2,0.0,40.0,22.0,OPTIMAL_STANDBY,Low,0.0
Sugarcane,Seedling,Sandy Loam,7.2,22.8,66.0,Moderate,7.7,Drip Irrigation,Pepper Bell Bacterial Spot,0.45,2.1,0.95,3.67,22.0,10.0,IRRIGATE_IMMEDIATELY,Immediate,3.5
Rice,Vegetative,Black Soil,43.5,34.4,20.3,Low,5.3,Drip Irrigation,None / Healthy,1.15,5.77,6.64,1.73,40.0,22.0,OPTIMAL_STANDBY,Low,0.0
Sugarcane,Flowering,Clay Loam,29.5,26.5,52.9,Moderate,12.1,Drip Irrigation,None / Healthy,1.25,3.01,3.76,7.2,34.0,18.0,DELAY_RAIN_EXPECTED,Moderate,0.0
Cotton,Vegetative,Black Soil,47.0,18.1,52.8,High,26.5,Sprinkler (Overhead),None / Healthy,0.75,2.0,1.5,18.7,40.0,22.0,DELAY_RAIN_EXPECTED,Low,0.0
Soybean,Seedling,Black Soil,37.6,16.7,41.2,Low,2.7,Sprinkler (Overhead),Tomato Early Blight,0.4,2.0,0.8,0.0,40.0,22.0,SUSPEND_OVERHEAD_BLIGHT,Immediate,0.0
Cotton,Vegetative,Sandy,11.6,28.5,86.6,Moderate,13.4,Drip Irrigation,Tomato Target Spot,0.75,2.41,1.81,8.2,15.0,6.0,DELAY_RAIN_EXPECTED,Low,0.0
Wheat,Flowering,Sandy Loam,28.0,16.3,50.2,High,21.8,Sprinkler (Overhead),None / Healthy,1.15,2.0,2.3,14.97,22.0,10.0,DELAY_RAIN_EXPECTED,Low,0.0
Wheat,Vegetative,Sandy Loam,10.8,31.3,79.7,Moderate,13.9,Sprinkler (Overhead),Tomato Target Spot,0.75,2.75,2.06,8.63,22.0,10.0,SUSPEND_OVERHEAD_BLIGHT,Immediate,0.0
Corn,Seedling,Sandy Loam,28.2,35.7,30.6,None,0.0,Sub-surface Drip,None / Healthy,0.4,5.59,2.24,0.0,22.0,10.0,OPTIMAL_STANDBY,Low,0.0
Rice,Fruiting,Sandy,15.6,15.0,92.1,None,0.0,Flood / Surface,None / Healthy,1.2,2.0,2.4,0.0,15.0,6.0,OPTIMAL_STANDBY,Low,0.0
Soybean,Fruiting,Clay Loam,26.6,41.4,67.5,High,27.4,Drip Irrigation,None / Healthy,1.05,4.72,4.96,19.44,34.0,18.0,DELAY_RAIN_EXPECTED,Low,0.0
Soybean,Flowering,Loamy,10.3,31.1,46.2,Low,4.7,Sprinkler (Overhead),None / Healthy,1.15,4.02,4.62,1.25,28.0,14.0,IRRIGATE_IMMEDIATELY,Immediate,5.84
Cotton,Seedling,Clay Loam,23.5,40.3,53.1,None,0.0,Flood / Surface,Tomato Yellow Leaf Curl Virus,0.45,5.34,2.4,0.0,34.0,18.0,IRRIGATE_IMMEDIATELY,Immediate,3.5
Soybean,Vegetative,Loamy,11.0,19.7,91.3,None,0.0,Sub-surface Drip,Potato Late Blight,0.7,2.0,1.4,0.0,28.0,14.0,IRRIGATE_IMMEDIATELY,Immediate,3.5
Sugarcane,Vegetative,Black Soil,34.8,37.6,47.6,None,0.0,Flood / Surface,None / Healthy,0.85,5.14,4.37,0.0,40.0,22.0,MAINTENANCE_DRIP,Normal,4.32
Cotton,Vegetative,Sandy Loam,16.4,25.6,67.2,High,22.2,Sprinkler (Overhead),None / Healthy,0.75,2.45,1.84,15.23,22.0,10.0,DELAY_RAIN_EXPECTED,Low,0.0
Potato,Maturity,Sandy,10.9,36.2,59.1,None,0.0,Sub-surface Drip,Tomato Target Spot,0.75,4.33,3.25,0.0,15.0,6.0,MAINTENANCE_DRIP,Normal,3.32
Pepper Bell,Vegetative,Loamy,19.1,41.8,68.0,Moderate,8.7,Sprinkler (Overhead),None / Healthy,0.8,4.75,3.8,4.47,28.0,14.0,IRRIGATE_IMMEDIATELY,Immediate,4.98
Corn,Vegetative,Sandy,10.8,40.1,93.0,Low,2.6,Flood / Surface,Tomato Septoria Leaf Spot,0.85,3.83,3.26,0.0,15.0,6.0,MAINTENANCE_DRIP,Normal,3.44
Wheat,Maturity,Black Soil,39.8,25.3,47.5,None,0.0,Drip Irrigation,None / Healthy,0.35,2.98,1.04,0.0,40.0,22.0,OPTIMAL_STANDBY,Low,0.0
Potato,Maturity,Sandy Loam,17.7,29.4,61.8,None,0.0,Sub-surface Drip,Tomato Early Blight,0.75,3.16,2.37,0.0,22.0,10.0,MAINTENANCE_DRIP,Normal,2.29
Wheat,Flowering,Sandy Loam,10.9,14.7,86.2,None,0.0,Sprinkler (Overhead),Tomato Target Spot,1.15,2.0,2.3,0.0,22.0,10.0,SUSPEND_OVERHEAD_BLIGHT,Immediate,0.0
Soybean,Vegetative,Sandy Loam,16.1,22.6,39.4,Moderate,11.9,Drip Irrigation,None / Healthy,0.7,2.74,1.92,7.04,22.0,10.0,DELAY_RAIN_EXPECTED,Moderate,0.0
Corn,Fruiting,Loamy,27.5,33.6,32.6,None,0.0,Sprinkler (Overhead),Potato Late Blight,1.1,5.05,5.56,0.0,28.0,14.0,SUSPEND_OVERHEAD_BLIGHT,Immediate,0.0
Cotton,Seedling,Clay Loam,34.9,40.8,30.0,Low,5.1,Sprinkler (Overhead),None / Healthy,0.45,6.73,3.03,1.55,34.0,18.0,OPTIMAL_STANDBY,Low,0.0
Sugarcane,Flowering,Clay Loam,27.3,28.7,45.6,None,0.0,Flood / Surface,Potato Late Blight,1.25,3.63,4.54,0.0,34.0,18.0,MAINTENANCE_DRIP,Normal,4.46
Rice,Vegetative,Clay Loam,33.3,23.8,45.1,None,0.0,Flood / Surface,None / Healthy,1.15,2.8,3.22,0.0,34.0,18.0,OPTIMAL_STANDBY,Low,0.0
Wheat,Vegetative,Clay Loam,20.8,31.3,90.7,Low,4.1,Sub-surface Drip,None / Healthy,0.75,2.74,2.06,0.81,34.0,18.0,IRRIGATE_IMMEDIATELY,Immediate,3.5
Soybean,Maturity,Sandy Loam,17.1,39.1,75.3,Low,3.1,Drip Irrigation,None / Healthy,0.5,3.95,1.98,0.0,22.0,10.0,MAINTENANCE_DRIP,Normal,2.28
Rice,Seedling,Clay Loam,18.3,25.6,25.8,None,0.0,Sprinkler (Overhead),Tomato Septoria Leaf Spot,1.05,3.67,3.85,0.0,34.0,18.0,SUSPEND_OVERHEAD_BLIGHT,Immediate,0.0
Wheat,Fruiting,Black Soil,26.8,16.6,80.3,Low,4.2,Flood / Surface,Tomato Septoria Leaf Spot,0.85,2.0,1.7,0.88,40.0,22.0,IRRIGATE_IMMEDIATELY,Immediate,3.5
Tomato,Maturity,Clay Loam,27.3,28.3,29.1,Moderate,11.8,Sprinkler (Overhead),None / Healthy,0.8,4.12,3.3,6.91,34.0,18.0,DELAY_RAIN_EXPECTED,Moderate,0.0
Soybean,Fruiting,Black Soil,31.1,40.7,75.9,High,35.0,Flood / Surface,Tomato Target Spot,1.05,4.15,4.36,25.51,40.0,22.0,DELAY_RAIN_EXPECTED,Low,0.0
Soybean,Flowering,Sandy Loam,16.9,31.2,86.8,Low,3.8,Sprinkler (Overhead),None / Healthy,1.15,2.72,3.13,0.52,22.0,10.0,MAINTENANCE_DRIP,Normal,3.11
Wheat,Flowering,Sandy,10.9,21.8,84.8,High,41.0,Flood / Surface,None / Healthy,1.15,2.0,2.3,30.26,15.0,6.0,DELAY_RAIN_EXPECTED,Low,0.0
Tomato,Seedling,Black Soil,37.7,20.9,70.3,Low,4.8,Drip Irrigation,Pepper Bell Bacterial Spot,0.6,2.0,1.2,1.37,40.0,22.0,OPTIMAL_STANDBY,Low,0.0
Wheat,Maturity,Sandy,14.0,21.2,21.0,None,0.0,Flood / Surface,None / Healthy,0.35,2.9,1.01,0.0,15.0,6.0,OPTIMAL_STANDBY,Low,0.0
Corn,Vegetative,Loamy,29.8,41.9,78.8,None,0.0,Sub-surface Drip,None / Healthy,0.85,4.14,3.52,0.0,28.0,14.0,OPTIMAL_STANDBY,Low,0.0
Sugarcane,Flowering,Sandy,23.8,15.0,88.2,None,0.0,Flood / Surface,Tomato Septoria Leaf Spot,1.25,2.0,2.5,0.0,15.0,6.0,OPTIMAL_STANDBY,Low,0.0
Sugarcane,Vegetative,Loamy,12.6,41.5,45.2,None,0.0,Drip Irrigation,None / Healthy,0.85,6.02,5.12,0.0,28.0,14.0,IRRIGATE_IMMEDIATELY,Immediate,6.24
Wheat,Maturity,Sandy Loam,22.8,20.5,44.8,Moderate,16.6,Sprinkler (Overhead),None / Healthy,0.35,2.26,0.79,10.75,22.0,10.0,DELAY_RAIN_EXPECTED,Low,0.0
Pepper Bell,Flowering,Sandy Loam,17.4,18.5,86.8,None,0.0,Drip Irrigation,Potato Late Blight,1.05,2.0,2.1,0.0,22.0,10.0,MAINTENANCE_DRIP,Normal,2.09
Potato,Flowering,Loamy,36.9,18.7,60.9,Moderate,9.9,Drip Irrigation,None / Healthy,1.15,2.0,2.3,5.42,28.0,14.0,OPTIMAL_STANDBY,Low,0.0
Wheat,Seedling,Clay Loam,27.2,17.7,72.4,Low,4.3,Flood / Surface,Pepper Bell Bacterial Spot,0.4,2.0,0.8,0.94,34.0,18.0,MAINTENANCE_DRIP,Normal,1.5
Tomato,Fruiting,Loamy,15.7,25.9,44.6,Low,2.8,Drip Irrigation,None / Healthy,1.2,3.17,3.8,0.0,28.0,14.0,IRRIGATE_IMMEDIATELY,Immediate,4.89
Corn,Vegetative,Black Soil,22.8,37.9,25.5,None,0.0,Drip Irrigation,Potato Late Blight,0.85,6.33,5.38,0.0,40.0,22.0,IRRIGATE_IMMEDIATELY,Immediate,6.55
Pepper Bell,Seedling,Black Soil,18.2,18.4,62.9,None,0.0,Drip Irrigation,Pepper Bell Bacterial Spot,0.6,2.0,1.2,0.0,40.0,22.0,IRRIGATE_IMMEDIATELY,Immediate,3.5
Potato,Vegetative,Sandy,27.0,26.6,79.0,None,0.0,Sub-surface Drip,Tomato Target Spot,0.8,2.22,1.78,0.0,15.0,6.0,OPTIMAL_STANDBY,Low,0.0
Cotton,Fruiting,Sandy Loam,20.6,30.2,56.0,None,0.0,Drip Irrigation,Tomato Target Spot,0.85,3.49,2.97,0.0,22.0,10.0,OPTIMAL_STANDBY,Low,0.0
Tomato,Flowering,Clay Loam,26.3,33.3,31.2,Moderate,12.2,Drip Irrigation,None / Healthy,1.15,5.04,5.8,7.27,34.0,18.0,DELAY_RAIN_EXPECTED,Moderate,0.0
Pepper Bell,Flowering,Loamy,22.3,35.5,41.6,Moderate,14.7,Sprinkler (Overhead),None / Healthy,1.05,5.04,5.29,9.3,28.0,14.0,DELAY_RAIN_EXPECTED,Low,0.0
Corn,Flowering,Loamy,23.0,39.3,24.9,Low,1.5,Flood / Surface,None / Healthy,1.2,6.67,8.0,0.0,28.0,14.0,MAINTENANCE_DRIP,Normal,5.5
Corn,Fruiting,Black Soil,34.9,14.3,41.0,None,0.0,Flood / Surface,None / Healthy,1.1,2.0,2.2,0.0,40.0,22.0,MAINTENANCE_DRIP,Normal,2.01
Sugarcane,Fruiting,Sandy,5.2,14.7,83.9,Low,1.2,Drip Irrigation,Tomato Septoria Leaf Spot,1.25,2.0,2.5,0.0,15.0,6.0,IRRIGATE_IMMEDIATELY,Immediate,3.5
Rice,Seedling,Black Soil,40.5,33.9,82.4,None,0.0,Drip Irrigation,None / Healthy,1.05,3.06,3.21,0.0,40.0,22.0,OPTIMAL_STANDBY,Low,0.0
Soybean,Maturity,Black Soil,21.9,28.3,65.5,None,0.0,Drip Irrigation,None / Healthy,0.5,2.88,1.44,0.0,40.0,22.0,IRRIGATE_IMMEDIATELY,Immediate,3.5
Potato,Fruiting,Black Soil,47.2,19.1,69.1,None,0.0,Drip Irrigation,Potato Late Blight,1.15,2.0,2.3,0.0,40.0,22.0,OPTIMAL_STANDBY,Low,0.0
Rice,Maturity,Sandy Loam,24.9,14.7,60.5,None,0.0,Drip Irrigation,Pepper Bell Bacterial Spot,0.95,2.0,1.9,0.0,22.0,10.0,OPTIMAL_STANDBY,Low,0.0
Soybean,Maturity,Sandy,4.6,32.1,86.5,Low,5.1,Sprinkler (Overhead),None / Healthy,0.5,2.83,1.42,1.62,15.0,6.0,IRRIGATE_IMMEDIATELY,Immediate,3.5
Corn,Fruiting,Black Soil,18.1,35.6,83.0,None,0.0,Drip Irrigation,Pepper Bell Bacterial Spot,1.1,3.26,3.59,0.0,40.0,22.0,IRRIGATE_IMMEDIATELY,Immediate,4.56
Soybean,Seedling,Loamy,20.4,40.8,56.5,Low,2.6,Flood / Surface,None / Healthy,0.4,5.25,2.1,0.0,28.0,14.0,MAINTENANCE_DRIP,Normal,2.1
Wheat,Fruiting,Black Soil,40.1,40.3,65.3,None,0.0,Drip Irrigation,None / Healthy,0.85,4.67,3.97,0.0,40.0,22.0,OPTIMAL_STANDBY,Low,0.0
Corn,Maturity,Sandy,25.1,26.4,63.1,Low,3.5,Drip Irrigation,Tomato Yellow Leaf Curl Virus,0.6,2.68,1.61,0.27,15.0,6.0,OPTIMAL_STANDBY,Low,0.0
Soybean,Vegetative,Sandy Loam,18.6,29.7,43.6,None,0.0,Drip Irrigation,None / Healthy,0.7,3.88,2.72,0.0,22.0,10.0,MAINTENANCE_DRIP,Normal,2.48
Corn,Flowering,Black Soil,28.2,28.9,92.5,Moderate,10.6,Drip Irrigation,None / Healthy,1.2,2.45,2.94,5.94,40.0,22.0,IRRIGATE_IMMEDIATELY,Immediate,3.72
Potato,Vegetative,Black Soil,28.5,22.9,40.8,None,0.0,Drip Irrigation,None / Healthy,0.8,2.76,2.21,0.0,40.0,22.0,IRRIGATE_IMMEDIATELY,Immediate,3.5
Sugarcane,Maturity,Sandy Loam,9.2,36.0,42.1,None,0.0,Sub-surface Drip,Potato Late Blight,0.7,5.12,3.58,0.0,22.0,10.0,IRRIGATE_IMMEDIATELY,Immediate,4.8
Soybean,Seedling,Sandy,16.3,27.4,65.3,Moderate,8.0,Sprinkler (Overhead),Potato Late Blight,0.4,2.75,1.1,3.88,15.0,6.0,SUSPEND_OVERHEAD_BLIGHT,Immediate,0.0
Soybean,Vegetative,Clay Loam,21.3,29.0,60.1,None,0.0,Sprinkler (Overhead),None / Healthy,0.7,3.17,2.22,0.0,34.0,18.0,IRRIGATE_IMMEDIATELY,Immediate,3.5
Wheat,Seedling,Sandy,4.5,38.8,77.9,Low,3.7,Flood / Surface,None / Healthy,0.4,3.78,1.51,0.47,15.0,6.0,IRRIGATE_IMMEDIATELY,Immediate,3.5
Rice,Fruiting,Sandy Loam,23.4,29.0,77.5,None,0.0,Drip Irrigation,Tomato Early Blight,1.2,2.56,3.07,0.0,22.0,10.0,OPTIMAL_STANDBY,Low,0.0
Sugarcane,Seedling,Black Soil,35.1,27.3,35.7,None,0.0,Drip Irrigation,None / Healthy,0.45,3.71,1.67,0.0,40.0,22.0,MAINTENANCE_DRIP,Normal,1.77
Tomato,Maturity,Clay Loam,19.0,35.3,33.0,Low,4.2,Drip Irrigation,None / Healthy,0.8,5.38,4.3,0.83,34.0,18.0,IRRIGATE_IMMEDIATELY,Immediate,5.41
Wheat,Flowering,Loamy,20.9,28.4,94.4,Moderate,7.2,Flood / Surface,None / Healthy,1.15,2.39,2.75,3.29,28.0,14.0,MAINTENANCE_DRIP,Normal,2.69
Tomato,Flowering,Loamy,24.6,24.8,71.2,Moderate,8.2,Drip Irrigation,None / Healthy,1.15,2.23,2.56,4.05,28.0,14.0,DELAY_RAIN_EXPECTED,Moderate,0.0
Potato,Fruiting,Clay Loam,20.0,14.8,77.8,Low,5.4,Sprinkler (Overhead),None / Healthy,1.15,2.0,2.3,1.83,34.0,18.0,IRRIGATE_IMMEDIATELY,Immediate,3.5
Sugarcane,Fruiting,Clay Loam,24.4,31.4,84.3,Low,1.6,Drip Irrigation,None / Healthy,1.25,2.75,3.44,0.0,34.0,18.0,IRRIGATE_IMMEDIATELY,Immediate,4.24
Soybean,Maturity,Clay Loam,33.2,20.7,43.7,Moderate,10.2,Sprinkler (Overhead),None / Healthy,0.5,2.31,1.16,5.65,34.0,18.0,OPTIMAL_STANDBY,Low,0.0
Soybean,Fruiting,Clay Loam,18.1,34.1,39.7,None,0.0,Sprinkler (Overhead),Tomato Early Blight,1.05,4.85,5.09,0.0,34.0,18.0,SUSPEND_OVERHEAD_BLIGHT,Immediate,0.0
Cotton,Vegetative,Sandy,10.1,17.6,63.4,None,0.0,Flood / Surface,Potato Late Blight,0.75,2.0,1.5,0.0,15.0,6.0,MAINTENANCE_DRIP,Normal,1.56
Wheat,Seedling,Sandy,4.0,40.9,45.1,None,0.0,Sprinkler (Overhead),None / Healthy,0.4,5.9,2.36,0.0,15.0,6.0,IRRIGATE_IMMEDIATELY,Immediate,3.5
Soybean,Seedling,Loamy,12.2,16.1,63.0,Moderate,14.7,Sprinkler (Overhead),None / Healthy,0.4,2.0,0.8,9.23,28.0,14.0,IRRIGATE_IMMEDIATELY,Immediate,3.5
Soybean,Seedling,Loamy,29.3,20.8,55.1,Moderate,11.9,Flood / Surface,None / Healthy,0.4,2.08,0.83,7.03,28.0,14.0,OPTIMAL_STANDBY,Low,0.0
Pepper Bell,Maturity,Sandy Loam,23.9,16.6,21.7,Low,2.8,Flood / Surface,Pepper Bell Bacterial Spot,0.85,2.0,1.7,0.0,22.0,10.0,OPTIMAL_STANDBY,Low,0.0
Sugarcane,Flowering,Sandy,15.5,41.0,86.2,Low,1.7,Sub-surface Drip,None / Healthy,1.25,3.96,4.95,0.0,15.0,6.0,OPTIMAL_STANDBY,Low,0.0
Pepper Bell,Maturity,Loamy,25.5,25.2,76.3,None,0.0,Sub-surface Drip,None / Healthy,0.85,2.13,1.81,0.0,28.0,14.0,OPTIMAL_STANDBY,Low,0.0
Pepper Bell,Maturity,Sandy,6.4,37.2,68.5,Moderate,9.1,Drip Irrigation,Pepper Bell Bacterial Spot,0.85,4.03,3.43,4.79,15.0,6.0,IRRIGATE_IMMEDIATELY,Immediate,4.6
Wheat,Flowering,Sandy Loam,6.9,25.2,51.6,None,0.0,Flood / Surface,None / Healthy,1.15,2.85,3.28,0.0,22.0,10.0,IRRIGATE_IMMEDIATELY,Immediate,4.03
Wheat,Fruiting,Loamy,21.4,24.1,56.7,None,0.0,Sub-surface Drip,Tomato Septoria Leaf Spot,0.85,2.53,2.15,0.0,28.0,14.0,MAINTENANCE_DRIP,Normal,1.92
Sugarcane,Fruiting,Black Soil,51.5,35.4,37.7,Moderate,9.6,Sprinkler (Overhead),None / Healthy,1.25,5.2,6.5,5.17,40.0,22.0,OPTIMAL_STANDBY,Low,0.0
Wheat,Flowering,Black Soil,32.5,38.0,41.0,None,0.0,Drip Irrigation,None / Healthy,1.15,5.56,6.39,0.0,40.0,22.0,MAINTENANCE_DRIP,Normal,5.5
Sugarcane,Vegetative,Clay Loam,27.8,36.1,55.9,None,0.0,Drip Irrigation,None / Healthy,0.85,4.47,3.8,0.0,34.0,18.0,MAINTENANCE_DRIP,Normal,3.78
Wheat,Maturity,Sandy,14.8,30.1,87.7,High,41.2,Sub-surface Drip,None / Healthy,0.35,2.6,0.91,30.45,15.0,6.0,DELAY_RAIN_EXPECTED,Low,0.0
Potato,Seedling,Sandy Loam,24.5,17.4,26.1,None,0.0,Sub-surface Drip,Tomato Septoria Leaf Spot,0.5,2.04,1.02,0.0,22.0,10.0,OPTIMAL_STANDBY,Low,0.0
Pepper Bell,Fruiting,Clay Loam,34.3,23.5,55.4,None,0.0,Sprinkler (Overhead),Tomato Septoria Leaf Spot,1.1,2.47,2.72,0.0,34.0,18.0,SUSPEND_OVERHEAD_BLIGHT,Immediate,0.0
Rice,Vegetative,Clay Loam,26.1,14.3,27.0,None,0.0,Flood / Surface,Tomato Septoria Leaf Spot,1.15,2.0,2.3,0.0,34.0,18.0,MAINTENANCE_DRIP,Normal,2.2
Pepper Bell,Vegetative,Sandy Loam,20.1,31.2,42.0,Moderate,12.1,Drip Irrigation,None / Healthy,0.8,4.2,3.36,7.16,22.0,10.0,OPTIMAL_STANDBY,Low,0.0
Pepper Bell,Seedling,Black Soil,28.3,16.8,84.6,None,0.0,Drip Irrigation,Tomato Target Spot,0.6,2.0,1.2,0.0,40.0,22.0,IRRIGATE_IMMEDIATELY,Immediate,3.5
Corn,Flowering,Black Soil,26.3,33.8,30.5,High,36.6,Drip Irrigation,None / Healthy,1.2,5.18,6.22,26.81,40.0,22.0,DELAY_RAIN_EXPECTED,Low,0.0
Potato,Maturity,Loamy,28.7,32.3,33.4,None,0.0,Sprinkler (Overhead),None / Healthy,0.75,4.75,3.56,0.0,28.0,14.0,OPTIMAL_STANDBY,Low,0.0
Sugarcane,Seedling,Sandy Loam,14.6,22.5,28.8,None,0.0,Sprinkler (Overhead),None / Healthy,0.45,2.98,1.34,0.0,22.0,10.0,IRRIGATE_IMMEDIATELY,Immediate,3.5
Rice,Seedling,Black Soil,32.3,37.0,48.6,Moderate,11.4,Drip Irrigation,None / Healthy,1.05,4.98,5.23,6.64,40.0,22.0,DELAY_RAIN_EXPECTED,Moderate,0.0
Corn,Fruiting,Loamy,28.9,34.7,74.7,None,0.0,Drip Irrigation,None / Healthy,1.1,3.4,3.74,0.0,28.0,14.0,OPTIMAL_STANDBY,Low,0.0
Tomato,Flowering,Sandy Loam,18.3,38.5,60.0,Moderate,10.9,Drip Irrigation,Tomato Yellow Leaf Curl Virus,1.15,4.67,5.37,6.2,22.0,10.0,DELAY_RAIN_EXPECTED,Moderate,0.0
Potato,Fruiting,Loamy,10.1,28.3,34.1,None,0.0,Sprinkler (Overhead),None / Healthy,1.15,3.94,4.53,0.0,28.0,14.0,IRRIGATE_IMMEDIATELY,Immediate,5.42
Tomato,Vegetative,Loamy,40.4,40.4,40.6,None,0.0,Drip Irrigation,None / Healthy,0.85,6.06,5.15,0.0,28.0,14.0,OPTIMAL_STANDBY,Low,0.0
Corn,Flowering,Loamy,23.7,30.0,36.6,None,0.0,Flood / Surface,None / Healthy,1.2,4.18,5.02,0.0,28.0,14.0,MAINTENANCE_DRIP,Normal,4.94
Pepper Bell,Seedling,Sandy,11.4,35.0,59.7,None,0.0,Sub-surface Drip,None / Healthy,0.6,4.11,2.47,0.0,15.0,6.0,MAINTENANCE_DRIP,Normal,2.55
Soybean,Vegetative,Black Soil,19.4,35.8,63.1,Low,3.2,Drip Irrigation,None / Healthy,0.7,4.08,2.86,0.02,40.0,22.0,IRRIGATE_IMMEDIATELY,Immediate,4.02
Cotton,Vegetative,Sandy Loam,14.3,23.1,42.6,Low,5.5,Drip Irrigation,Tomato Septoria Leaf Spot,0.75,2.75,2.06,1.91,22.0,10.0,IRRIGATE_IMMEDIATELY,Immediate,3.5
Potato,Vegetative,Clay Loam,29.6,37.4,78.4,Low,2.6,Drip Irrigation,None / Healthy,0.8,3.57,2.86,0.0,34.0,18.0,MAINTENANCE_DRIP,Normal,3.06
Sugarcane,Maturity,Clay Loam,19.1,39.4,42.7,None,0.0,Drip Irrigation,Tomato Target Spot,0.7,5.74,4.02,0.0,34.0,18.0,IRRIGATE_IMMEDIATELY,Immediate,4.93
Rice,Seedling,Sandy,22.2,36.9,31.8,Moderate,17.7,Sprinkler (Overhead),Potato Late Blight,1.05,5.78,6.07,11.63,15.0,6.0,SUSPEND_OVERHEAD_BLIGHT,Immediate,0.0
Soybean,Fruiting,Sandy Loam,20.2,26.9,21.7,None,0.0,Drip Irrigation,None / Healthy,1.05,4.06,4.26,0.0,22.0,10.0,OPTIMAL_STANDBY,Low,0.0
Corn,Seedling,Loamy,29.9,19.6,75.0,None,0.0,Drip Irrigation,Tomato Septoria Leaf Spot,0.4,2.0,0.8,0.0,28.0,14.0,OPTIMAL_STANDBY,Low,0.0
Potato,Seedling,Black Soil,35.0,41.4,82.1,Moderate,8.4,Flood / Surface,None / Healthy,0.5,4.01,2.0,4.2,40.0,22.0,DELAY_RAIN_EXPECTED,Moderate,0.0
Sugarcane,Flowering,Sandy,10.1,38.8,89.9,None,0.0,Drip Irrigation,Tomato Septoria Leaf Spot,1.25,3.66,4.58,0.0,15.0,6.0,MAINTENANCE_DRIP,Normal,4.47
Sugarcane,Seedling,Clay Loam,20.0,20.5,35.9,Low,5.4,Flood / Surface,None / Healthy,0.45,2.44,1.1,1.8,34.0,18.0,IRRIGATE_IMMEDIATELY,Immediate,3.5
Cotton,Maturity,Loamy,17.8,29.8,89.5,Moderate,10.8,Sprinkler (Overhead),None / Healthy,0.55,2.55,1.4,6.17,28.0,14.0,IRRIGATE_IMMEDIATELY,Immediate,3.5
Sugarcane,Flowering,Clay Loam,18.5,41.0,45.1,None,0.0,Sprinkler (Overhead),Potato Late Blight,1.25,5.91,7.39,0.0,34.0,18.0,SUSPEND_OVERHEAD_BLIGHT,Immediate,0.0
Corn,Seedling,Sandy,14.2,31.9,44.8,Low,3.5,Drip Irrigation,Potato Late Blight,0.4,4.23,1.69,0.3,15.0,6.0,OPTIMAL_STANDBY,Low,0.0
Wheat,Flowering,Loamy,22.1,30.4,75.5,None,0.0,Flood / Surface,None / Healthy,1.15,2.79,3.21,0.0,28.0,14.0,MAINTENANCE_DRIP,Normal,3.36
Potato,Vegetative,Black Soil,35.1,17.2,90.0,None,0.0,Drip Irrigation,None / Healthy,0.8,2.0,1.6,0.0,40.0,22.0,MAINTENANCE_DRIP,Normal,1.5
Potato,Fruiting,Clay Loam,29.2,27.2,42.6,None,0.0,Sprinkler (Overhead),None / Healthy,1.15,3.47,3.99,0.0,34.0,18.0,MAINTENANCE_DRIP,Normal,3.95
Sugarcane,Fruiting,Sandy,26.0,30.0,94.3,Low,3.7,Drip Irrigation,Tomato Target Spot,1.25,2.58,3.23,0.44,15.0,6.0,OPTIMAL_STANDBY,Low,0.0
Cotton,Vegetative,Sandy,12.9,25.7,80.9,None,0.0,Drip Irrigation,Tomato Septoria Leaf Spot,0.75,2.08,1.56,0.0,15.0,6.0,MAINTENANCE_DRIP,Normal,1.5
Wheat,Seedling,Clay Loam,24.1,20.0,70.2,Low,1.2,Drip Irrigation,None / Healthy,0.4,2.0,0.8,0.0,34.0,18.0,IRRIGATE_IMMEDIATELY,Immediate,3.5
Cotton,Flowering,Loamy,18.6,25.6,26.3,None,0.0,Drip Irrigation,None / Healthy,1.2,3.67,4.4,0.0,28.0,14.0,IRRIGATE_IMMEDIATELY,Immediate,5.62
Sugarcane,Flowering,Sandy Loam,8.8,20.8,60.0,None,0.0,Sprinkler (Overhead),Tomato Yellow Leaf Curl Virus,1.25,2.0,2.5,0.0,22.0,10.0,IRRIGATE_IMMEDIATELY,Immediate,3.5
Sugarcane,Fruiting,Sandy Loam,8.0,16.3,71.6,None,0.0,Sub-surface Drip,None / Healthy,1.25,2.0,2.5,0.0,22.0,10.0,IRRIGATE_IMMEDIATELY,Immediate,3.59
Wheat,Maturity,Clay Loam,14.2,15.0,28.4,None,0.0,Sprinkler (Overhead),Potato Late Blight,0.35,2.0,0.7,0.0,34.0,18.0,SUSPEND_OVERHEAD_BLIGHT,Immediate,0.0
Rice,Flowering,Sandy,24.9,20.0,41.9,None,0.0,Drip Irrigation,Tomato Yellow Leaf Curl Virus,1.25,2.22,2.78,0.0,15.0,6.0,OPTIMAL_STANDBY,Low,0.0
Sugarcane,Vegetative,Sandy,7.0,16.5,46.5,Moderate,16.7,Drip Irrigation,None / Healthy,0.85,2.0,1.7,10.89,15.0,6.0,IRRIGATE_IMMEDIATELY,Immediate,3.5
Wheat,Maturity,Sandy Loam,33.9,27.2,65.4,Low,4.4,Drip Irrigation,Potato Late Blight,0.35,2.72,0.95,1.06,22.0,10.0,OPTIMAL_STANDBY,Low,0.0
Cotton,Maturity,Sandy,6.3,39.3,80.0,Moderate,8.3,Sprinkler (Overhead),Tomato Target Spot,0.55,3.73,2.05,4.11,15.0,6.0,SUSPEND_OVERHEAD_BLIGHT,Immediate,0.0
Tomato,Maturity,Sandy Loam,13.1,33.1,28.2,None,0.0,Sprinkler (Overhead),None / Healthy,0.8,5.15,4.12,0.0,22.0,10.0,IRRIGATE_IMMEDIATELY,Immediate,5.14
Soybean,Seedling,Sandy,27.1,18.5,33.7,None,0.0,Flood / Surface,None / Healthy,0.4,2.12,0.85,0.0,15.0,6.0,OPTIMAL_STANDBY,Low,0.0
Tomato,Flowering,Sandy,11.5,40.4,87.3,High,25.4,Sprinkler (Overhead),Tomato Yellow Leaf Curl Virus,1.15,3.88,4.46,17.8,15.0,6.0,DELAY_RAIN_EXPECTED,Low,0.0
Cotton,Seedling,Clay Loam,32.5,34.3,93.0,Low,3.7,Drip Irrigation,None / Healthy,0.45,3.1,1.4,0.43,34.0,18.0,OPTIMAL_STANDBY,Low,0.0
Tomato,Flowering,Sandy Loam,7.3,20.6,37.2,None,0.0,Flood / Surface,Pepper Bell Bacterial Spot,1.15,2.44,2.81,0.0,22.0,10.0,IRRIGATE_IMMEDIATELY,Immediate,3.6
Rice,Maturity,Black Soil,26.7,30.3,71.8,Low,2.5,Drip Irrigation,None / Healthy,0.95,2.92,2.77,0.0,40.0,22.0,IRRIGATE_IMMEDIATELY,Immediate,3.77
Rice,Flowering,Sandy Loam,9.0,21.1,92.0,Low,5.8,Sprinkler (Overhead),None / Healthy,1.25,2.0,2.5,2.1,22.0,10.0,IRRIGATE_IMMEDIATELY,Immediate,3.5
Wheat,Maturity,Loamy,22.6,32.0,72.6,None,0.0,Drip Irrigation,Tomato Target Spot,0.35,3.11,1.09,0.0,28.0,14.0,MAINTENANCE_DRIP,Normal,1.5
Wheat,Fruiting,Sandy,12.5,27.7,66.8,None,0.0,Drip Irrigation,None / Healthy,0.85,2.74,2.33,0.0,15.0,6.0,MAINTENANCE_DRIP,Normal,2.38
Soybean,Fruiting,Black Soil,20.7,20.9,65.0,High,34.3,Drip Irrigation,Tomato Early Blight,1.05,2.0,2.1,24.95,40.0,22.0,IRRIGATE_IMMEDIATELY,Immediate,3.5
Wheat,Fruiting,Black Soil,26.0,40.3,42.8,None,0.0,Flood / Surface,Pepper Bell Bacterial Spot,0.85,5.92,5.03,0.0,40.0,22.0,IRRIGATE_IMMEDIATELY,Immediate,6.45
Corn,Maturity,Sandy Loam,20.2,18.4,25.1,Moderate,9.9,Drip Irrigation,None / Healthy,0.6,2.26,1.36,5.43,22.0,10.0,OPTIMAL_STANDBY,Low,0.0
Sugarcane,Flowering,Sandy Loam,11.7,30.8,32.9,Moderate,10.1,Drip Irrigation,None / Healthy,1.25,4.47,5.59,5.55,22.0,10.0,IRRIGATE_IMMEDIATELY,Immediate,7.0
Potato,Fruiting,Loamy,29.3,27.8,72.4,High,27.9,Sprinkler (Overhead),None / Healthy,1.15,2.58,2.97,19.82,28.0,14.0,DELAY_RAIN_EXPECTED,Low,0.0
Wheat,Seedling,Black Soil,34.8,26.6,81.5,None,0.0,Sprinkler (Overhead),None / Healthy,0.4,2.19,0.88,0.0,40.0,22.0,MAINTENANCE_DRIP,Normal,1.5
Pepper Bell,Seedling,Black Soil,37.0,31.4,68.8,High,21.4,Drip Irrigation,None / Healthy,0.6,3.19,1.91,14.59,40.0,22.0,DELAY_RAIN_EXPECTED,Low,0.0
Rice,Vegetative,Loamy,15.4,28.0,42.8,None,0.0,Sprinkler (Overhead),Potato Late Blight,1.15,3.6,4.14,0.0,28.0,14.0,SUSPEND_OVERHEAD_BLIGHT,Immediate,0.0
Soybean,Maturity,Black Soil,53.6,29.1,74.5,None,0.0,Sprinkler (Overhead),None / Healthy,0.5,2.67,1.33,0.0,40.0,22.0,OPTIMAL_STANDBY,Low,0.0
Tomato,Seedling,Sandy Loam,33.1,17.6,39.2,None,0.0,Drip Irrigation,None / Healthy,0.6,2.0,1.2,0.0,22.0,10.0,OPTIMAL_STANDBY,Low,0.0
Cotton,Seedling,Loamy,24.2,36.6,62.0,Low,5.7,Drip Irrigation,None / Healthy,0.45,4.25,1.91,2.03,28.0,14.0,MAINTENANCE_DRIP,Normal,2.06
Soybean,Fruiting,Clay Loam,31.4,26.6,45.7,High,39.8,Drip Irrigation,Tomato Septoria Leaf Spot,1.05,3.26,3.42,29.35,34.0,18.0,DELAY_RAIN_EXPECTED,Low,0.0
Cotton,Vegetative,Loamy,18.6,19.8,78.1,Moderate,11.5,Drip Irrigation,None / Healthy,0.75,2.0,1.5,6.67,28.0,14.0,IRRIGATE_IMMEDIATELY,Immediate,3.5
Tomato,Vegetative,Sandy,14.0,31.9,32.2,Low,5.1,Flood / Surface,None / Healthy,0.85,4.73,4.02,1.56,15.0,6.0,OPTIMAL_STANDBY,Low,0.0
Corn,Flowering,Clay Loam,28.0,19.1,57.7,None,0.0,Sprinkler (Overhead),None / Healthy,1.2,2.0,2.4,0.0,34.0,18.0,MAINTENANCE_DRIP,Normal,2.57
Rice,Maturity,Black Soil,40.1,24.8,35.7,None,0.0,Drip Irrigation,Pepper Bell Bacterial Spot,0.95,3.23,3.07,0.0,40.0,22.0,OPTIMAL_STANDBY,Low,0.0
Pepper Bell,Maturity,Sandy Loam,23.8,22.3,90.1,None,0.0,Drip Irrigation,None / Healthy,0.85,2.0,1.7,0.0,22.0,10.0,OPTIMAL_STANDBY,Low,0.0
Potato,Maturity,Sandy Loam,35.5,28.3,22.9,Low,2.3,Sprinkler (Overhead),Tomato Early Blight,0.75,4.32,3.24,0.0,22.0,10.0,SUSPEND_OVERHEAD_BLIGHT,Immediate,0.0
Soybean,Fruiting,Sandy,4.0,34.5,24.9,Low,5.3,Drip Irrigation,None / Healthy,1.05,5.58,5.86,1.72,15.0,6.0,IRRIGATE_IMMEDIATELY,Immediate,6.89
Soybean,Vegetative,Sandy Loam,18.0,35.2,22.9,None,0.0,Flood / Surface,Potato Late Blight,0.7,5.83,4.08,0.0,22.0,10.0,MAINTENANCE_DRIP,Normal,3.97
Soybean,Fruiting,Clay Loam,33.7,26.1,69.8,None,0.0,Sub-surface Drip,None / Healthy,1.05,2.44,2.56,0.0,34.0,18.0,OPTIMAL_STANDBY,Low,0.0
Potato,Seedling,Black Soil,40.4,26.0,42.8,None,0.0,Flood / Surface,None / Healthy,0.5,3.24,1.62,0.0,40.0,22.0,OPTIMAL_STANDBY,Low,0.0
Sugarcane,Fruiting,Sandy Loam,18.3,35.1,63.0,Moderate,15.3,Drip Irrigation,None / Healthy,1.25,3.97,4.96,9.74,22.0,10.0,DELAY_RAIN_EXPECTED,Low,0.0
Pepper Bell,Maturity,Sandy Loam,16.5,34.9,24.8,High,38.4,Drip Irrigation,Tomato Yellow Leaf Curl Virus,0.85,5.69,4.84,28.23,22.0,10.0,DELAY_RAIN_EXPECTED,Low,0.0
Tomato,Flowering,Sandy,11.5,16.0,65.9,Moderate,10.6,Drip Irrigation,None / Healthy,1.15,2.0,2.3,5.94,15.0,6.0,DELAY_RAIN_EXPECTED,Moderate,0.0
Rice,Flowering,Clay Loam,15.9,33.5,91.9,High,36.1,Flood / Surface,Potato Late Blight,1.25,3.01,3.76,26.4,34.0,18.0,IRRIGATE_IMMEDIATELY,Immediate,4.55
Tomato,Vegetative,Black Soil,32.4,36.5,24.6,Moderate,8.2,Flood / Surface,Pepper Bell Bacterial Spot,0.85,6.05,5.14,4.04,40.0,22.0,DELAY_RAIN_EXPECTED,Moderate,0.0
Rice,Maturity,Clay Loam,26.4,20.1,56.5,Moderate,7.4,Drip Irrigation,None / Healthy,0.95,2.0,1.9,3.42,34.0,18.0,MAINTENANCE_DRIP,Normal,1.79
Soybean,Seedling,Black Soil,53.1,40.9,74.5,None,0.0,Flood / Surface,None / Healthy,0.4,4.25,1.7,0.0,40.0,22.0,OPTIMAL_STANDBY,Low,0.0
Cotton,Seedling,Sandy Loam,18.1,30.2,56.9,None,0.0,Sprinkler (Overhead),None / Healthy,0.45,3.47,1.56,0.0,22.0,10.0,MAINTENANCE_DRIP,Normal,1.87
Soybean,Maturity,Loamy,25.4,19.7,24.6,None,0.0,Drip Irrigation,Tomato Target Spot,0.5,2.52,1.26,0.0,28.0,14.0,OPTIMAL_STANDBY,Low,0.0
Sugarcane,Vegetative,Sandy,12.5,34.4,59.6,Low,1.7,Flood / Surface,None / Healthy,0.85,4.03,3.43,0.0,15.0,6.0,MAINTENANCE_DRIP,Normal,3.35
Sugarcane,Flowering,Clay Loam,17.0,31.9,70.4,None,0.0,Sub-surface Drip,Tomato Yellow Leaf Curl Virus,1.25,3.19,3.99,0.0,34.0,18.0,IRRIGATE_IMMEDIATELY,Immediate,5.08
Corn,Maturity,Black Soil,25.4,31.2,75.5,Low,2.3,Drip Irrigation,Tomato Yellow Leaf Curl Virus,0.6,2.9,1.74,0.0,40.0,22.0,IRRIGATE_IMMEDIATELY,Immediate,3.5
Soybean,Flowering,Sandy Loam,23.0,19.9,38.1,Low,4.3,Drip Irrigation,None / Healthy,1.15,2.29,2.63,0.91,22.0,10.0,OPTIMAL_STANDBY,Low,0.0
Rice,Maturity,Black Soil,52.6,21.4,92.9,None,0.0,Sub-surface Drip,Tomato Yellow Leaf Curl Virus,0.95,2.0,1.9,0.0,40.0,22.0,OPTIMAL_STANDBY,Low,0.0
Tomato,Fruiting,Clay Loam,27.8,20.7,91.6,None,0.0,Drip Irrigation,None / Healthy,1.2,2.0,2.4,0.0,34.0,18.0,MAINTENANCE_DRIP,Normal,2.54
Corn,Seedling,Sandy Loam,17.3,22.4,73.7,None,0.0,Sprinkler (Overhead),None / Healthy,0.4,2.0,0.8,0.0,22.0,10.0,MAINTENANCE_DRIP,Normal,1.5
Tomato,Vegetative,Black Soil,28.6,14.9,83.2,Moderate,15.0,Sprinkler (Overhead),Potato Late Blight,0.85,2.0,1.7,9.5,40.0,22.0,SUSPEND_OVERHEAD_BLIGHT,Immediate,0.0
Pepper Bell,Vegetative,Clay Loam,14.2,16.9,79.2,None,0.0,Sprinkler (Overhead),None / Healthy,0.8,2.0,1.6,0.0,34.0,18.0,IRRIGATE_IMMEDIATELY,Immediate,3.5
Potato,Seedling,Loamy,25.7,27.8,54.2,None,0.0,Drip Irrigation,None / Healthy,0.5,3.17,1.58,0.0,28.0,14.0,OPTIMAL_STANDBY,Low,0.0
Sugarcane,Fruiting,Sandy Loam,17.6,20.6,91.3,None,0.0,Drip Irrigation,None / Healthy,1.25,2.0,2.5,0.0,22.0,10.0,MAINTENANCE_DRIP,Normal,2.61
Pepper Bell,Maturity,Sandy Loam,19.0,36.4,36.6,None,0.0,Drip Irrigation,Tomato Target Spot,0.85,5.45,4.63,0.0,22.0,10.0,MAINTENANCE_DRIP,Normal,4.98
Sugarcane,Flowering,Loamy,17.8,15.3,28.8,Moderate,16.7,Flood / Surface,Tomato Target Spot,1.25,2.0,2.5,10.89,28.0,14.0,IRRIGATE_IMMEDIATELY,Immediate,3.5
Rice,Maturity,Black Soil,22.3,36.7,86.4,Low,4.8,Sprinkler (Overhead),None / Healthy,0.95,3.4,3.23,1.37,40.0,22.0,IRRIGATE_IMMEDIATELY,Immediate,4.15
Sugarcane,Seedling,Sandy Loam,20.6,14.3,40.3,Low,4.5,Drip Irrigation,None / Healthy,0.45,2.0,0.9,1.11,22.0,10.0,OPTIMAL_STANDBY,Low,0.0
Tomato,Seedling,Sandy Loam,10.1,26.3,56.0,None,0.0,Drip Irrigation,None / Healthy,0.6,2.89,1.73,0.0,22.0,10.0,IRRIGATE_IMMEDIATELY,Immediate,3.5
Corn,Vegetative,Loamy,19.7,31.7,30.6,High,44.7,Sprinkler (Overhead),None / Healthy,0.85,4.76,4.05,33.24,28.0,14.0,DELAY_RAIN_EXPECTED,Low,0.0
Soybean,Seedling,Black Soil,34.8,41.3,80.9,Low,1.4,Sprinkler (Overhead),None / Healthy,0.4,3.99,1.6,0.0,40.0,22.0,MAINTENANCE_DRIP,Normal,1.5
Cotton,Seedling,Loamy,14.7,40.1,41.0,None,0.0,Flood / Surface,None / Healthy,0.45,5.98,2.69,0.0,28.0,14.0,IRRIGATE_IMMEDIATELY,Immediate,3.5
Cotton,Seedling,Sandy,16.7,34.3,86.5,Moderate,9.0,Drip Irrigation,Tomato Target Spot,0.45,3.1,1.4,4.72,15.0,6.0,OPTIMAL_STANDBY,Low,0.0
Pepper Bell,Vegetative,Sandy,12.1,25.2,62.5,None,0.0,Drip Irrigation,Pepper Bell Bacterial Spot,0.8,2.53,2.02,0.0,15.0,6.0,MAINTENANCE_DRIP,Normal,1.97
Sugarcane,Maturity,Sandy,10.6,21.6,84.8,None,0.0,Sprinkler (Overhead),None / Healthy,0.7,2.0,1.4,0.0,15.0,6.0,MAINTENANCE_DRIP,Normal,1.5
Rice,Vegetative,Sandy Loam,21.3,17.2,24.7,None,0.0,Flood / Surface,None / Healthy,1.15,2.04,2.35,0.0,22.0,10.0,OPTIMAL_STANDBY,Low,0.0
Sugarcane,Vegetative,Loamy,21.7,21.5,42.1,None,0.0,Sub-surface Drip,Potato Late Blight,0.85,2.49,2.12,0.0,28.0,14.0,MAINTENANCE_DRIP,Normal,1.96
Pepper Bell,Seedling,Black Soil,20.1,30.8,39.0,Low,3.6,Sprinkler (Overhead),None / Healthy,0.6,4.24,2.54,0.36,40.0,22.0,IRRIGATE_IMMEDIATELY,Immediate,3.5
Pepper Bell,Flowering,Sandy,9.3,36.1,81.8,None,0.0,Flood / Surface,None / Healthy,1.05,3.32,3.49,0.0,15.0,6.0,IRRIGATE_IMMEDIATELY,Immediate,4.54
Corn,Flowering,Sandy,6.3,21.9,49.2,Low,2.6,Drip Irrigation,None / Healthy,1.2,2.38,2.86,0.0,15.0,6.0,IRRIGATE_IMMEDIATELY,Immediate,3.5
Wheat,Seedling,Black Soil,37.7,23.3,72.4,None,0.0,Flood / Surface,None / Healthy,0.4,2.01,0.8,0.0,40.0,22.0,OPTIMAL_STANDBY,Low,0.0
Soybean,Seedling,Sandy Loam,7.1,38.8,68.8,Low,3.3,Drip Irrigation,None / Healthy,0.4,4.25,1.7,0.12,22.0,10.0,IRRIGATE_IMMEDIATELY,Immediate,3.5
Soybean,Maturity,Loamy,22.6,16.1,58.2,None,0.0,Drip Irrigation,None / Healthy,0.5,2.0,1.0,0.0,28.0,14.0,MAINTENANCE_DRIP,Normal,1.5
Sugarcane,Vegetative,Sandy Loam,20.8,41.3,39.0,Low,1.1,Drip Irrigation,None / Healthy,0.85,6.32,5.37,0.0,22.0,10.0,OPTIMAL_STANDBY,Low,0.0
Wheat,Seedling,Clay Loam,30.8,18.8,43.7,None,0.0,Drip Irrigation,Potato Late Blight,0.4,2.0,0.8,0.0,34.0,18.0,OPTIMAL_STANDBY,Low,0.0
Pepper Bell,Seedling,Sandy,14.3,22.8,74.7,None,0.0,Drip Irrigation,None / Healthy,0.6,2.0,1.2,0.0,15.0,6.0,OPTIMAL_STANDBY,Low,0.0
Soybean,Seedling,Sandy,11.0,20.6,30.3,None,0.0,Drip Irrigation,None / Healthy,0.4,2.59,1.04,0.0,15.0,6.0,MAINTENANCE_DRIP,Normal,1.5
Soybean,Fruiting,Clay Loam,28.9,29.6,63.9,Low,2.5,Flood / Surface,None / Healthy,1.05,3.11,3.27,0.0,34.0,18.0,MAINTENANCE_DRIP,Normal,3.25
Soybean,Vegetative,Loamy,10.1,26.8,31.7,Moderate,9.0,Drip Irrigation,None / Healthy,0.7,3.74,2.62,4.66,28.0,14.0,IRRIGATE_IMMEDIATELY,Immediate,3.5
Tomato,Maturity,Black Soil,44.5,19.0,75.6,None,0.0,Drip Irrigation,None / Healthy,0.8,2.0,1.6,0.0,40.0,22.0,OPTIMAL_STANDBY,Low,0.0
Pepper Bell,Seedling,Sandy Loam,23.7,20.7,81.7,Moderate,8.8,Drip Irrigation,Tomato Early Blight,0.6,2.0,1.2,4.53,22.0,10.0,OPTIMAL_STANDBY,Low,0.0
Corn,Flowering,Sandy Loam,22.2,36.8,22.6,None,0.0,Sub-surface Drip,Tomato Target Spot,1.2,6.2,7.44,0.0,22.0,10.0,OPTIMAL_STANDBY,Low,0.0
Potato,Vegetative,Sandy Loam,18.6,21.5,83.8,Moderate,13.5,Drip Irrigation,None / Healthy,0.8,2.0,1.6,8.26,22.0,10.0,DELAY_RAIN_EXPECTED,Low,0.0
Cotton,Seedling,Sandy Loam,32.9,37.5,67.1,None,0.0,Drip Irrigation,Tomato Target Spot,0.45,4.15,1.87,0.0,22.0,10.0,OPTIMAL_STANDBY,Low,0.0
Tomato,Seedling,Sandy,10.3,39.2,32.7,Moderate,14.0,Drip Irrigation,Tomato Target Spot,0.6,6.22,3.73,8.67,15.0,6.0,DELAY_RAIN_EXPECTED,Low,0.0
Potato,Maturity,Clay Loam,28.2,21.3,27.8,Low,5.5,Sprinkler (Overhead),Tomato Target Spot,0.75,2.77,2.08,1.92,34.0,18.0,SUSPEND_OVERHEAD_BLIGHT,Immediate,0.0
Wheat,Maturity,Clay Loam,27.4,24.3,93.0,Moderate,14.8,Flood / Surface,None / Healthy,0.35,2.0,0.7,9.34,34.0,18.0,DELAY_RAIN_EXPECTED,Low,0.0
Soybean,Flowering,Sandy Loam,11.6,34.1,73.8,None,0.0,Drip Irrigation,None / Healthy,1.15,3.35,3.85,0.0,22.0,10.0,IRRIGATE_IMMEDIATELY,Immediate,4.74
Potato,Fruiting,Loamy,13.4,33.1,84.2,High,36.5,Drip Irrigation,Tomato Target Spot,1.15,2.95,3.39,26.7,28.0,14.0,IRRIGATE_IMMEDIATELY,Immediate,4.52
Tomato,Vegetative,Sandy,4.0,17.8,91.4,Low,1.5,Drip Irrigation,Potato Late Blight,0.85,2.0,1.7,0.0,15.0,6.0,IRRIGATE_IMMEDIATELY,Immediate,3.5
Tomato,Fruiting,Sandy Loam,18.3,26.7,49.1,None,0.0,Flood / Surface,None / Healthy,1.2,3.16,3.79,0.0,22.0,10.0,MAINTENANCE_DRIP,Normal,3.93
Tomato,Vegetative,Sandy,7.8,27.5,27.0,Moderate,7.2,Drip Irrigation,Pepper Bell Bacterial Spot,0.85,4.02,3.42,3.23,15.0,6.0,IRRIGATE_IMMEDIATELY,Immediate,4.12
Corn,Fruiting,Black Soil,32.4,19.9,45.3,Moderate,12.7,Drip Irrigation,Tomato Early Blight,1.1,2.14,2.35,7.63,40.0,22.0,DELAY_RAIN_EXPECTED,Moderate,0.0
Tomato,Vegetative,Clay Loam,31.6,31.5,73.7,Low,1.7,Sprinkler (Overhead),Tomato Early Blight,0.85,3.0,2.55,0.0,34.0,18.0,SUSPEND_OVERHEAD_BLIGHT,Immediate,0.0
Pepper Bell,Flowering,Loamy,36.2,18.6,64.9,None,0.0,Drip Irrigation,Potato Late Blight,1.05,2.0,2.1,0.0,28.0,14.0,OPTIMAL_STANDBY,Low,0.0
Corn,Vegetative,Loamy,24.5,37.1,93.7,None,0.0,Flood / Surface,Tomato Early Blight,0.85,3.45,2.93,0.0,28.0,14.0,MAINTENANCE_DRIP,Normal,2.83
Cotton,Seedling,Loamy,13.4,25.4,20.5,None,0.0,Drip Irrigation,Pepper Bell Bacterial Spot,0.45,3.79,1.71,0.0,28.0,14.0,IRRIGATE_IMMEDIATELY,Immediate,3.5
Tomato,Seedling,Loamy,15.8,15.0,77.1,None,0.0,Sprinkler (Overhead),Pepper Bell Bacterial Spot,0.6,2.0,1.2,0.0,28.0,14.0,SUSPEND_OVERHEAD_BLIGHT,Immediate,0.0
Soybean,Vegetative,Clay Loam,40.3,24.0,32.2,Low,2.4,Drip Irrigation,None / Healthy,0.7,3.18,2.23,0.0,34.0,18.0,OPTIMAL_STANDBY,Low,0.0
Cotton,Vegetative,Loamy,27.4,37.6,86.1,Low,3.4,Drip Irrigation,None / Healthy,0.75,3.51,2.63,0.19,28.0,14.0,OPTIMAL_STANDBY,Low,0.0
Soybean,Vegetative,Sandy,12.9,24.8,45.4,Low,1.8,Drip Irrigation,None / Healthy,0.7,2.97,2.08,0.0,15.0,6.0,MAINTENANCE_DRIP,Normal,2.12
Sugarcane,Seedling,Sandy,21.3,23.4,88.5,Low,2.2,Drip Irrigation,None / Healthy,0.45,2.0,0.9,0.0,15.0,6.0,OPTIMAL_STANDBY,Low,0.0
Soybean,Flowering,Black Soil,49.7,40.2,36.0,Moderate,12.1,Flood / Surface,None / Healthy,1.15,6.27,7.21,7.19,40.0,22.0,OPTIMAL_STANDBY,Low,0.0
Potato,Flowering,Sandy,12.8,15.6,67.5,Moderate,17.1,Sprinkler (Overhead),None / Healthy,1.15,2.0,2.3,11.21,15.0,6.0,DELAY_RAIN_EXPECTED,Low,0.0
Tomato,Maturity,Sandy,15.5,30.6,51.9,Moderate,12.0,Drip Irrigation,None / Healthy,0.8,3.72,2.98,7.09,15.0,6.0,OPTIMAL_STANDBY,Low,0.0
Potato,Flowering,Clay Loam,29.8,38.8,39.8,Low,2.6,Flood / Surface,None / Healthy,1.15,5.78,6.65,0.0,34.0,18.0,MAINTENANCE_DRIP,Normal,5.5
Rice,Flowering,Loamy,26.8,16.8,46.5,Moderate,7.5,Sprinkler (Overhead),None / Healthy,1.25,2.0,2.5,3.52,28.0,14.0,OPTIMAL_STANDBY,Low,0.0
Corn,Vegetative,Clay Loam,26.1,37.8,72.7,Moderate,9.7,Sub-surface Drip,None / Healthy,0.85,3.9,3.31,5.24,34.0,18.0,DELAY_RAIN_EXPECTED,Moderate,0.0
Corn,Maturity,Sandy,25.9,15.9,73.7,None,0.0,Sprinkler (Overhead),None / Healthy,0.6,2.0,1.2,0.0,15.0,6.0,OPTIMAL_STANDBY,Low,0.0
Soybean,Seedling,Black Soil,38.6,26.5,35.2,None,0.0,Flood / Surface,None / Healthy,0.4,3.57,1.43,0.0,40.0,22.0,OPTIMAL_STANDBY,Low,0.0
Cotton,Flowering,Sandy Loam,22.8,23.7,44.7,None,0.0,Drip Irrigation,None / Healthy,1.2,2.78,3.34,0.0,22.0,10.0,OPTIMAL_STANDBY,Low,0.0
Rice,Vegetative,Loamy,22.1,37.2,32.3,None,0.0,Drip Irrigation,None / Healthy,1.15,5.83,6.7,0.0,28.0,14.0,MAINTENANCE_DRIP,Normal,5.5
Soybean,Fruiting,Sandy Loam,11.4,18.5,46.0,Moderate,7.6,Drip Irrigation,Tomato Target Spot,1.05,2.0,2.1,3.59,22.0,10.0,IRRIGATE_IMMEDIATELY,Immediate,3.5
Cotton,Vegetative,Black Soil,32.1,29.1,55.8,High,23.1,Drip Irrigation,None / Healthy,0.75,3.33,2.5,15.98,40.0,22.0,DELAY_RAIN_EXPECTED,Low,0.0
Tomato,Vegetative,Loamy,10.8,20.2,46.1,Moderate,8.8,Flood / Surface,None / Healthy,0.85,2.17,1.84,4.54,28.0,14.0,IRRIGATE_IMMEDIATELY,Immediate,3.5
Potato,Fruiting,Clay Loam,40.0,31.5,52.7,Low,3.7,Drip Irrigation,None / Healthy,1.15,3.83,4.4,0.42,34.0,18.0,OPTIMAL_STANDBY,Low,0.0
Pepper Bell,Vegetative,Black Soil,44.1,32.4,78.0,None,0.0,Flood / Surface,None / Healthy,0.8,2.96,2.37,0.0,40.0,22.0,OPTIMAL_STANDBY,Low,0.0
Corn,Vegetative,Clay Loam,34.4,39.2,29.9,Low,4.2,Drip Irrigation,None / Healthy,0.85,6.39,5.43,0.83,34.0,18.0,OPTIMAL_STANDBY,Low,0.0
Corn,Maturity,Sandy Loam,31.5,22.4,49.0,High,33.1,Sprinkler (Overhead),None / Healthy,0.6,2.47,1.48,23.96,22.0,10.0,DELAY_RAIN_EXPECTED,Low,0.0
Pepper Bell,Vegetative,Black Soil,18.7,30.7,51.4,None,0.0,Sub-surface Drip,None / Healthy,0.8,3.76,3.01,0.0,40.0,22.0,IRRIGATE_IMMEDIATELY,Immediate,3.76
Wheat,Vegetative,Sandy,11.5,15.2,84.5,None,0.0,Drip Irrigation,None / Healthy,0.75,2.0,1.5,0.0,15.0,6.0,MAINTENANCE_DRIP,Normal,1.5
Soybean,Seedling,Black Soil,23.6,25.9,58.0,None,0.0,Flood / Surface,None / Healthy,0.4,2.76,1.1,0.0,40.0,22.0,IRRIGATE_IMMEDIATELY,Immediate,3.5
Soybean,Seedling,Loamy,22.4,41.9,69.0,Low,4.5,Sprinkler (Overhead),None / Healthy,0.4,4.71,1.88,1.11,28.0,14.0,MAINTENANCE_DRIP,Normal,1.96
Tomato,Vegetative,Loamy,22.7,18.7,25.2,None,0.0,Drip Irrigation,None / Healthy,0.85,2.31,1.96,0.0,28.0,14.0,MAINTENANCE_DRIP,Normal,1.82
Cotton,Vegetative,Clay Loam,31.9,27.9,53.6,Moderate,11.4,Sprinkler (Overhead),None / Healthy,0.75,3.21,2.41,6.6,34.0,18.0,OPTIMAL_STANDBY,Low,0.0
Rice,Maturity,Sandy Loam,18.0,20.6,77.3,None,0.0,Drip Irrigation,None / Healthy,0.95,2.0,1.9,0.0,22.0,10.0,MAINTENANCE_DRIP,Normal,2.08
Potato,Flowering,Clay Loam,29.4,28.6,89.6,None,0.0,Drip Irrigation,None / Healthy,1.15,2.42,2.78,0.0,34.0,18.0,MAINTENANCE_DRIP,Normal,3.03
Potato,Vegetative,Loamy,21.5,23.4,88.9,None,0.0,Drip Irrigation,None / Healthy,0.8,2.0,1.6,0.0,28.0,14.0,MAINTENANCE_DRIP,Normal,1.74
Cotton,Flowering,Sandy Loam,12.7,25.1,49.1,Low,2.9,Drip Irrigation,None / Healthy,1.2,2.89,3.47,0.0,22.0,10.0,IRRIGATE_IMMEDIATELY,Immediate,4.21
Rice,Maturity,Loamy,10.9,37.3,30.0,Low,5.5,Drip Irrigation,None / Healthy,0.95,5.96,5.66,1.94,28.0,14.0,IRRIGATE_IMMEDIATELY,Immediate,7.0
Corn,Flowering,Loamy,22.4,31.2,36.2,Low,5.2,Drip Irrigation,None / Healthy,1.2,4.42,5.3,1.62,28.0,14.0,MAINTENANCE_DRIP,Normal,5.31
Tomato,Flowering,Loamy,22.5,16.7,56.7,Low,4.7,Drip Irrigation,Potato Late Blight,1.15,2.0,2.3,1.3,28.0,14.0,MAINTENANCE_DRIP,Normal,2.55
Tomato,Vegetative,Sandy Loam,16.8,33.3,58.4,High,27.3,Sprinkler (Overhead),None / Healthy,0.85,3.9,3.31,19.34,22.0,10.0,DELAY_RAIN_EXPECTED,Low,0.0
Corn,Flowering,Black Soil,39.4,14.1,40.3,Low,3.5,Drip Irrigation,Tomato Target Spot,1.2,2.0,2.4,0.29,40.0,22.0,OPTIMAL_STANDBY,Low,0.0
Pepper Bell,Flowering,Loamy,28.3,28.8,33.2,Low,2.3,Sprinkler (Overhead),Tomato Target Spot,1.05,4.08,4.28,0.0,28.0,14.0,SUSPEND_OVERHEAD_BLIGHT,Immediate,0.0
Corn,Seedling,Black Soil,34.7,24.5,47.6,Moderate,16.2,Sprinkler (Overhead),None / Healthy,0.4,2.84,1.14,10.45,40.0,22.0,DELAY_RAIN_EXPECTED,Low,0.0
Tomato,Maturity,Loamy,13.8,23.1,38.7,None,0.0,Drip Irrigation,None / Healthy,0.8,2.84,2.27,0.0,28.0,14.0,IRRIGATE_IMMEDIATELY,Immediate,3.5
Pepper Bell,Flowering,Loamy,24.1,39.8,49.4,Low,1.0,Flood / Surface,None / Healthy,1.05,5.46,5.73,0.0,28.0,14.0,MAINTENANCE_DRIP,Normal,5.5
Sugarcane,Vegetative,Sandy Loam,7.0,34.5,70.1,Moderate,9.2,Drip Irrigation,None / Healthy,0.85,3.57,3.03,4.87,22.0,10.0,IRRIGATE_IMMEDIATELY,Immediate,3.82
Corn,Maturity,Loamy,38.7,38.9,62.2,None,0.0,Drip Irrigation,None / Healthy,0.6,4.62,2.77,0.0,28.0,14.0,OPTIMAL_STANDBY,Low,0.0
Potato,Maturity,Sandy,16.6,26.9,28.2,None,0.0,Sprinkler (Overhead),None / Healthy,0.75,3.86,2.9,0.0,15.0,6.0,OPTIMAL_STANDBY,Low,0.0
Sugarcane,Flowering,Black Soil,39.9,21.7,90.8,None,0.0,Drip Irrigation,None / Healthy,1.25,2.0,2.5,0.0,40.0,22.0,OPTIMAL_STANDBY,Low,0.0
Cotton,Maturity,Sandy,4.3,20.9,61.8,Moderate,16.3,Sprinkler (Overhead),None / Healthy,0.55,2.0,1.1,10.52,15.0,6.0,IRRIGATE_IMMEDIATELY,Immediate,3.5
Potato,Flowering,Loamy,23.4,35.6,54.5,None,0.0,Drip Irrigation,Tomato Yellow Leaf Curl Virus,1.15,4.45,5.12,0.0,28.0,14.0,MAINTENANCE_DRIP,Normal,5.29
Rice,Fruiting,Loamy,26.0,25.6,55.0,Low,3.2,Sprinkler (Overhead),Pepper Bell Bacterial Spot,1.2,2.81,3.37,0.09,28.0,14.0,SUSPEND_OVERHEAD_BLIGHT,Immediate,0.0
Corn,Seedling,Sandy,8.8,40.9,74.9,None,0.0,Drip Irrigation,Pepper Bell Bacterial Spot,0.4,4.22,1.69,0.0,15.0,6.0,IRRIGATE_IMMEDIATELY,Immediate,3.5
Tomato,Seedling,Sandy,15.3,16.4,81.7,Moderate,9.4,Drip Irrigation,None / Healthy,0.6,2.0,1.2,5.03,15.0,6.0,OPTIMAL_STANDBY,Low,0.0
Pepper Bell,Fruiting,Clay Loam,16.9,32.1,58.9,None,0.0,Drip Irrigation,None / Healthy,1.1,3.69,4.06,0.0,34.0,18.0,IRRIGATE_IMMEDIATELY,Immediate,5.01
Cotton,Fruiting,Sandy Loam,14.4,28.1,52.1,Moderate,14.5,Drip Irrigation,None / Healthy,0.85,3.3,2.8,9.09,22.0,10.0,DELAY_RAIN_EXPECTED,Low,0.0
Wheat,Vegetative,Black Soil,19.7,31.6,21.2,High,34.6,Drip Irrigation,Tomato Early Blight,0.75,5.1,3.82,25.16,40.0,22.0,IRRIGATE_IMMEDIATELY,Immediate,4.76
Pepper Bell,Maturity,Black Soil,33.0,26.3,85.6,Moderate,12.2,Drip Irrigation,None / Healthy,0.85,2.14,1.82,7.29,40.0,22.0,DELAY_RAIN_EXPECTED,Moderate,0.0
Cotton,Seedling,Sandy Loam,33.4,36.0,85.7,None,0.0,Drip Irrigation,None / Healthy,0.45,3.32,1.49,0.0,22.0,10.0,OPTIMAL_STANDBY,Low,0.0
Rice,Fruiting,Clay Loam,46.4,30.7,87.4,Low,4.3,Drip Irrigation,None / Healthy,1.2,2.66,3.19,0.91,34.0,18.0,OPTIMAL_STANDBY,Low,0.0
Cotton,Fruiting,Sandy,13.6,32.4,94.7,Moderate,17.1,Drip Irrigation,Tomato Target Spot,0.85,2.87,2.44,11.16,15.0,6.0,DELAY_RAIN_EXPECTED,Low,0.0
Wheat,Seedling,Sandy Loam,18.8,18.4,54.2,None,0.0,Sprinkler (Overhead),None / Healthy,0.4,2.0,0.8,0.0,22.0,10.0,MAINTENANCE_DRIP,Normal,1.5
Wheat,Seedling,Sandy,4.4,22.2,52.5,None,0.0,Sprinkler (Overhead),Potato Late Blight,0.4,2.36,0.94,0.0,15.0,6.0,SUSPEND_OVERHEAD_BLIGHT,Immediate,0.0
Sugarcane,Flowering,Sandy Loam,10.0,40.5,70.1,Low,5.3,Drip Irrigation,None / Healthy,1.25,4.44,5.55,1.76,22.0,10.0,IRRIGATE_IMMEDIATELY,Immediate,7.0
Wheat,Maturity,Sandy Loam,10.0,32.1,20.1,Low,4.9,Drip Irrigation,None / Healthy,0.35,5.25,1.84,1.44,22.0,10.0,IRRIGATE_IMMEDIATELY,Immediate,3.5
Rice,Seedling,Black Soil,27.5,38.3,25.4,Low,4.3,Sub-surface Drip,None / Healthy,1.05,6.42,6.74,0.92,40.0,22.0,IRRIGATE_IMMEDIATELY,Immediate,7.0
Soybean,Maturity,Black Soil,21.4,30.3,52.0,None,0.0,Sub-surface Drip,None / Healthy,0.5,3.67,1.83,0.0,40.0,22.0,IRRIGATE_IMMEDIATELY,Immediate,3.5
Tomato,Maturity,Sandy,15.4,35.1,33.6,Low,4.5,Drip Irrigation,Potato Late Blight,0.8,5.33,4.26,1.09,15.0,6.0,OPTIMAL_STANDBY,Low,0.0
Rice,Flowering,Loamy,13.8,28.0,83.0,None,0.0,Drip Irrigation,None / Healthy,1.25,2.35,2.94,0.0,28.0,14.0,IRRIGATE_IMMEDIATELY,Immediate,3.6
Wheat,Seedling,Black Soil,35.4,34.8,61.6,Moderate,16.4,Sub-surface Drip,None / Healthy,0.4,3.99,1.6,10.61,40.0,22.0,DELAY_RAIN_EXPECTED,Low,0.0
Potato,Fruiting,Black Soil,35.2,40.7,55.0,None,0.0,Drip Irrigation,None / Healthy,1.15,5.3,6.09,0.0,40.0,22.0,MAINTENANCE_DRIP,Normal,5.5
Sugarcane,Flowering,Sandy Loam,9.0,41.3,35.5,None,0.0,Drip Irrigation,None / Healthy,1.25,6.54,8.18,0.0,22.0,10.0,IRRIGATE_IMMEDIATELY,Immediate,7.0
Sugarcane,Seedling,Black Soil,37.3,19.8,48.1,None,0.0,Drip Irrigation,None / Healthy,0.45,2.08,0.94,0.0,40.0,22.0,OPTIMAL_STANDBY,Low,0.0
Rice,Fruiting,Clay Loam,26.9,30.1,77.6,None,0.0,Drip Irrigation,None / Healthy,1.2,2.68,3.22,0.0,34.0,18.0,MAINTENANCE_DRIP,Normal,3.17
Wheat,Fruiting,Black Soil,43.6,32.0,49.9,None,0.0,Flood / Surface,Tomato Early Blight,0.85,4.04,3.43,0.0,40.0,22.0,OPTIMAL_STANDBY,Low,0.0
Sugarcane,Maturity,Sandy Loam,11.8,18.7,82.6,Low,1.2,Sprinkler (Overhead),None / Healthy,0.7,2.0,1.4,0.0,22.0,10.0,IRRIGATE_IMMEDIATELY,Immediate,3.5
Rice,Maturity,Black Soil,29.2,22.5,58.3,High,26.2,Drip Irrigation,None / Healthy,0.95,2.25,2.14,18.47,40.0,22.0,DELAY_RAIN_EXPECTED,Low,0.0
Wheat,Vegetative,Black Soil,39.8,27.8,44.8,None,0.0,Drip Irrigation,Tomato Yellow Leaf Curl Virus,0.75,3.48,2.61,0.0,40.0,22.0,OPTIMAL_STANDBY,Low,0.0
Wheat,Fruiting,Sandy,7.1,29.2,40.0,Low,1.9,Drip Irrigation,Tomato Early Blight,0.85,3.91,3.32,0.0,15.0,6.0,IRRIGATE_IMMEDIATELY,Immediate,4.05
Wheat,Fruiting,Black Soil,50.6,40.8,76.4,Moderate,12.0,Sprinkler (Overhead),None / Healthy,0.85,4.13,3.51,7.1,40.0,22.0,OPTIMAL_STANDBY,Low,0.0
Corn,Flowering,Clay Loam,35.8,28.9,43.2,Low,1.2,Drip Irrigation,None / Healthy,1.2,3.74,4.49,0.0,34.0,18.0,OPTIMAL_STANDBY,Low,0.0
Potato,Maturity,Loamy,21.0,28.8,70.8,High,37.2,Drip Irrigation,None / Healthy,0.75,2.76,2.07,27.27,28.0,14.0,DELAY_RAIN_EXPECTED,Low,0.0
Cotton,Vegetative,Loamy,18.6,33.2,34.9,Low,2.9,Sub-surface Drip,None / Healthy,0.75,4.87,3.65,0.0,28.0,14.0,IRRIGATE_IMMEDIATELY,Immediate,4.86
Tomato,Fruiting,Sandy,7.0,30.0,54.7,Low,5.3,Drip Irrigation,None / Healthy,1.2,3.51,4.21,1.78,15.0,6.0,IRRIGATE_IMMEDIATELY,Immediate,5.18
Pepper Bell,Vegetative,Loamy,12.9,41.2,89.5,Moderate,16.9,Flood / Surface,None / Healthy,0.8,3.98,3.18,10.99,28.0,14.0,IRRIGATE_IMMEDIATELY,Immediate,4.21
Wheat,Seedling,Loamy,23.9,41.8,45.9,None,0.0,Drip Irrigation,None / Healthy,0.4,6.04,2.42,0.0,28.0,14.0,MAINTENANCE_DRIP,Normal,2.37
Rice,Fruiting,Loamy,16.1,20.7,66.1,Low,2.2,Sprinkler (Overhead),None / Healthy,1.2,2.0,2.4,0.0,28.0,14.0,IRRIGATE_IMMEDIATELY,Immediate,3.5
Tomato,Maturity,Loamy,19.3,33.2,43.8,None,0.0,Flood / Surface,Tomato Septoria Leaf Spot,0.8,4.49,3.59,0.0,28.0,14.0,IRRIGATE_IMMEDIATELY,Immediate,4.29
Sugarcane,Flowering,Sandy Loam,15.5,36.1,92.8,None,0.0,Drip Irrigation,Tomato Target Spot,1.25,3.33,4.16,0.0,22.0,10.0,MAINTENANCE_DRIP,Normal,4.38
Sugarcane,Flowering,Sandy Loam,8.9,34.8,36.4,Moderate,16.3,Drip Irrigation,Tomato Target Spot,1.25,5.14,6.42,10.51,22.0,10.0,IRRIGATE_IMMEDIATELY,Immediate,7.0
Wheat,Maturity,Sandy,16.7,20.1,74.4,High,37.1,Drip Irrigation,None / Healthy,0.35,2.0,0.7,27.18,15.0,6.0,DELAY_RAIN_EXPECTED,Low,0.0
Cotton,Flowering,Sandy,11.3,23.9,89.1,Low,3.6,Flood / Surface,None / Healthy,1.2,2.0,2.4,0.35,15.0,6.0,MAINTENANCE_DRIP,Normal,2.3
Corn,Flowering,Loamy,22.1,18.5,28.7,Low,3.8,Sprinkler (Overhead),None / Healthy,1.2,2.21,2.65,0.56,28.0,14.0,MAINTENANCE_DRIP,Normal,2.82
Tomato,Flowering,Sandy Loam,23.7,19.4,54.4,None,0.0,Drip Irrigation,None / Healthy,1.15,2.0,2.3,0.0,22.0,10.0,OPTIMAL_STANDBY,Low,0.0
Cotton,Seedling,Clay Loam,31.4,31.6,20.5,None,0.0,Drip Irrigation,Tomato Early Blight,0.45,5.12,2.3,0.0,34.0,18.0,OPTIMAL_STANDBY,Low,0.0
Tomato,Fruiting,Clay Loam,26.6,32.8,57.6,Moderate,7.7,Drip Irrigation,None / Healthy,1.2,3.86,4.63,3.69,34.0,18.0,MAINTENANCE_DRIP,Normal,4.76
Cotton,Flowering,Clay Loam,14.2,28.6,53.1,Low,3.5,Drip Irrigation,None / Healthy,1.2,3.35,4.02,0.29,34.0,18.0,IRRIGATE_IMMEDIATELY,Immediate,5.23
Potato,Vegetative,Clay Loam,29.9,31.1,80.5,Moderate,13.0,Sub-surface Drip,Tomato Yellow Leaf Curl Virus,0.8,2.71,2.17,7.87,34.0,18.0,DELAY_RAIN_EXPECTED,Moderate,0.0
Soybean,Vegetative,Black Soil,33.3,23.2,30.5,Moderate,16.5,Flood / Surface,None / Healthy,0.7,3.06,2.14,10.71,40.0,22.0,DELAY_RAIN_EXPECTED,Low,0.0
Sugarcane,Maturity,Sandy,7.6,18.9,82.7,Moderate,16.0,Drip Irrigation,None / Healthy,0.7,2.0,1.4,10.32,15.0,6.0,IRRIGATE_IMMEDIATELY,Immediate,3.5
Soybean,Maturity,Clay Loam,32.2,23.9,27.6,None,0.0,Drip Irrigation,None / Healthy,0.5,3.28,1.64,0.0,34.0,18.0,OPTIMAL_STANDBY,Low,0.0
Pepper Bell,Seedling,Sandy Loam,11.4,31.8,59.7,Moderate,9.4,Drip Irrigation,None / Healthy,0.6,3.6,2.16,5.01,22.0,10.0,IRRIGATE_IMMEDIATELY,Immediate,3.5
Pepper Bell,Vegetative,Sandy Loam,8.2,16.0,66.1,Low,4.7,Drip Irrigation,None / Healthy,0.8,2.0,1.6,1.25,22.0,10.0,IRRIGATE_IMMEDIATELY,Immediate,3.5
Pepper Bell,Vegetative,Sandy Loam,21.4,20.7,71.0,Low,3.3,Sprinkler (Overhead),Pepper Bell Bacterial Spot,0.8,2.0,1.6,0.17,22.0,10.0,SUSPEND_OVERHEAD_BLIGHT,Immediate,0.0
Tomato,Seedling,Sandy Loam,13.2,38.3,81.1,None,0.0,Sprinkler (Overhead),None / Healthy,0.6,3.6,2.16,0.0,22.0,10.0,IRRIGATE_IMMEDIATELY,Immediate,3.5
Rice,Fruiting,Sandy,5.2,25.7,64.3,None,0.0,Sprinkler (Overhead),Tomato Early Blight,1.2,2.55,3.06,0.0,15.0,6.0,SUSPEND_OVERHEAD_BLIGHT,Immediate,0.0
Soybean,Fruiting,Sandy,11.2,31.6,28.2,Low,2.4,Flood / Surface,None / Healthy,1.05,4.83,5.07,0.0,15.0,6.0,MAINTENANCE_DRIP,Normal,4.93
Wheat,Flowering,Sandy Loam,15.5,22.6,82.4,None,0.0,Sub-surface Drip,None / Healthy,1.15,2.0,2.3,0.0,22.0,10.0,MAINTENANCE_DRIP,Normal,2.17
Soybean,Seedling,Loamy,16.7,35.0,63.0,Low,4.5,Drip Irrigation,None / Healthy,0.4,3.96,1.58,1.1,28.0,14.0,IRRIGATE_IMMEDIATELY,Immediate,3.5
Cotton,Seedling,Loamy,20.6,20.1,41.5,None,0.0,Drip Irrigation,Potato Late Blight,0.45,2.25,1.01,0.0,28.0,14.0,MAINTENANCE_DRIP,Normal,1.5
Sugarcane,Flowering,Sandy,15.9,32.5,27.8,None,0.0,Drip Irrigation,None / Healthy,1.25,5.03,6.29,0.0,15.0,6.0,OPTIMAL_STANDBY,Low,0.0
Cotton,Seedling,Loamy,25.2,24.5,90.3,Low,2.1,Drip Irrigation,Tomato Yellow Leaf Curl Virus,0.45,2.0,0.9,0.0,28.0,14.0,OPTIMAL_STANDBY,Low,0.0
Rice,Fruiting,Sandy Loam,22.6,19.7,88.3,None,0.0,Drip Irrigation,None / Healthy,1.2,2.0,2.4,0.0,22.0,10.0,OPTIMAL_STANDBY,Low,0.0
Corn,Seedling,Loamy,22.6,36.9,29.5,Low,3.1,Flood / Surface,None / Healthy,0.4,5.9,2.36,0.0,28.0,14.0,MAINTENANCE_DRIP,Normal,2.45
Rice,Fruiting,Sandy,15.3,29.2,70.1,High,28.7,Sub-surface Drip,None / Healthy,1.2,2.84,3.41,20.48,15.0,6.0,DELAY_RAIN_EXPECTED,Low,0.0
Soybean,Maturity,Sandy Loam,21.5,29.4,57.1,Low,5.3,Drip Irrigation,None / Healthy,0.5,3.34,1.67,1.71,22.0,10.0,OPTIMAL_STANDBY,Low,0.0
Potato,Fruiting,Loamy,25.4,37.5,48.7,None,0.0,Sprinkler (Overhead),None / Healthy,1.15,5.07,5.83,0.0,28.0,14.0,OPTIMAL_STANDBY,Low,0.0
Pepper Bell,Flowering,Sandy Loam,17.4,31.6,45.6,None,0.0,Drip Irrigation,None / Healthy,1.05,4.13,4.34,0.0,22.0,10.0,MAINTENANCE_DRIP,Normal,4.0
Potato,Maturity,Sandy Loam,31.2,38.3,29.4,Moderate,17.6,Flood / Surface,None / Healthy,0.75,6.21,4.66,11.58,22.0,10.0,DELAY_RAIN_EXPECTED,Low,0.0
Corn,Seedling,Sandy,4.0,19.8,33.6,None,0.0,Sprinkler (Overhead),None / Healthy,0.4,2.35,0.94,0.0,15.0,6.0,IRRIGATE_IMMEDIATELY,Immediate,3.5
Tomato,Vegetative,Loamy,23.6,39.7,50.1,None,0.0,Drip Irrigation,None / Healthy,0.85,5.4,4.59,0.0,28.0,14.0,MAINTENANCE_DRIP,Normal,4.76
Tomato,Seedling,Black Soil,34.2,33.8,70.0,Low,2.3,Sprinkler (Overhead),None / Healthy,0.6,3.48,2.09,0.0,40.0,22.0,MAINTENANCE_DRIP,Normal,2.09
Corn,Seedling,Sandy,10.4,25.9,52.3,Low,3.4,Drip Irrigation,None / Healthy,0.4,2.93,1.17,0.25,15.0,6.0,MAINTENANCE_DRIP,Normal,1.5
Pepper Bell,Seedling,Clay Loam,43.7,40.2,93.0,None,0.0,Flood / Surface,None / Healthy,0.6,3.85,2.31,0.0,34.0,18.0,OPTIMAL_STANDBY,Low,0.0
Rice,Flowering,Sandy Loam,17.1,21.7,61.5,Moderate,9.7,Sprinkler (Overhead),None / Healthy,1.25,2.06,2.58,5.25,22.0,10.0,DELAY_RAIN_EXPECTED,Moderate,0.0
Cotton,Vegetative,Sandy,11.4,29.4,39.3,Low,5.6,Drip Irrigation,None / Healthy,0.75,3.97,2.98,1.97,15.0,6.0,MAINTENANCE_DRIP,Normal,2.9
Soybean,Maturity,Clay Loam,37.5,14.0,52.8,High,19.8,Drip Irrigation,Tomato Early Blight,0.5,2.0,1.0,13.32,34.0,18.0,DELAY_RAIN_EXPECTED,Low,0.0
Soybean,Flowering,Sandy,13.5,14.5,72.7,Moderate,8.9,Sprinkler (Overhead),None / Healthy,1.15,2.0,2.3,4.66,15.0,6.0,OPTIMAL_STANDBY,Low,0.0
Rice,Maturity,Black Soil,31.0,28.2,60.0,None,0.0,Drip Irrigation,None / Healthy,0.95,3.05,2.9,0.0,40.0,22.0,MAINTENANCE_DRIP,Normal,2.97
Potato,Seedling,Clay Loam,22.5,21.6,25.3,Moderate,12.6,Drip Irrigation,Tomato Target Spot,0.5,2.89,1.45,7.59,34.0,18.0,IRRIGATE_IMMEDIATELY,Immediate,3.5
Pepper Bell,Fruiting,Sandy Loam,29.6,32.3,74.4,None,0.0,Sub-surface Drip,None / Healthy,1.1,3.09,3.4,0.0,22.0,10.0,OPTIMAL_STANDBY,Low,0.0
Tomato,Flowering,Clay Loam,29.5,18.0,53.8,Low,4.4,Flood / Surface,Pepper Bell Bacterial Spot,1.15,2.0,2.3,1.02,34.0,18.0,MAINTENANCE_DRIP,Normal,2.21
Pepper Bell,Fruiting,Clay Loam,27.4,23.6,79.0,Moderate,14.2,Drip Irrigation,None / Healthy,1.1,2.0,2.2,8.84,34.0,18.0,DELAY_RAIN_EXPECTED,Low,0.0
Sugarcane,Maturity,Sandy,22.4,29.8,41.9,None,0.0,Flood / Surface,None / Healthy,0.7,3.96,2.77,0.0,15.0,6.0,OPTIMAL_STANDBY,Low,0.0
Corn,Flowering,Loamy,23.0,29.6,47.1,None,0.0,Drip Irrigation,None / Healthy,1.2,3.73,4.48,0.0,28.0,14.0,MAINTENANCE_DRIP,Normal,4.09
Potato,Vegetative,Sandy,8.0,30.4,37.8,Low,1.8,Sprinkler (Overhead),Tomato Septoria Leaf Spot,0.8,4.22,3.38,0.0,15.0,6.0,SUSPEND_OVERHEAD_BLIGHT,Immediate,0.0
Sugarcane,Fruiting,Sandy Loam,12.6,38.1,83.5,Moderate,12.4,Drip Irrigation,None / Healthy,1.25,3.58,4.47,7.45,22.0,10.0,IRRIGATE_IMMEDIATELY,Immediate,5.88
Tomato,Fruiting,Black Soil,39.8,23.4,93.5,Low,3.2,Flood / Surface,Potato Late Blight,1.2,2.0,2.4,0.03,40.0,22.0,OPTIMAL_STANDBY,Low,0.0
Cotton,Maturity,Clay Loam,28.5,24.0,74.9,None,0.0,Drip Irrigation,Pepper Bell Bacterial Spot,0.55,2.02,1.11,0.0,34.0,18.0,MAINTENANCE_DRIP,Normal,1.5
Sugarcane,Fruiting,Sandy,12.0,37.8,26.0,Low,5.9,Sub-surface Drip,None / Healthy,1.25,6.27,7.84,2.21,15.0,6.0,MAINTENANCE_DRIP,Normal,5.5
Pepper Bell,Flowering,Sandy Loam,18.9,26.0,72.8,None,0.0,Flood / Surface,None / Healthy,1.05,2.34,2.46,0.0,22.0,10.0,MAINTENANCE_DRIP,Normal,2.93
Soybean,Fruiting,Sandy,12.3,33.4,39.4,Moderate,16.2,Flood / Surface,None / Healthy,1.05,4.72,4.96,10.42,15.0,6.0,DELAY_RAIN_EXPECTED,Low,0.0
Corn,Fruiting,Loamy,26.5,36.2,55.3,None,0.0,Drip Irrigation,Tomato Septoria Leaf Spot,1.1,4.51,4.96,0.0,28.0,14.0,OPTIMAL_STANDBY,Low,0.0
Potato,Maturity,Black Soil,30.6,21.9,34.7,Low,2.5,Flood / Surface,None / Healthy,0.75,2.73,2.05,0.0,40.0,22.0,MAINTENANCE_DRIP,Normal,1.93
Pepper Bell,Flowering,Black Soil,22.0,26.3,34.6,High,39.5,Sprinkler (Overhead),Tomato Yellow Leaf Curl Virus,1.05,3.55,3.73,29.08,40.0,22.0,IRRIGATE_IMMEDIATELY,Immediate,4.39
Soybean,Flowering,Black Soil,29.4,18.1,85.2,None,0.0,Flood / Surface,None / Healthy,1.15,2.0,2.3,0.0,40.0,22.0,IRRIGATE_IMMEDIATELY,Immediate,3.5
Pepper Bell,Seedling,Black Soil,40.3,19.1,31.5,Low,1.8,Drip Irrigation,None / Healthy,0.6,2.28,1.37,0.0,40.0,22.0,OPTIMAL_STANDBY,Low,0.0
Corn,Maturity,Sandy Loam,15.5,20.4,78.5,Low,4.2,Drip Irrigation,None / Healthy,0.6,2.0,1.2,0.9,22.0,10.0,MAINTENANCE_DRIP,Normal,1.5
Pepper Bell,Flowering,Clay Loam,25.5,40.5,61.1,None,0.0,Drip Irrigation,None / Healthy,1.05,4.94,5.19,0.0,34.0,18.0,MAINTENANCE_DRIP,Normal,5.43
Cotton,Fruiting,Black Soil,32.3,40.0,77.2,None,0.0,Drip Irrigation,None / Healthy,0.85,3.97,3.37,0.0,40.0,22.0,MAINTENANCE_DRIP,Normal,3.59
Pepper Bell,Seedling,Black Soil,41.4,29.5,28.3,High,29.3,Drip Irrigation,None / Healthy,0.6,4.39,2.63,20.91,40.0,22.0,DELAY_RAIN_EXPECTED,Low,0.0
Soybean,Vegetative,Sandy,12.2,26.7,59.4,None,0.0,Sub-surface Drip,Tomato Septoria Leaf Spot,0.7,2.84,1.99,0.0,15.0,6.0,MAINTENANCE_DRIP,Normal,1.75
Pepper Bell,Vegetative,Sandy,10.8,20.7,28.7,High,24.4,Drip Irrigation,None / Healthy,0.8,2.64,2.11,17.03,15.0,6.0,DELAY_RAIN_EXPECTED,Low,0.0
Pepper Bell,Vegetative,Sandy Loam,12.2,29.6,86.4,Low,1.3,Flood / Surface,None / Healthy,0.8,2.53,2.02,0.0,22.0,10.0,IRRIGATE_IMMEDIATELY,Immediate,3.5
Tomato,Flowering,Black Soil,21.9,36.0,21.6,None,0.0,Sub-surface Drip,None / Healthy,1.15,6.08,6.99,0.0,40.0,22.0,IRRIGATE_IMMEDIATELY,Immediate,7.0
Soybean,Seedling,Sandy,8.6,26.1,49.7,Moderate,16.7,Drip Irrigation,None / Healthy,0.4,3.05,1.22,10.9,15.0,6.0,IRRIGATE_IMMEDIATELY,Immediate,3.5
Potato,Maturity,Loamy,15.8,34.9,20.1,None,0.0,Drip Irrigation,None / Healthy,0.75,5.9,4.43,0.0,28.0,14.0,IRRIGATE_IMMEDIATELY,Immediate,5.54
Potato,Fruiting,Sandy Loam,29.0,16.0,73.5,High,22.9,Drip Irrigation,Tomato Target Spot,1.15,2.0,2.3,15.83,22.0,10.0,DELAY_RAIN_EXPECTED,Low,0.0
Pepper Bell,Flowering,Black Soil,33.4,30.6,76.6,None,0.0,Sub-surface Drip,None / Healthy,1.05,2.78,2.92,0.0,40.0,22.0,MAINTENANCE_DRIP,Normal,2.89
Cotton,Seedling,Black Soil,32.4,36.7,80.9,Low,1.3,Sprinkler (Overhead),Tomato Septoria Leaf Spot,0.45,3.39,1.53,0.0,40.0,22.0,SUSPEND_OVERHEAD_BLIGHT,Immediate,0.0
Potato,Maturity,Black Soil,43.0,29.4,76.6,Low,4.2,Sprinkler (Overhead),Pepper Bell Bacterial Spot,0.75,2.64,1.98,0.84,40.0,22.0,SUSPEND_OVERHEAD_BLIGHT,Immediate,0.0
Cotton,Flowering,Sandy Loam,19.2,22.4,74.3,High,43.2,Flood / Surface,Tomato Early Blight,1.2,2.0,2.4,32.06,22.0,10.0,DELAY_RAIN_EXPECTED,Low,0.0
Wheat,Flowering,Black Soil,18.5,16.0,58.0,Low,3.6,Sprinkler (Overhead),Pepper Bell Bacterial Spot,1.15,2.0,2.3,0.37,40.0,22.0,SUSPEND_OVERHEAD_BLIGHT,Immediate,0.0
Rice,Maturity,Sandy Loam,21.9,38.4,65.7,High,42.0,Drip Irrigation,None / Healthy,0.95,4.36,4.14,31.08,22.0,10.0,DELAY_RAIN_EXPECTED,Low,0.0
Wheat,Fruiting,Sandy Loam,16.3,34.4,84.9,None,0.0,Flood / Surface,Tomato Yellow Leaf Curl Virus,0.85,3.11,2.64,0.0,22.0,10.0,MAINTENANCE_DRIP,Normal,2.61
Pepper Bell,Fruiting,Loamy,13.5,17.1,92.1,Moderate,9.0,Drip Irrigation,None / Healthy,1.1,2.0,2.2,4.66,28.0,14.0,IRRIGATE_IMMEDIATELY,Immediate,3.5
Wheat,Maturity,Sandy Loam,18.4,30.5,91.8,None,0.0,Sprinkler (Overhead),None / Healthy,0.35,2.64,0.92,0.0,22.0,10.0,MAINTENANCE_DRIP,Normal,1.5
Rice,Fruiting,Loamy,15.5,41.4,88.8,Low,3.9,Drip Irrigation,None / Healthy,1.2,4.01,4.81,0.63,28.0,14.0,IRRIGATE_IMMEDIATELY,Immediate,5.9
Potato,Fruiting,Clay Loam,25.2,35.2,44.5,None,0.0,Drip Irrigation,Tomato Yellow Leaf Curl Virus,1.15,4.84,5.57,0.0,34.0,18.0,MAINTENANCE_DRIP,Normal,5.5
Rice,Vegetative,Loamy,28.1,14.7,51.3,None,0.0,Drip Irrigation,None / Healthy,1.15,2.0,2.3,0.0,28.0,14.0,OPTIMAL_STANDBY,Low,0.0
Wheat,Vegetative,Sandy Loam,22.8,35.1,65.1,High,44.9,Flood / Surface,Tomato Septoria Leaf Spot,0.75,3.88,2.91,33.39,22.0,10.0,DELAY_RAIN_EXPECTED,Low,0.0
Soybean,Fruiting,Clay Loam,29.3,37.9,43.0,None,0.0,Drip Irrigation,Tomato Early Blight,1.05,5.43,5.7,0.0,34.0,18.0,MAINTENANCE_DRIP,Normal,5.5
Wheat,Maturity,Loamy,22.1,20.7,74.3,None,0.0,Drip Irrigation,Tomato Early Blight,0.35,2.0,0.7,0.0,28.0,14.0,MAINTENANCE_DRIP,Normal,1.5
Sugarcane,Seedling,Black Soil,30.1,27.8,56.4,None,0.0,Sprinkler (Overhead),None / Healthy,0.45,3.11,1.4,0.0,40.0,22.0,MAINTENANCE_DRIP,Normal,1.5
Soybean,Seedling,Clay Loam,25.3,24.4,74.4,Low,3.3,Drip Irrigation,None / Healthy,0.4,2.09,0.84,0.12,34.0,18.0,MAINTENANCE_DRIP,Normal,1.5
Rice,Fruiting,Black Soil,43.8,26.8,74.0,None,0.0,Drip Irrigation,None / Healthy,1.2,2.4,2.88,0.0,40.0,22.0,OPTIMAL_STANDBY,Low,0.0
Potato,Flowering,Loamy,21.0,35.1,30.5,None,0.0,Flood / Surface,Potato Late Blight,1.15,5.46,6.28,0.0,28.0,14.0,MAINTENANCE_DRIP,Normal,5.5
Sugarcane,Vegetative,Sandy,5.3,39.3,26.1,None,0.0,Sub-surface Drip,None / Healthy,0.85,6.61,5.62,0.0,15.0,6.0,IRRIGATE_IMMEDIATELY,Immediate,6.79
Tomato,Maturity,Black Soil,40.7,14.6,80.8,Moderate,11.9,Sprinkler (Overhead),None / Healthy,0.8,2.0,1.6,7.01,40.0,22.0,OPTIMAL_STANDBY,Low,0.0
Tomato,Maturity,Loamy,17.8,26.4,85.6,Low,3.8,Drip Irrigation,None / Healthy,0.8,2.17,1.74,0.57,28.0,14.0,IRRIGATE_IMMEDIATELY,Immediate,3.5
Cotton,Flowering,Sandy Loam,7.5,26.2,32.4,None,0.0,Sprinkler (Overhead),None / Healthy,1.2,3.59,4.31,0.0,22.0,10.0,IRRIGATE_IMMEDIATELY,Immediate,5.39
Cotton,Seedling,Sandy Loam,7.0,31.5,39.9,None,0.0,Flood / Surface,Tomato Early Blight,0.45,4.34,1.95,0.0,22.0,10.0,IRRIGATE_IMMEDIATELY,Immediate,3.5
Pepper Bell,Fruiting,Sandy Loam,22.3,16.4,41.4,None,0.0,Sprinkler (Overhead),Tomato Yellow Leaf Curl Virus,1.1,2.0,2.2,0.0,22.0,10.0,OPTIMAL_STANDBY,Low,0.0
Pepper Bell,Flowering,Clay Loam,47.1,38.4,74.6,Moderate,12.1,Flood / Surface,Tomato Septoria Leaf Spot,1.05,3.89,4.08,7.15,34.0,18.0,OPTIMAL_STANDBY,Low,0.0
Sugarcane,Seedling,Sandy,5.7,21.7,24.5,Low,5.0,Flood / Surface,None / Healthy,0.45,2.92,1.31,1.5,15.0,6.0,IRRIGATE_IMMEDIATELY,Immediate,3.5
Corn,Flowering,Black Soil,31.7,15.9,79.3,None,0.0,Sub-surface Drip,None / Healthy,1.2,2.0,2.4,0.0,40.0,22.0,MAINTENANCE_DRIP,Normal,2.51
Corn,Seedling,Black Soil,40.4,15.5,77.4,Low,5.3,Sub-surface Drip,None / Healthy,0.4,2.0,0.8,1.73,40.0,22.0,OPTIMAL_STANDBY,Low,0.0
Corn,Maturity,Clay Loam,14.7,22.1,70.2,None,0.0,Sub-surface Drip,Potato Late Blight,0.6,2.0,1.2,0.0,34.0,18.0,IRRIGATE_IMMEDIATELY,Immediate,3.5
Tomato,Fruiting,Black Soil,30.7,39.4,71.7,None,0.0,Sprinkler (Overhead),None / Healthy,1.2,4.19,5.03,0.0,40.0,22.0,MAINTENANCE_DRIP,Normal,5.08
Tomato,Flowering,Clay Loam,45.3,23.2,82.1,None,0.0,Drip Irrigation,None / Healthy,1.15,2.0,2.3,0.0,34.0,18.0,OPTIMAL_STANDBY,Low,0.0
Wheat,Seedling,Loamy,23.2,20.1,70.2,Moderate,9.3,Drip Irrigation,None / Healthy,0.4,2.0,0.8,4.96,28.0,14.0,DELAY_RAIN_EXPECTED,Moderate,0.0
Sugarcane,Flowering,Loamy,27.7,15.1,36.9,Moderate,11.2,Flood / Surface,Tomato Early Blight,1.25,2.0,2.5,6.46,28.0,14.0,OPTIMAL_STANDBY,Low,0.0
Rice,Flowering,Loamy,28.6,38.3,88.5,None,0.0,Flood / Surface,None / Healthy,1.25,3.61,4.51,0.0,28.0,14.0,OPTIMAL_STANDBY,Low,0.0
Corn,Maturity,Sandy Loam,14.2,22.1,24.0,Low,2.3,Sprinkler (Overhead),None / Healthy,0.6,3.02,1.81,0.0,22.0,10.0,IRRIGATE_IMMEDIATELY,Immediate,3.5
Potato,Fruiting,Clay Loam,31.1,41.6,52.6,Moderate,7.4,Sprinkler (Overhead),None / Healthy,1.15,5.61,6.45,3.39,34.0,18.0,OPTIMAL_STANDBY,Low,0.0
Rice,Seedling,Sandy Loam,17.2,38.8,88.2,High,41.4,Sub-surface Drip,Tomato Septoria Leaf Spot,1.05,3.67,3.85,30.61,22.0,10.0,DELAY_RAIN_EXPECTED,Low,0.0
Tomato,Flowering,Black Soil,34.2,23.1,80.4,None,0.0,Sprinkler (Overhead),None / Healthy,1.15,2.0,2.3,0.0,40.0,22.0,MAINTENANCE_DRIP,Normal,2.41
Rice,Flowering,Sandy,12.7,24.2,93.4,None,0.0,Sprinkler (Overhead),None / Healthy,1.25,2.0,2.5,0.0,15.0,6.0,MAINTENANCE_DRIP,Normal,2.39
Potato,Vegetative,Black Soil,30.3,33.4,44.7,Moderate,10.6,Sprinkler (Overhead),None / Healthy,0.8,4.5,3.6,6.01,40.0,22.0,DELAY_RAIN_EXPECTED,Moderate,0.0
Corn,Maturity,Clay Loam,31.8,41.0,52.4,Moderate,13.9,Drip Irrigation,None / Healthy,0.6,5.51,3.31,8.58,34.0,18.0,DELAY_RAIN_EXPECTED,Low,0.0
Sugarcane,Flowering,Loamy,28.7,23.0,48.8,None,0.0,Drip Irrigation,None / Healthy,1.25,2.57,3.21,0.0,28.0,14.0,OPTIMAL_STANDBY,Low,0.0
Wheat,Maturity,Sandy,15.8,27.0,58.9,Low,4.9,Flood / Surface,None / Healthy,0.35,2.9,1.01,1.42,15.0,6.0,OPTIMAL_STANDBY,Low,0.0
Soybean,Vegetative,Sandy,12.1,30.4,23.0,Low,2.3,Drip Irrigation,None / Healthy,0.7,4.77,3.34,0.0,15.0,6.0,MAINTENANCE_DRIP,Normal,3.33
Corn,Maturity,Clay Loam,47.2,27.7,80.8,Moderate,17.3,Sub-surface Drip,Tomato Yellow Leaf Curl Virus,0.6,2.31,1.39,11.37,34.0,18.0,DELAY_RAIN_EXPECTED,Low,0.0
Sugarcane,Flowering,Black Soil,34.2,26.1,77.0,Low,6.0,Sprinkler (Overhead),None / Healthy,1.25,2.22,2.78,2.27,40.0,22.0,MAINTENANCE_DRIP,Normal,2.93
Pepper Bell,Maturity,Loamy,23.5,22.1,79.7,Moderate,8.2,Sub-surface Drip,None / Healthy,0.85,2.0,1.7,4.03,28.0,14.0,DELAY_RAIN_EXPECTED,Moderate,0.0
Sugarcane,Seedling,Sandy,9.0,40.9,60.3,None,0.0,Flood / Surface,None / Healthy,0.45,5.04,2.27,0.0,15.0,6.0,IRRIGATE_IMMEDIATELY,Immediate,3.5
Wheat,Vegetative,Clay Loam,30.0,22.8,39.5,None,0.0,Flood / Surface,None / Healthy,0.75,2.77,2.08,0.0,34.0,18.0,MAINTENANCE_DRIP,Normal,1.95
Corn,Vegetative,Black Soil,33.2,26.0,72.1,None,0.0,Sprinkler (Overhead),None / Healthy,0.85,2.35,2.0,0.0,40.0,22.0,MAINTENANCE_DRIP,Normal,1.89
Pepper Bell,Vegetative,Black Soil,30.9,31.7,53.0,None,0.0,Sub-surface Drip,None / Healthy,0.8,3.86,3.09,0.0,40.0,22.0,MAINTENANCE_DRIP,Normal,2.99
Wheat,Maturity,Clay Loam,23.0,40.0,33.9,Low,2.4,Flood / Surface,None / Healthy,0.35,6.34,2.22,0.0,34.0,18.0,IRRIGATE_IMMEDIATELY,Immediate,3.5
Rice,Vegetative,Clay Loam,27.9,23.8,67.3,Low,2.0,Drip Irrigation,None / Healthy,1.15,2.21,2.54,0.0,34.0,18.0,MAINTENANCE_DRIP,Normal,2.52
Pepper Bell,Maturity,Black Soil,35.1,14.6,46.4,Moderate,14.0,Drip Irrigation,Tomato Target Spot,0.85,2.0,1.7,8.7,40.0,22.0,DELAY_RAIN_EXPECTED,Low,0.0
Pepper Bell,Fruiting,Clay Loam,29.0,33.1,55.1,None,0.0,Drip Irrigation,None / Healthy,1.1,4.0,4.4,0.0,34.0,18.0,MAINTENANCE_DRIP,Normal,4.43
Potato,Vegetative,Loamy,20.5,41.7,72.4,Low,4.5,Drip Irrigation,None / Healthy,0.8,4.49,3.59,1.06,28.0,14.0,MAINTENANCE_DRIP,Normal,3.5
Corn,Seedling,Loamy,14.9,18.8,41.0,None,0.0,Drip Irrigation,Tomato Target Spot,0.4,2.04,0.82,0.0,28.0,14.0,IRRIGATE_IMMEDIATELY,Immediate,3.5
Pepper Bell,Maturity,Black Soil,40.5,37.4,51.1,Low,4.2,Flood / Surface,None / Healthy,0.85,4.92,4.18,0.83,40.0,22.0,OPTIMAL_STANDBY,Low,0.0
Tomato,Maturity,Sandy,11.6,37.1,71.5,None,0.0,Flood / Surface,None / Healthy,0.8,3.87,3.1,0.0,15.0,6.0,MAINTENANCE_DRIP,Normal,3.28
Tomato,Maturity,Sandy Loam,6.5,32.0,90.5,None,0.0,Drip Irrigation,None / Healthy,0.8,2.82,2.26,0.0,22.0,10.0,IRRIGATE_IMMEDIATELY,Immediate,3.5
Wheat,Fruiting,Sandy,7.1,25.5,73.7,Moderate,10.3,Sub-surface Drip,None / Healthy,0.85,2.25,1.91,5.78,15.0,6.0,IRRIGATE_IMMEDIATELY,Immediate,3.5
Potato,Seedling,Sandy,22.9,38.7,51.8,None,0.0,Flood / Surface,None / Healthy,0.5,5.13,2.56,0.0,15.0,6.0,OPTIMAL_STANDBY,Low,0.0
Wheat,Vegetative,Clay Loam,28.6,30.1,28.1,None,0.0,Sprinkler (Overhead),None / Healthy,0.75,4.51,3.38,0.0,34.0,18.0,MAINTENANCE_DRIP,Normal,3.54
Potato,Fruiting,Sandy,4.0,24.4,41.1,None,0.0,Drip Irrigation,Tomato Early Blight,1.15,3.01,3.46,0.0,15.0,6.0,IRRIGATE_IMMEDIATELY,Immediate,4.3
Corn,Fruiting,Loamy,22.1,21.5,58.4,None,0.0,Sub-surface Drip,None / Healthy,1.1,2.1,2.31,0.0,28.0,14.0,MAINTENANCE_DRIP,Normal,2.55
Soybean,Vegetative,Black Soil,29.2,41.2,72.1,Low,1.4,Drip Irrigation,Pepper Bell Bacterial Spot,0.7,4.43,3.1,0.0,40.0,22.0,IRRIGATE_IMMEDIATELY,Immediate,3.71
Sugarcane,Flowering,Sandy Loam,21.9,36.2,57.0,None,0.0,Flood / Surface,None / Healthy,1.25,4.43,5.54,0.0,22.0,10.0,OPTIMAL_STANDBY,Low,0.0
Cotton,Fruiting,Sandy,7.9,36.8,43.4,None,0.0,Sprinkler (Overhead),None / Healthy,0.85,5.2,4.42,0.0,15.0,6.0,IRRIGATE_IMMEDIATELY,Immediate,5.68
Rice,Vegetative,Loamy,21.6,26.2,94.3,Low,4.1,Drip Irrigation,None / Healthy,1.15,2.13,2.45,0.77,28.0,14.0,MAINTENANCE_DRIP,Normal,2.44
Soybean,Maturity,Clay Loam,23.9,22.9,61.3,Low,4.4,Drip Irrigation,Potato Late Blight,0.5,2.23,1.11,1.02,34.0,18.0,IRRIGATE_IMMEDIATELY,Immediate,3.5
Cotton,Flowering,Sandy Loam,21.3,40.0,79.6,None,0.0,Sprinkler (Overhead),None / Healthy,1.2,3.84,4.61,0.0,22.0,10.0,OPTIMAL_STANDBY,Low,0.0
Sugarcane,Vegetative,Black Soil,49.0,18.3,90.1,Low,4.2,Drip Irrigation,None / Healthy,0.85,2.0,1.7,0.85,40.0,22.0,OPTIMAL_STANDBY,Low,0.0
Wheat,Fruiting,Loamy,10.4,22.3,71.6,None,0.0,Sub-surface Drip,None / Healthy,0.85,2.0,1.7,0.0,28.0,14.0,IRRIGATE_IMMEDIATELY,Immediate,3.5
Tomato,Maturity,Black Soil,33.9,23.8,76.1,Low,5.6,Sprinkler (Overhead),Pepper Bell Bacterial Spot,0.8,2.0,1.6,2.0,40.0,22.0,SUSPEND_OVERHEAD_BLIGHT,Immediate,0.0
Pepper Bell,Maturity,Sandy Loam,22.3,27.5,45.3,High,25.2,Drip Irrigation,Tomato Target Spot,0.85,3.43,2.92,17.67,22.0,10.0,DELAY_RAIN_EXPECTED,Low,0.0
Sugarcane,Vegetative,Sandy,4.0,35.2,87.3,None,0.0,Flood / Surface,None / Healthy,0.85,3.21,2.73,0.0,15.0,6.0,IRRIGATE_IMMEDIATELY,Immediate,3.5
Tomato,Fruiting,Loamy,28.3,27.8,94.4,Moderate,14.0,Sprinkler (Overhead),None / Healthy,1.2,2.33,2.8,8.7,28.0,14.0,DELAY_RAIN_EXPECTED,Low,0.0
Cotton,Seedling,Loamy,23.4,14.6,86.3,Low,5.4,Sprinkler (Overhead),None / Healthy,0.45,2.0,0.9,1.84,28.0,14.0,MAINTENANCE_DRIP,Normal,1.5
Rice,Flowering,Black Soil,42.1,28.0,42.2,Low,1.2,Drip Irrigation,None / Healthy,1.25,3.61,4.51,0.0,40.0,22.0,OPTIMAL_STANDBY,Low,0.0
Cotton,Seedling,Loamy,24.0,21.2,26.6,Low,1.7,Drip Irrigation,None / Healthy,0.45,2.77,1.25,0.0,28.0,14.0,MAINTENANCE_DRIP,Normal,1.5
Corn,Fruiting,Sandy,5.2,25.2,38.3,Moderate,13.0,Sprinkler (Overhead),None / Healthy,1.1,3.22,3.54,7.89,15.0,6.0,IRRIGATE_IMMEDIATELY,Immediate,4.29
Pepper Bell,Vegetative,Sandy,21.7,29.3,89.3,None,0.0,Sub-surface Drip,None / Healthy,0.8,2.5,2.0,0.0,15.0,6.0,OPTIMAL_STANDBY,Low,0.0
Rice,Fruiting,Sandy,14.0,39.0,61.1,Moderate,13.4,Drip Irrigation,None / Healthy,1.2,4.69,5.63,8.26,15.0,6.0,DELAY_RAIN_EXPECTED,Low,0.0
Cotton,Seedling,Clay Loam,19.3,38.7,46.7,None,0.0,Sprinkler (Overhead),None / Healthy,0.45,5.4,2.43,0.0,34.0,18.0,IRRIGATE_IMMEDIATELY,Immediate,3.5
Tomato,Fruiting,Black Soil,28.6,19.3,60.3,Moderate,17.6,Sprinkler (Overhead),Potato Late Blight,1.2,2.0,2.4,11.58,40.0,22.0,SUSPEND_OVERHEAD_BLIGHT,Immediate,0.0
Pepper Bell,Vegetative,Clay Loam,18.9,28.6,26.0,None,0.0,Sprinkler (Overhead),None / Healthy,0.8,4.28,3.42,0.0,34.0,18.0,IRRIGATE_IMMEDIATELY,Immediate,4.47
Corn,Fruiting,Clay Loam,28.5,29.1,89.1,None,0.0,Sprinkler (Overhead),None / Healthy,1.1,2.47,2.72,0.0,34.0,18.0,MAINTENANCE_DRIP,Normal,2.55
Potato,Maturity,Clay Loam,19.7,26.9,60.0,None,0.0,Sprinkler (Overhead),None / Healthy,0.75,2.85,2.14,0.0,34.0,18.0,IRRIGATE_IMMEDIATELY,Immediate,3.5
Wheat,Vegetative,Clay Loam,33.8,30.1,69.4,None,0.0,Sprinkler (Overhead),None / Healthy,0.75,2.98,2.23,0.0,34.0,18.0,OPTIMAL_STANDBY,Low,0.0
Potato,Flowering,Black Soil,40.3,24.2,25.5,None,0.0,Sprinkler (Overhead),None / Healthy,1.15,3.4,3.91,0.0,40.0,22.0,OPTIMAL_STANDBY,Low,0.0
Potato,Seedling,Sandy Loam,20.6,39.5,72.5,Low,1.8,Drip Irrigation,None / Healthy,0.5,4.17,2.08,0.0,22.0,10.0,OPTIMAL_STANDBY,Low,0.0
Corn,Maturity,Clay Loam,46.4,16.6,92.1,Low,2.0,Drip Irrigation,None / Healthy,0.6,2.0,1.2,0.0,34.0,18.0,OPTIMAL_STANDBY,Low,0.0
Soybean,Maturity,Black Soil,38.8,19.3,63.6,None,0.0,Drip Irrigation,None / Healthy,0.5,2.0,1.0,0.0,40.0,22.0,OPTIMAL_STANDBY,Low,0.0
Sugarcane,Vegetative,Sandy Loam,15.8,21.5,68.9,None,0.0,Flood / Surface,None / Healthy,0.85,2.0,1.7,0.0,22.0,10.0,MAINTENANCE_DRIP,Normal,1.58
Potato,Maturity,Sandy Loam,23.8,29.1,37.9,Moderate,17.2,Sprinkler (Overhead),None / Healthy,0.75,3.97,2.98,11.26,22.0,10.0,DELAY_RAIN_EXPECTED,Low,0.0
Sugarcane,Fruiting,Sandy Loam,15.5,35.6,47.5,Low,3.5,Sprinkler (Overhead),None / Healthy,1.25,4.78,5.98,0.29,22.0,10.0,MAINTENANCE_DRIP,Normal,5.5
Pepper Bell,Flowering,Loamy,19.3,37.3,39.5,None,0.0,Flood / Surface,None / Healthy,1.05,5.49,5.76,0.0,28.0,14.0,IRRIGATE_IMMEDIATELY,Immediate,7.0
Rice,Flowering,Sandy,9.4,30.5,79.2,None,0.0,Sprinkler (Overhead),None / Healthy,1.25,2.67,3.34,0.0,15.0,6.0,IRRIGATE_IMMEDIATELY,Immediate,4.29
Pepper Bell,Flowering,Sandy Loam,12.0,31.0,65.7,None,0.0,Drip Irrigation,None / Healthy,1.05,3.25,3.41,0.0,22.0,10.0,IRRIGATE_IMMEDIATELY,Immediate,4.34
Cotton,Fruiting,Sandy Loam,13.8,18.8,43.4,None,0.0,Sub-surface Drip,None / Healthy,0.85,2.0,1.7,0.0,22.0,10.0,IRRIGATE_IMMEDIATELY,Immediate,3.5
Soybean,Vegetative,Loamy,23.6,18.2,20.5,Low,1.5,Flood / Surface,None / Healthy,0.7,2.3,1.61,0.0,28.0,14.0,MAINTENANCE_DRIP,Normal,1.81
Pepper Bell,Flowering,Sandy,5.0,16.2,88.3,Low,3.3,Drip Irrigation,None / Healthy,1.05,2.0,2.1,0.14,15.0,6.0,IRRIGATE_IMMEDIATELY,Immediate,3.5
Cotton,Seedling,Sandy Loam,25.6,21.0,70.1,Low,3.0,Sub-surface Drip,None / Healthy,0.45,2.0,0.9,0.0,22.0,10.0,OPTIMAL_STANDBY,Low,0.0
Soybean,Flowering,Sandy,5.2,39.9,70.2,None,0.0,Flood / Surface,Tomato Yellow Leaf Curl Virus,1.15,4.34,4.99,0.0,15.0,6.0,IRRIGATE_IMMEDIATELY,Immediate,5.84
Cotton,Maturity,Sandy,11.6,16.9,59.2,None,0.0,Flood / Surface,None / Healthy,0.55,2.0,1.1,0.0,15.0,6.0,MAINTENANCE_DRIP,Normal,1.5
Rice,Flowering,Clay Loam,21.6,16.7,70.0,Moderate,8.6,Flood / Surface,None / Healthy,1.25,2.0,2.5,4.4,34.0,18.0,IRRIGATE_IMMEDIATELY,Immediate,3.5
Pepper Bell,Vegetative,Loamy,19.5,38.0,50.2,Low,1.2,Sprinkler (Overhead),Tomato Septoria Leaf Spot,0.8,5.09,4.07,0.0,28.0,14.0,SUSPEND_OVERHEAD_BLIGHT,Immediate,0.0
Corn,Fruiting,Sandy Loam,28.4,41.5,67.2,Moderate,12.2,Flood / Surface,Tomato Septoria Leaf Spot,1.1,4.75,5.23,7.3,22.0,10.0,OPTIMAL_STANDBY,Low,0.0
Sugarcane,Maturity,Sandy Loam,18.5,39.8,53.7,Low,3.8,Sprinkler (Overhead),Tomato Target Spot,0.7,5.23,3.66,0.54,22.0,10.0,SUSPEND_OVERHEAD_BLIGHT,Immediate,0.0
Pepper Bell,Maturity,Clay Loam,23.2,14.3,93.5,Low,1.1,Drip Irrigation,None / Healthy,0.85,2.0,1.7,0.0,34.0,18.0,IRRIGATE_IMMEDIATELY,Immediate,3.5
Tomato,Seedling,Sandy Loam,8.4,27.1,69.1,Low,5.8,Sub-surface Drip,Tomato Early Blight,0.6,2.59,1.55,2.14,22.0,10.0,IRRIGATE_IMMEDIATELY,Immediate,3.5
Sugarcane,Fruiting,Black Soil,34.5,38.1,90.7,None,0.0,Drip Irrigation,None / Healthy,1.25,3.58,4.47,0.0,40.0,22.0,MAINTENANCE_DRIP,Normal,4.5
Corn,Fruiting,Black Soil,30.2,20.2,86.3,None,0.0,Flood / Surface,Tomato Septoria Leaf Spot,1.1,2.0,2.2,0.0,40.0,22.0,MAINTENANCE_DRIP,Normal,2.16
Cotton,Fruiting,Loamy,19.3,34.2,91.6,Low,5.4,Sprinkler (Overhead),None / Healthy,0.85,3.08,2.62,1.8,28.0,14.0,IRRIGATE_IMMEDIATELY,Immediate,3.5
Rice,Vegetative,Clay Loam,27.9,17.7,29.5,Moderate,16.5,Drip Irrigation,Tomato Target Spot,1.15,2.05,2.36,10.73,34.0,18.0,DELAY_RAIN_EXPECTED,Low,0.0
Soybean,Vegetative,Black Soil,34.7,33.0,27.1,None,0.0,Sprinkler (Overhead),None / Healthy,0.7,5.17,3.62,0.0,40.0,22.0,MAINTENANCE_DRIP,Normal,3.6
Soybean,Seedling,Black Soil,39.1,37.6,59.1,Low,5.7,Drip Irrigation,None / Healthy,0.4,4.57,1.83,2.1,40.0,22.0,OPTIMAL_STANDBY,Low,0.0
Rice,Seedling,Black Soil,51.6,21.1,21.0,Moderate,14.6,Sprinkler (Overhead),None / Healthy,1.05,2.88,3.02,9.21,40.0,22.0,DELAY_RAIN_EXPECTED,Low,0.0
Soybean,Flowering,Black Soil,46.8,34.1,69.6,Low,5.7,Sub-surface Drip,None / Healthy,1.15,3.53,4.06,2.07,40.0,22.0,OPTIMAL_STANDBY,Low,0.0
Tomato,Maturity,Sandy Loam,16.2,19.2,78.8,None,0.0,Sub-surface Drip,None / Healthy,0.8,2.0,1.6,0.0,22.0,10.0,MAINTENANCE_DRIP,Normal,1.5
Cotton,Seedling,Clay Loam,43.1,19.5,90.2,None,0.0,Sprinkler (Overhead),None / Healthy,0.45,2.0,0.9,0.0,34.0,18.0,OPTIMAL_STANDBY,Low,0.0
Pepper Bell,Flowering,Sandy Loam,17.1,40.0,56.3,None,0.0,Sprinkler (Overhead),None / Healthy,1.05,5.12,5.38,0.0,22.0,10.0,MAINTENANCE_DRIP,Normal,5.33
Sugarcane,Seedling,Clay Loam,20.2,32.4,85.7,Moderate,16.3,Sprinkler (Overhead),None / Healthy,0.45,2.87,1.29,10.56,34.0,18.0,IRRIGATE_IMMEDIATELY,Immediate,3.5
Soybean,Fruiting,Loamy,27.8,26.5,37.9,None,0.0,Flood / Surface,Tomato Septoria Leaf Spot,1.05,3.47,3.64,0.0,28.0,14.0,OPTIMAL_STANDBY,Low,0.0
Pepper Bell,Seedling,Sandy Loam,18.4,40.8,63.2,None,0.0,Sub-surface Drip,Tomato Yellow Leaf Curl Virus,0.6,4.86,2.92,0.0,22.0,10.0,MAINTENANCE_DRIP,Normal,2.67
Cotton,Vegetative,Clay Loam,25.9,21.5,79.0,High,38.9,Flood / Surface,None / Healthy,0.75,2.0,1.5,28.65,34.0,18.0,DELAY_RAIN_EXPECTED,Low,0.0
Sugarcane,Maturity,Black Soil,31.1,31.3,48.6,None,0.0,Sprinkler (Overhead),None / Healthy,0.7,3.96,2.77,0.0,40.0,22.0,MAINTENANCE_DRIP,Normal,2.65
Wheat,Flowering,Loamy,28.3,20.8,25.3,Low,2.4,Drip Irrigation,Pepper Bell Bacterial Spot,1.15,2.73,3.14,0.0,28.0,14.0,OPTIMAL_STANDBY,Low,0.0
Wheat,Maturity,Clay Loam,25.2,29.6,59.5,Moderate,12.6,Drip Irrigation,Pepper Bell Bacterial Spot,0.35,3.27,1.14,7.59,34.0,18.0,DELAY_RAIN_EXPECTED,Moderate,0.0
Sugarcane,Vegetative,Sandy,4.0,26.9,71.8,Moderate,7.8,Flood / Surface,None / Healthy,0.85,2.47,2.1,3.78,15.0,6.0,IRRIGATE_IMMEDIATELY,Immediate,3.5
Pepper Bell,Seedling,Sandy,4.0,33.8,71.8,None,0.0,Sprinkler (Overhead),None / Healthy,0.6,3.4,2.04,0.0,15.0,6.0,IRRIGATE_IMMEDIATELY,Immediate,3.5
Wheat,Flowering,Sandy Loam,13.6,16.4,75.8,Low,5.4,Sprinkler (Overhead),None / Healthy,1.15,2.0,2.3,1.84,22.0,10.0,IRRIGATE_IMMEDIATELY,Immediate,3.5
Potato,Vegetative,Clay Loam,29.4,39.7,41.7,Low,1.1,Sub-surface Drip,None / Healthy,0.8,5.85,4.68,0.0,34.0,18.0,MAINTENANCE_DRIP,Normal,4.89
Potato,Seedling,Clay Loam,27.6,32.1,87.9,High,41.6,Drip Irrigation,None / Healthy,0.5,2.84,1.42,30.79,34.0,18.0,DELAY_RAIN_EXPECTED,Low,0.0
Cotton,Maturity,Black Soil,33.0,41.9,91.6,None,0.0,Sprinkler (Overhead),None / Healthy,0.55,4.08,2.24,0.0,40.0,22.0,MAINTENANCE_DRIP,Normal,2.12
Wheat,Flowering,Clay Loam,26.4,29.1,67.8,Low,4.2,Drip Irrigation,Potato Late Blight,1.15,2.91,3.35,0.86,34.0,18.0,MAINTENANCE_DRIP,Normal,3.19
Soybean,Vegetative,Loamy,26.8,30.2,36.5,High,41.8,Sprinkler (Overhead),None / Healthy,0.7,4.22,2.95,30.92,28.0,14.0,DELAY_RAIN_EXPECTED,Low,0.0
Potato,Vegetative,Sandy Loam,21.1,37.5,92.0,Moderate,11.6,Sprinkler (Overhead),None / Healthy,0.8,3.51,2.81,6.76,22.0,10.0,OPTIMAL_STANDBY,Low,0.0
Wheat,Flowering,Sandy,12.4,35.7,91.8,Low,4.4,Flood / Surface,None / Healthy,1.15,3.28,3.77,1.06,15.0,6.0,MAINTENANCE_DRIP,Normal,3.91
Cotton,Fruiting,Sandy,10.2,34.1,51.6,Low,1.0,Drip Irrigation,Tomato Early Blight,0.85,4.32,3.67,0.0,15.0,6.0,MAINTENANCE_DRIP,Normal,3.71
Corn,Flowering,Sandy,10.7,36.3,53.6,None,0.0,Sub-surface Drip,None / Healthy,1.2,4.61,5.53,0.0,15.0,6.0,MAINTENANCE_DRIP,Normal,5.5
Tomato,Vegetative,Clay Loam,29.6,22.8,20.4,None,0.0,Drip Irrigation,None / Healthy,0.85,3.24,2.75,0.0,34.0,18.0,MAINTENANCE_DRIP,Normal,2.82
Sugarcane,Fruiting,Black Soil,30.7,35.4,89.1,None,0.0,Drip Irrigation,Tomato Target Spot,1.25,3.23,4.04,0.0,40.0,22.0,MAINTENANCE_DRIP,Normal,3.94
Soybean,Seedling,Loamy,21.9,31.8,93.0,Moderate,9.9,Flood / Surface,Tomato Early Blight,0.4,2.8,1.12,5.45,28.0,14.0,DELAY_RAIN_EXPECTED,Moderate,0.0
Corn,Fruiting,Black Soil,36.7,40.9,83.7,Low,5.1,Drip Irrigation,None / Healthy,1.1,3.94,4.33,1.59,40.0,22.0,OPTIMAL_STANDBY,Low,0.0
Wheat,Seedling,Black Soil,26.8,40.7,67.1,Low,2.7,Sub-surface Drip,None / Healthy,0.4,4.64,1.86,0.0,40.0,22.0,IRRIGATE_IMMEDIATELY,Immediate,3.5
Tomato,Seedling,Loamy,23.8,20.0,60.6,None,0.0,Sub-surface Drip,Pepper Bell Bacterial Spot,0.6,2.0,1.2,0.0,28.0,14.0,MAINTENANCE_DRIP,Normal,1.5
Sugarcane,Vegetative,Sandy Loam,13.2,26.9,42.9,Low,3.3,Drip Irrigation,None / Healthy,0.85,3.39,2.88,0.12,22.0,10.0,IRRIGATE_IMMEDIATELY,Immediate,3.86
Tomato,Fruiting,Clay Loam,15.2,21.3,66.7,Low,5.1,Sprinkler (Overhead),Potato Late Blight,1.2,2.0,2.4,1.55,34.0,18.0,SUSPEND_OVERHEAD_BLIGHT,Immediate,0.0
Wheat,Fruiting,Clay Loam,26.2,41.5,29.6,None,0.0,Drip Irrigation,None / Healthy,0.85,6.91,5.87,0.0,34.0,18.0,MAINTENANCE_DRIP,Normal,5.5
Pepper Bell,Flowering,Sandy Loam,18.5,25.6,53.2,High,21.1,Sprinkler (Overhead),None / Healthy,1.05,2.87,3.01,14.35,22.0,10.0,DELAY_RAIN_EXPECTED,Low,0.0
Pepper Bell,Fruiting,Clay Loam,29.0,25.3,73.2,None,0.0,Drip Irrigation,Tomato Early Blight,1.1,2.23,2.45,0.0,34.0,18.0,MAINTENANCE_DRIP,Normal,2.68
Tomato,Seedling,Sandy,16.6,30.9,87.0,None,0.0,Sprinkler (Overhead),Potato Late Blight,0.6,2.69,1.61,0.0,15.0,6.0,SUSPEND_OVERHEAD_BLIGHT,Immediate,0.0
Tomato,Flowering,Sandy Loam,28.4,39.0,80.4,None,0.0,Flood / Surface,None / Healthy,1.15,3.69,4.24,0.0,22.0,10.0,OPTIMAL_STANDBY,Low,0.0
Sugarcane,Fruiting,Sandy Loam,23.5,24.1,36.5,Moderate,7.9,Drip Irrigation,None / Healthy,1.25,3.08,3.85,3.79,22.0,10.0,OPTIMAL_STANDBY,Low,0.0
Soybean,Fruiting,Sandy,17.4,31.2,84.7,None,0.0,Drip Irrigation,Tomato Yellow Leaf Curl Virus,1.05,2.72,2.86,0.0,15.0,6.0,OPTIMAL_STANDBY,Low,0.0
Potato,Fruiting,Clay Loam,15.7,41.6,28.9,Moderate,15.6,Drip Irrigation,None / Healthy,1.15,6.96,8.0,9.98,34.0,18.0,IRRIGATE_IMMEDIATELY,Immediate,7.0
Potato,Flowering,Sandy,10.2,38.6,24.8,Low,2.7,Sprinkler (Overhead),Tomato Yellow Leaf Curl Virus,1.15,6.51,7.49,0.0,15.0,6.0,MAINTENANCE_DRIP,Normal,5.5
Wheat,Flowering,Loamy,28.5,29.1,76.8,None,0.0,Drip Irrigation,None / Healthy,1.15,2.58,2.97,0.0,28.0,14.0,OPTIMAL_STANDBY,Low,0.0
Pepper Bell,Flowering,Sandy Loam,20.4,21.1,83.7,None,0.0,Drip Irrigation,None / Healthy,1.05,2.0,2.1,0.0,22.0,10.0,OPTIMAL_STANDBY,Low,0.0
Tomato,Seedling,Clay Loam,25.4,38.3,83.0,None,0.0,Drip Irrigation,None / Healthy,0.6,3.61,2.17,0.0,34.0,18.0,MAINTENANCE_DRIP,Normal,2.3
Corn,Flowering,Sandy Loam,17.6,33.7,35.5,None,0.0,Flood / Surface,None / Healthy,1.2,4.96,5.95,0.0,22.0,10.0,MAINTENANCE_DRIP,Normal,5.5
Corn,Flowering,Black Soil,23.7,31.1,59.8,None,0.0,Drip Irrigation,None / Healthy,1.2,3.5,4.2,0.0,40.0,22.0,IRRIGATE_IMMEDIATELY,Immediate,4.92
Cotton,Flowering,Loamy,34.3,29.6,74.9,None,0.0,Sprinkler (Overhead),Tomato Septoria Leaf Spot,1.2,2.71,3.25,0.0,28.0,14.0,SUSPEND_OVERHEAD_BLIGHT,Immediate,0.0
Soybean,Flowering,Loamy,22.5,21.3,46.2,None,0.0,Sprinkler (Overhead),None / Healthy,1.15,2.35,2.7,0.0,28.0,14.0,MAINTENANCE_DRIP,Normal,2.65
Rice,Maturity,Clay Loam,31.6,40.1,85.2,None,0.0,Flood / Surface,None / Healthy,0.95,3.84,3.65,0.0,34.0,18.0,OPTIMAL_STANDBY,Low,0.0
Cotton,Seedling,Clay Loam,28.1,21.7,46.0,Low,3.6,Drip Irrigation,Tomato Yellow Leaf Curl Virus,0.45,2.43,1.09,0.38,34.0,18.0,MAINTENANCE_DRIP,Normal,1.5
Pepper Bell,Maturity,Black Soil,24.4,15.2,73.8,None,0.0,Sprinkler (Overhead),None / Healthy,0.85,2.0,1.7,0.0,40.0,22.0,IRRIGATE_IMMEDIATELY,Immediate,3.5
Rice,Fruiting,Sandy,16.5,32.8,49.2,Low,2.8,Sprinkler (Overhead),Tomato Yellow Leaf Curl Virus,1.2,4.2,5.04,0.0,15.0,6.0,OPTIMAL_STANDBY,Low,0.0
Potato,Fruiting,Clay Loam,26.0,38.2,88.5,None,0.0,Drip Irrigation,Tomato Target Spot,1.15,3.59,4.13,0.0,34.0,18.0,MAINTENANCE_DRIP,Normal,4.02
Tomato,Maturity,Sandy Loam,20.7,38.2,49.5,Low,2.6,Drip Irrigation,None / Healthy,0.8,5.15,4.12,0.0,22.0,10.0,OPTIMAL_STANDBY,Low,0.0
Rice,Flowering,Loamy,24.6,20.9,25.3,Low,5.3,Sprinkler (Overhead),None / Healthy,1.25,2.74,3.43,1.76,28.0,14.0,MAINTENANCE_DRIP,Normal,3.59
Pepper Bell,Vegetative,Loamy,13.7,28.5,84.3,Moderate,12.2,Flood / Surface,Tomato Yellow Leaf Curl Virus,0.8,2.4,1.92,7.26,28.0,14.0,IRRIGATE_IMMEDIATELY,Immediate,3.5
Corn,Flowering,Sandy Loam,8.4,16.6,58.8,None,0.0,Drip Irrigation,None / Healthy,1.2,2.0,2.4,0.0,22.0,10.0,IRRIGATE_IMMEDIATELY,Immediate,3.5
Potato,Flowering,Clay Loam,22.6,37.5,41.9,Low,3.7,Flood / Surface,None / Healthy,1.15,5.41,6.22,0.47,34.0,18.0,IRRIGATE_IMMEDIATELY,Immediate,7.0
Tomato,Fruiting,Loamy,20.8,16.3,63.6,None,0.0,Drip Irrigation,Potato Late Blight,1.2,2.0,2.4,0.0,28.0,14.0,MAINTENANCE_DRIP,Normal,2.55
Tomato,Vegetative,Sandy Loam,18.0,21.8,32.0,Moderate,12.4,Flood / Surface,Tomato Yellow Leaf Curl Virus,0.85,2.76,2.35,7.39,22.0,10.0,DELAY_RAIN_EXPECTED,Moderate,0.0
Corn,Flowering,Sandy Loam,23.5,31.5,66.4,Moderate,16.0,Drip Irrigation,Potato Late Blight,1.2,3.3,3.96,10.32,22.0,10.0,DELAY_RAIN_EXPECTED,Low,0.0
Corn,Fruiting,Sandy,16.8,26.1,72.8,Low,3.7,Flood / Surface,None / Healthy,1.1,2.35,2.59,0.44,15.0,6.0,OPTIMAL_STANDBY,Low,0.0
Pepper Bell,Fruiting,Black Soil,31.7,20.4,45.0,None,0.0,Sprinkler (Overhead),None / Healthy,1.1,2.24,2.46,0.0,40.0,22.0,MAINTENANCE_DRIP,Normal,2.33
Soybean,Flowering,Sandy Loam,11.9,35.0,49.8,Moderate,14.9,Drip Irrigation,Tomato Yellow Leaf Curl Virus,1.15,4.57,5.26,9.45,22.0,10.0,IRRIGATE_IMMEDIATELY,Immediate,6.25
Corn,Fruiting,Black Soil,37.6,36.9,66.5,None,0.0,Flood / Surface,Tomato Yellow Leaf Curl Virus,1.1,4.09,4.5,0.0,40.0,22.0,OPTIMAL_STANDBY,Low,0.0
Potato,Vegetative,Loamy,25.4,14.8,23.6,Low,3.9,Drip Irrigation,None / Healthy,0.8,2.0,1.6,0.58,28.0,14.0,OPTIMAL_STANDBY,Low,0.0
Corn,Maturity,Black Soil,35.2,35.1,28.5,Low,3.6,Sprinkler (Overhead),None / Healthy,0.6,5.55,3.33,0.38,40.0,22.0,MAINTENANCE_DRIP,Normal,3.35
Sugarcane,Flowering,Loamy,26.9,35.0,65.4,Low,2.3,Drip Irrigation,None / Healthy,1.25,3.86,4.83,0.0,28.0,14.0,OPTIMAL_STANDBY,Low,0.0
Sugarcane,Seedling,Sandy,11.6,23.8,78.4,High,22.7,Flood / Surface,None / Healthy,0.45,2.0,0.9,15.66,15.0,6.0,DELAY_RAIN_EXPECTED,Low,0.0
Rice,Fruiting,Loamy,25.9,23.0,82.2,Low,4.7,Flood / Surface,None / Healthy,1.2,2.0,2.4,1.29,28.0,14.0,OPTIMAL_STANDBY,Low,0.0
Cotton,Vegetative,Black Soil,23.6,20.3,54.4,None,0.0,Drip Irrigation,Potato Late Blight,0.75,2.02,1.52,0.0,40.0,22.0,IRRIGATE_IMMEDIATELY,Immediate,3.5
Cotton,Maturity,Black Soil,48.0,30.1,88.0,Low,5.2,Sub-surface Drip,None / Healthy,0.55,2.6,1.43,1.65,40.0,22.0,OPTIMAL_STANDBY,Low,0.0
Wheat,Maturity,Clay Loam,25.7,18.8,83.4,High,41.3,Drip Irrigation,Potato Late Blight,0.35,2.0,0.7,30.55,34.0,18.0,DELAY_RAIN_EXPECTED,Low,0.0
Rice,Flowering,Clay Loam,35.9,21.1,54.7,High,31.5,Drip Irrigation,None / Healthy,1.25,2.13,2.66,22.72,34.0,18.0,DELAY_RAIN_EXPECTED,Low,0.0
Tomato,Fruiting,Clay Loam,29.7,23.2,83.4,Low,2.1,Drip Irrigation,Tomato Early Blight,1.2,2.0,2.4,0.0,34.0,18.0,MAINTENANCE_DRIP,Normal,2.39
Rice,Vegetative,Loamy,29.9,20.0,63.2,Moderate,14.7,Sub-surface Drip,Tomato Septoria Leaf Spot,1.15,2.0,2.3,9.27,28.0,14.0,DELAY_RAIN_EXPECTED,Low,0.0
Corn,Flowering,Loamy,29.4,26.2,79.7,Low,5.4,Flood / Surface,None / Healthy,1.2,2.14,2.57,1.78,28.0,14.0,OPTIMAL_STANDBY,Low,0.0
Rice,Seedling,Loamy,29.7,40.9,64.4,None,0.0,Drip Irrigation,None / Healthy,1.05,4.82,5.06,0.0,28.0,14.0,OPTIMAL_STANDBY,Low,0.0
Sugarcane,Vegetative,Loamy,12.8,26.8,22.6,High,36.1,Sprinkler (Overhead),None / Healthy,0.85,4.02,3.42,26.37,28.0,14.0,IRRIGATE_IMMEDIATELY,Immediate,4.28
Tomato,Flowering,Sandy,11.1,26.4,29.4,None,0.0,Flood / Surface,None / Healthy,1.15,3.72,4.28,0.0,15.0,6.0,MAINTENANCE_DRIP,Normal,4.17
Corn,Flowering,Loamy,22.3,36.7,69.4,High,28.8,Drip Irrigation,Tomato Septoria Leaf Spot,1.2,3.91,4.69,20.53,28.0,14.0,DELAY_RAIN_EXPECTED,Low,0.0
Rice,Maturity,Sandy,27.9,24.3,74.3,Low,3.8,Drip Irrigation,None / Healthy,0.95,2.08,1.98,0.5,15.0,6.0,OPTIMAL_STANDBY,Low,0.0
Pepper Bell,Fruiting,Sandy Loam,10.3,35.4,88.2,Low,4.9,Drip Irrigation,None / Healthy,1.1,3.24,3.56,1.45,22.0,10.0,IRRIGATE_IMMEDIATELY,Immediate,4.4
Corn,Flowering,Sandy,12.3,15.4,92.2,Low,5.0,Drip Irrigation,Tomato Yellow Leaf Curl Virus,1.2,2.0,2.4,1.5,15.0,6.0,MAINTENANCE_DRIP,Normal,2.4
Cotton,Fruiting,Loamy,26.5,21.8,70.0,None,0.0,Flood / Surface,None / Healthy,0.85,2.0,1.7,0.0,28.0,14.0,OPTIMAL_STANDBY,Low,0.0
Tomato,Maturity,Sandy,10.2,32.1,44.7,None,0.0,Sprinkler (Overhead),None / Healthy,0.8,4.26,3.41,0.0,15.0,6.0,MAINTENANCE_DRIP,Normal,3.6
Potato,Maturity,Black Soil,41.6,32.0,67.2,None,0.0,Flood / Surface,None / Healthy,0.75,3.33,2.5,0.0,40.0,22.0,OPTIMAL_STANDBY,Low,0.0
Sugarcane,Seedling,Clay Loam,25.5,38.1,65.6,Moderate,10.4,Flood / Surface,Tomato Target Spot,0.45,4.31,1.94,5.86,34.0,18.0,DELAY_RAIN_EXPECTED,Moderate,0.0
Corn,Vegetative,Black Soil,52.2,30.4,63.3,Moderate,17.8,Drip Irrigation,None / Healthy,0.85,3.26,2.77,11.71,40.0,22.0,DELAY_RAIN_EXPECTED,Low,0.0
Rice,Seedling,Clay Loam,25.3,29.8,68.8,Moderate,17.1,Drip Irrigation,None / Healthy,1.05,2.96,3.11,11.14,34.0,18.0,DELAY_RAIN_EXPECTED,Low,0.0
Cotton,Flowering,Sandy,10.1,16.9,52.6,Low,4.2,Drip Irrigation,None / Healthy,1.2,2.0,2.4,0.86,15.0,6.0,MAINTENANCE_DRIP,Normal,2.18
Pepper Bell,Seedling,Black Soil,40.4,25.1,66.4,None,0.0,Flood / Surface,None / Healthy,0.6,2.4,1.44,0.0,40.0,22.0,OPTIMAL_STANDBY,Low,0.0
Corn,Vegetative,Sandy,4.0,32.1,49.5,Moderate,13.7,Drip Irrigation,None / Healthy,0.85,4.06,3.45,8.43,15.0,6.0,IRRIGATE_IMMEDIATELY,Immediate,4.4
Tomato,Flowering,Sandy,10.4,29.9,67.3,High,40.9,Drip Irrigation,None / Healthy,1.15,3.03,3.48,30.18,15.0,6.0,DELAY_RAIN_EXPECTED,Low,0.0
Pepper Bell,Maturity,Sandy Loam,11.8,17.8,56.2,Moderate,14.5,Sub-surface Drip,None / Healthy,0.85,2.0,1.7,9.08,22.0,10.0,IRRIGATE_IMMEDIATELY,Immediate,3.5
Pepper Bell,Flowering,Black Soil,28.0,31.7,37.5,None,0.0,Sprinkler (Overhead),None / Healthy,1.05,4.48,4.7,0.0,40.0,22.0,IRRIGATE_IMMEDIATELY,Immediate,5.94
Wheat,Seedling,Sandy,6.5,35.4,39.9,None,0.0,Flood / Surface,Pepper Bell Bacterial Spot,0.4,5.09,2.04,0.0,15.0,6.0,IRRIGATE_IMMEDIATELY,Immediate,3.5
Sugarcane,Maturity,Loamy,11.9,32.8,87.6,Low,4.4,Drip Irrigation,None / Healthy,0.7,2.92,2.04,1.04,28.0,14.0,IRRIGATE_IMMEDIATELY,Immediate,3.5
Soybean,Fruiting,Clay Loam,34.0,27.1,31.5,None,0.0,Sprinkler (Overhead),None / Healthy,1.05,3.8,3.99,0.0,34.0,18.0,OPTIMAL_STANDBY,Low,0.0
Soybean,Flowering,Clay Loam,15.6,30.1,25.2,None,0.0,Drip Irrigation,None / Healthy,1.15,4.61,5.3,0.0,34.0,18.0,IRRIGATE_IMMEDIATELY,Immediate,6.47
Rice,Vegetative,Loamy,13.1,27.4,22.1,None,0.0,Flood / Surface,None / Healthy,1.15,4.16,4.78,0.0,28.0,14.0,IRRIGATE_IMMEDIATELY,Immediate,6.01
Soybean,Seedling,Clay Loam,33.8,29.0,73.7,Low,3.1,Drip Irrigation,None / Healthy,0.4,2.69,1.08,0.0,34.0,18.0,OPTIMAL_STANDBY,Low,0.0
Corn,Fruiting,Black Soil,24.8,39.5,40.3,Low,1.3,Drip Irrigation,Pepper Bell Bacterial Spot,1.1,5.9,6.49,0.0,40.0,22.0,IRRIGATE_IMMEDIATELY,Immediate,7.0
Pepper Bell,Flowering,Clay Loam,31.2,24.2,45.5,Moderate,12.0,Sprinkler (Overhead),Tomato Target Spot,1.05,2.86,3.0,7.13,34.0,18.0,SUSPEND_OVERHEAD_BLIGHT,Immediate,0.0
Sugarcane,Maturity,Loamy,22.2,26.2,45.6,High,31.0,Flood / Surface,None / Healthy,0.7,3.2,2.24,22.32,28.0,14.0,DELAY_RAIN_EXPECTED,Low,0.0
Cotton,Fruiting,Sandy,12.5,30.9,76.3,Moderate,15.5,Flood / Surface,Tomato Yellow Leaf Curl Virus,0.85,2.83,2.41,9.93,15.0,6.0,DELAY_RAIN_EXPECTED,Low,0.0
Sugarcane,Maturity,Clay Loam,26.5,40.3,45.3,Low,2.9,Sub-surface Drip,Potato Late Blight,0.7,5.77,4.04,0.0,34.0,18.0,MAINTENANCE_DRIP,Normal,4.35
Corn,Seedling,Sandy,12.8,38.4,50.2,Low,2.9,Sprinkler (Overhead),None / Healthy,0.4,5.16,2.06,0.0,15.0,6.0,MAINTENANCE_DRIP,Normal,2.33
Wheat,Maturity,Black Soil,48.0,17.7,84.9,None,0.0,Drip Irrigation,None / Healthy,0.35,2.0,0.7,0.0,40.0,22.0,OPTIMAL_STANDBY,Low,0.0
Sugarcane,Vegetative,Sandy,16.8,23.6,68.4,Low,3.8,Sprinkler (Overhead),None / Healthy,0.85,2.15,1.83,0.52,15.0,6.0,OPTIMAL_STANDBY,Low,0.0
Wheat,Seedling,Sandy Loam,22.2,21.4,52.7,None,0.0,Flood / Surface,Potato Late Blight,0.4,2.22,0.89,0.0,22.0,10.0,OPTIMAL_STANDBY,Low,0.0
Soybean,Flowering,Loamy,28.4,28.7,66.8,None,0.0,Sprinkler (Overhead),None / Healthy,1.15,2.89,3.32,0.0,28.0,14.0,OPTIMAL_STANDBY,Low,0.0
Sugarcane,Maturity,Black Soil,38.6,25.2,40.7,None,0.0,Drip Irrigation,None / Healthy,0.7,3.16,2.21,0.0,40.0,22.0,OPTIMAL_STANDBY,Low,0.0
Cotton,Seedling,Sandy,21.7,15.9,56.0,None,0.0,Sprinkler (Overhead),None / Healthy,0.45,2.0,0.9,0.0,15.0,6.0,OPTIMAL_STANDBY,Low,0.0
Sugarcane,Seedling,Sandy,10.2,33.5,58.5,None,0.0,Flood / Surface,None / Healthy,0.45,3.93,1.77,0.0,15.0,6.0,MAINTENANCE_DRIP,Normal,1.78
Wheat,Flowering,Sandy,5.8,41.5,61.8,Moderate,7.4,Sprinkler (Overhead),None / Healthy,1.15,5.05,5.81,3.41,15.0,6.0,IRRIGATE_IMMEDIATELY,Immediate,7.0
Cotton,Vegetative,Sandy Loam,18.2,19.6,22.8,None,0.0,Drip Irrigation,Potato Late Blight,0.75,2.54,1.91,0.0,22.0,10.0,MAINTENANCE_DRIP,Normal,1.93
Soybean,Seedling,Black Soil,35.0,32.7,33.3,None,0.0,Flood / Surface,None / Healthy,0.4,4.85,1.94,0.0,40.0,22.0,MAINTENANCE_DRIP,Normal,2.07
Sugarcane,Seedling,Black Soil,22.8,14.9,67.4,Moderate,13.9,Sprinkler (Overhead),None / Healthy,0.45,2.0,0.9,8.64,40.0,22.0,IRRIGATE_IMMEDIATELY,Immediate,3.5
Tomato,Fruiting,Sandy Loam,18.0,20.6,77.8,None,0.0,Flood / Surface,None / Healthy,1.2,2.0,2.4,0.0,22.0,10.0,MAINTENANCE_DRIP,Normal,2.44
Rice,Fruiting,Sandy,16.7,20.0,32.1,Low,2.0,Drip Irrigation,None / Healthy,1.2,2.43,2.92,0.0,15.0,6.0,OPTIMAL_STANDBY,Low,0.0
Potato,Flowering,Clay Loam,15.3,16.5,49.0,None,0.0,Sprinkler (Overhead),None / Healthy,1.15,2.0,2.3,0.0,34.0,18.0,IRRIGATE_IMMEDIATELY,Immediate,3.5
Tomato,Fruiting,Clay Loam,15.7,14.6,91.5,None,0.0,Flood / Surface,None / Healthy,1.2,2.0,2.4,0.0,34.0,18.0,IRRIGATE_IMMEDIATELY,Immediate,3.5
Cotton,Vegetative,Loamy,20.9,34.5,66.0,None,0.0,Drip Irrigation,Tomato Early Blight,0.75,3.76,2.82,0.0,28.0,14.0,MAINTENANCE_DRIP,Normal,2.91
Rice,Seedling,Loamy,22.0,19.8,38.4,Low,2.2,Drip Irrigation,None / Healthy,1.05,2.26,2.37,0.0,28.0,14.0,MAINTENANCE_DRIP,Normal,2.24
Soybean,Maturity,Sandy Loam,26.0,33.2,25.5,None,0.0,Sub-surface Drip,None / Healthy,0.5,5.28,2.64,0.0,22.0,10.0,OPTIMAL_STANDBY,Low,0.0
Wheat,Vegetative,Loamy,15.2,30.6,87.0,High,23.0,Flood / Surface,None / Healthy,0.75,2.65,1.99,15.88,28.0,14.0,IRRIGATE_IMMEDIATELY,Immediate,3.5
Tomato,Flowering,Loamy,25.8,30.3,37.8,None,0.0,Sprinkler (Overhead),None / Healthy,1.15,4.2,4.83,0.0,28.0,14.0,OPTIMAL_STANDBY,Low,0.0
Pepper Bell,Flowering,Sandy Loam,19.8,35.1,91.6,None,0.0,Sprinkler (Overhead),None / Healthy,1.05,3.2,3.36,0.0,22.0,10.0,OPTIMAL_STANDBY,Low,0.0
Cotton,Fruiting,Clay Loam,26.1,38.8,72.3,Low,5.5,Sprinkler (Overhead),None / Healthy,0.85,4.08,3.47,1.92,34.0,18.0,MAINTENANCE_DRIP,Normal,3.37
Corn,Fruiting,Sandy,11.9,14.4,28.1,Low,1.5,Drip Irrigation,None / Healthy,1.1,2.0,2.2,0.0,15.0,6.0,MAINTENANCE_DRIP,Normal,2.12
Cotton,Seedling,Black Soil,23.8,23.4,39.3,None,0.0,Drip Irrigation,Potato Late Blight,0.45,2.88,1.3,0.0,40.0,22.0,IRRIGATE_IMMEDIATELY,Immediate,3.5
Corn,Seedling,Sandy Loam,23.1,25.3,70.8,Low,1.8,Sub-surface Drip,None / Healthy,0.4,2.3,0.92,0.0,22.0,10.0,OPTIMAL_STANDBY,Low,0.0
Rice,Seedling,Black Soil,30.1,32.7,73.6,Low,3.5,Sprinkler (Overhead),None / Healthy,1.05,3.17,3.33,0.32,40.0,22.0,MAINTENANCE_DRIP,Normal,3.58
Cotton,Seedling,Clay Loam,25.6,21.9,53.4,Moderate,7.1,Flood / Surface,None / Healthy,0.45,2.28,1.03,3.18,34.0,18.0,MAINTENANCE_DRIP,Normal,1.5
Pepper Bell,Seedling,Loamy,25.7,19.6,36.7,None,0.0,Sub-surface Drip,None / Healthy,0.6,2.27,1.36,0.0,28.0,14.0,OPTIMAL_STANDBY,Low,0.0
Cotton,Vegetative,Clay Loam,25.7,33.3,36.9,Moderate,17.2,Drip Irrigation,None / Healthy,0.75,4.81,3.61,11.22,34.0,18.0,DELAY_RAIN_EXPECTED,Low,0.0
Pepper Bell,Vegetative,Loamy,11.1,25.5,37.9,None,0.0,Drip Irrigation,None / Healthy,0.8,3.29,2.63,0.0,28.0,14.0,IRRIGATE_IMMEDIATELY,Immediate,3.5
Tomato,Seedling,Sandy Loam,21.4,28.0,57.6,Low,2.8,Sprinkler (Overhead),None / Healthy,0.6,3.1,1.86,0.0,22.0,10.0,OPTIMAL_STANDBY,Low,0.0
Soybean,Flowering,Black Soil,37.9,20.4,62.8,Moderate,17.3,Sprinkler (Overhead),None / Healthy,1.15,2.0,2.3,11.35,40.0,22.0,DELAY_RAIN_EXPECTED,Low,0.0
Soybean,Seedling,Sandy,15.9,16.1,73.5,None,0.0,Sub-surface Drip,None / Healthy,0.4,2.0,0.8,0.0,15.0,6.0,OPTIMAL_STANDBY,Low,0.0
Cotton,Vegetative,Clay Loam,24.2,25.6,72.0,High,44.0,Drip Irrigation,Tomato Early Blight,0.75,2.31,1.73,32.73,34.0,18.0,DELAY_RAIN_EXPECTED,Low,0.0
Pepper Bell,Vegetative,Black Soil,38.6,33.2,29.6,High,29.9,Drip Irrigation,None / Healthy,0.8,5.1,4.08,21.44,40.0,22.0,DELAY_RAIN_EXPECTED,Low,0.0
Corn,Seedling,Sandy,9.5,25.6,85.1,Moderate,9.4,Sprinkler (Overhead),Tomato Early Blight,0.4,2.07,0.83,4.99,15.0,6.0,SUSPEND_OVERHEAD_BLIGHT,Immediate,0.0
Soybean,Fruiting,Black Soil,45.4,17.2,86.5,Moderate,11.9,Drip Irrigation,None / Healthy,1.05,2.0,2.1,7.01,40.0,22.0,OPTIMAL_STANDBY,Low,0.0
Tomato,Flowering,Clay Loam,36.5,21.6,41.2,None,0.0,Drip Irrigation,None / Healthy,1.15,2.51,2.89,0.0,34.0,18.0,OPTIMAL_STANDBY,Low,0.0
Potato,Seedling,Sandy Loam,19.2,41.7,65.2,None,0.0,Sub-surface Drip,None / Healthy,0.5,4.9,2.45,0.0,22.0,10.0,MAINTENANCE_DRIP,Normal,2.43
Potato,Fruiting,Sandy Loam,9.1,39.7,50.4,None,0.0,Sprinkler (Overhead),None / Healthy,1.15,5.37,6.18,0.0,22.0,10.0,IRRIGATE_IMMEDIATELY,Immediate,7.0
Pepper Bell,Maturity,Sandy,5.0,38.6,45.9,Low,3.5,Drip Irrigation,None / Healthy,0.85,5.42,4.61,0.27,15.0,6.0,IRRIGATE_IMMEDIATELY,Immediate,5.58
Sugarcane,Fruiting,Sandy Loam,8.1,40.3,67.6,Moderate,12.9,Drip Irrigation,None / Healthy,1.25,4.54,5.67,7.8,22.0,10.0,IRRIGATE_IMMEDIATELY,Immediate,6.72
Cotton,Flowering,Black Soil,34.1,34.4,23.7,Moderate,7.8,Drip Irrigation,None / Healthy,1.2,5.62,6.74,3.73,40.0,22.0,MAINTENANCE_DRIP,Normal,5.5
Tomato,Seedling,Black Soil,39.6,18.2,47.7,Low,5.6,Sprinkler (Overhead),None / Healthy,0.6,2.0,1.2,2.0,40.0,22.0,OPTIMAL_STANDBY,Low,0.0
Potato,Fruiting,Sandy,13.5,31.9,25.5,Low,4.0,Sprinkler (Overhead),None / Healthy,1.15,5.0,5.75,0.72,15.0,6.0,OPTIMAL_STANDBY,Low,0.0
Soybean,Fruiting,Black Soil,42.0,30.9,80.3,None,0.0,Flood / Surface,None / Healthy,1.05,2.69,2.82,0.0,40.0,22.0,OPTIMAL_STANDBY,Low,0.0
Corn,Vegetative,Sandy,15.2,39.2,65.1,Moderate,12.9,Drip Irrigation,None / Healthy,0.85,4.5,3.82,7.84,15.0,6.0,OPTIMAL_STANDBY,Low,0.0
Tomato,Seedling,Loamy,24.6,25.1,31.8,Moderate,14.8,Drip Irrigation,None / Healthy,0.6,3.39,2.03,9.38,28.0,14.0,DELAY_RAIN_EXPECTED,Low,0.0
Potato,Flowering,Black Soil,30.5,14.5,37.9,None,0.0,Flood / Surface,None / Healthy,1.15,2.0,2.3,0.0,40.0,22.0,MAINTENANCE_DRIP,Normal,2.22
Pepper Bell,Seedling,Clay Loam,32.1,40.3,31.1,Moderate,10.1,Sprinkler (Overhead),None / Healthy,0.6,6.57,3.94,5.57,34.0,18.0,OPTIMAL_STANDBY,Low,0.0
Tomato,Maturity,Loamy,10.6,29.8,27.5,None,0.0,Flood / Surface,Potato Late Blight,0.8,4.47,3.58,0.0,28.0,14.0,IRRIGATE_IMMEDIATELY,Immediate,4.17
Soybean,Seedling,Black Soil,47.2,22.4,21.8,Moderate,16.8,Sprinkler (Overhead),None / Healthy,0.4,3.13,1.25,10.97,40.0,22.0,DELAY_RAIN_EXPECTED,Low,0.0
Rice,Fruiting,Sandy Loam,16.7,19.2,48.4,None,0.0,Sprinkler (Overhead),None / Healthy,1.2,2.0,2.4,0.0,22.0,10.0,MAINTENANCE_DRIP,Normal,2.41
Pepper Bell,Flowering,Loamy,14.2,22.9,45.0,None,0.0,Sub-surface Drip,Tomato Target Spot,1.05,2.64,2.77,0.0,28.0,14.0,IRRIGATE_IMMEDIATELY,Immediate,3.5
Soybean,Vegetative,Sandy Loam,9.0,34.1,30.7,Low,3.3,Drip Irrigation,None / Healthy,0.7,5.24,3.67,0.13,22.0,10.0,IRRIGATE_IMMEDIATELY,Immediate,4.64
Cotton,Flowering,Sandy,12.3,16.2,74.4,Low,4.3,Sprinkler (Overhead),Tomato Septoria Leaf Spot,1.2,2.0,2.4,0.92,15.0,6.0,SUSPEND_OVERHEAD_BLIGHT,Immediate,0.0
Wheat,Flowering,Clay Loam,21.8,25.6,76.7,None,0.0,Drip Irrigation,None / Healthy,1.15,2.16,2.48,0.0,34.0,18.0,IRRIGATE_IMMEDIATELY,Immediate,3.57
Cotton,Seedling,Clay Loam,35.6,28.8,22.6,High,23.4,Drip Irrigation,None / Healthy,0.45,4.43,1.99,16.2,34.0,18.0,DELAY_RAIN_EXPECTED,Low,0.0
Pepper Bell,Seedling,Clay Loam,31.7,20.6,86.5,Moderate,15.6,Drip Irrigation,None / Healthy,0.6,2.0,1.2,9.99,34.0,18.0,DELAY_RAIN_EXPECTED,Low,0.0
Corn,Vegetative,Loamy,20.3,26.0,23.9,None,0.0,Drip Irrigation,None / Healthy,0.85,3.81,3.24,0.0,28.0,14.0,MAINTENANCE_DRIP,Normal,2.98
Soybean,Seedling,Clay Loam,26.5,21.4,35.8,Low,5.0,Sprinkler (Overhead),None / Healthy,0.4,2.61,1.04,1.51,34.0,18.0,MAINTENANCE_DRIP,Normal,1.5
Cotton,Fruiting,Sandy,20.1,25.2,24.9,Low,3.0,Sprinkler (Overhead),Tomato Early Blight,0.85,3.61,3.07,0.0,15.0,6.0,SUSPEND_OVERHEAD_BLIGHT,Immediate,0.0
Soybean,Seedling,Loamy,27.6,14.7,20.2,None,0.0,Sprinkler (Overhead),None / Healthy,0.4,2.0,0.8,0.0,28.0,14.0,OPTIMAL_STANDBY,Low,0.0
Pepper Bell,Fruiting,Sandy Loam,26.2,36.1,67.5,Moderate,7.4,Drip Irrigation,None / Healthy,1.1,3.92,4.31,3.39,22.0,10.0,OPTIMAL_STANDBY,Low,0.0
Wheat,Vegetative,Loamy,23.9,31.8,42.7,None,0.0,Drip Irrigation,None / Healthy,0.75,4.3,3.22,0.0,28.0,14.0,MAINTENANCE_DRIP,Normal,2.95
Pepper Bell,Flowering,Sandy Loam,23.2,14.4,20.8,None,0.0,Drip Irrigation,None / Healthy,1.05,2.0,2.1,0.0,22.0,10.0,OPTIMAL_STANDBY,Low,0.0
Cotton,Seedling,Loamy,30.4,37.0,91.1,High,33.4,Drip Irrigation,Tomato Septoria Leaf Spot,0.45,3.44,1.55,24.25,28.0,14.0,DELAY_RAIN_EXPECTED,Low,0.0
Soybean,Maturity,Clay Loam,45.6,26.9,80.6,Low,3.6,Drip Irrigation,None / Healthy,0.5,2.22,1.11,0.4,34.0,18.0,OPTIMAL_STANDBY,Low,0.0
Pepper Bell,Fruiting,Sandy Loam,23.7,25.4,92.9,None,0.0,Drip Irrigation,Tomato Target Spot,1.1,2.05,2.25,0.0,22.0,10.0,OPTIMAL_STANDBY,Low,0.0
Potato,Seedling,Black Soil,39.5,29.0,61.1,None,0.0,Sprinkler (Overhead),None / Healthy,0.5,3.12,1.56,0.0,40.0,22.0,OPTIMAL_STANDBY,Low,0.0
Rice,Fruiting,Loamy,28.7,30.9,62.3,Moderate,14.7,Sprinkler (Overhead),None / Healthy,1.2,3.37,4.04,9.27,28.0,14.0,DELAY_RAIN_EXPECTED,Low,0.0
Soybean,Seedling,Sandy,11.9,40.5,52.0,None,0.0,Drip Irrigation,None / Healthy,0.4,5.45,2.18,0.0,15.0,6.0,MAINTENANCE_DRIP,Normal,2.42
Rice,Fruiting,Sandy,12.9,34.1,71.0,None,0.0,Sprinkler (Overhead),None / Healthy,1.2,3.47,4.16,0.0,15.0,6.0,MAINTENANCE_DRIP,Normal,4.2
Corn,Vegetative,Clay Loam,45.0,26.4,89.2,High,32.2,Sprinkler (Overhead),None / Healthy,0.85,2.16,1.84,23.23,34.0,18.0,DELAY_RAIN_EXPECTED,Low,0.0
Sugarcane,Maturity,Sandy,12.9,38.1,50.0,None,0.0,Drip Irrigation,None / Healthy,0.7,5.11,3.58,0.0,15.0,6.0,MAINTENANCE_DRIP,Normal,3.5
Corn,Vegetative,Sandy Loam,34.3,35.8,57.3,None,0.0,Sprinkler (Overhead),None / Healthy,0.85,4.36,3.71,0.0,22.0,10.0,OPTIMAL_STANDBY,Low,0.0
Soybean,Maturity,Sandy,8.8,29.3,91.6,Moderate,7.2,Sprinkler (Overhead),None / Healthy,0.5,2.5,1.25,3.25,15.0,6.0,IRRIGATE_IMMEDIATELY,Immediate,3.5
Corn,Vegetative,Sandy Loam,18.5,22.9,59.8,Low,4.1,Sprinkler (Overhead),None / Healthy,0.85,2.27,1.93,0.82,22.0,10.0,MAINTENANCE_DRIP,Normal,1.85
Wheat,Fruiting,Black Soil,34.1,38.3,93.7,None,0.0,Sub-surface Drip,Tomato Septoria Leaf Spot,0.85,3.6,3.06,0.0,40.0,22.0,MAINTENANCE_DRIP,Normal,3.03
Rice,Seedling,Black Soil,30.4,30.3,21.8,None,0.0,Flood / Surface,None / Healthy,1.05,4.8,5.04,0.0,40.0,22.0,MAINTENANCE_DRIP,Normal,4.8
Potato,Vegetative,Clay Loam,20.5,23.8,90.0,Moderate,17.8,Sprinkler (Overhead),Tomato Target Spot,0.8,2.0,1.6,11.78,34.0,18.0,SUSPEND_OVERHEAD_BLIGHT,Immediate,0.0
Sugarcane,Vegetative,Loamy,39.8,16.5,31.0,None,0.0,Drip Irrigation,None / Healthy,0.85,2.0,1.7,0.0,28.0,14.0,OPTIMAL_STANDBY,Low,0.0
Cotton,Seedling,Sandy,15.4,38.3,58.6,None,0.0,Drip Irrigation,Tomato Septoria Leaf Spot,0.45,4.71,2.12,0.0,15.0,6.0,OPTIMAL_STANDBY,Low,0.0
Wheat,Fruiting,Loamy,19.2,30.3,44.2,None,0.0,Drip Irrigation,None / Healthy,0.85,3.96,3.37,0.0,28.0,14.0,IRRIGATE_IMMEDIATELY,Immediate,4.14
Rice,Vegetative,Loamy,20.4,23.9,70.3,Low,5.0,Drip Irrigation,None / Healthy,1.15,2.13,2.45,1.46,28.0,14.0,MAINTENANCE_DRIP,Normal,2.33
Pepper Bell,Fruiting,Black Soil,35.0,16.2,32.3,Low,2.9,Sprinkler (Overhead),Tomato Target Spot,1.1,2.0,2.2,0.0,40.0,22.0,SUSPEND_OVERHEAD_BLIGHT,Immediate,0.0
Wheat,Seedling,Clay Loam,32.3,15.8,85.0,Moderate,11.6,Flood / Surface,Potato Late Blight,0.4,2.0,0.8,6.76,34.0,18.0,OPTIMAL_STANDBY,Low,0.0
Soybean,Maturity,Clay Loam,30.0,23.1,26.7,None,0.0,Drip Irrigation,None / Healthy,0.5,3.14,1.57,0.0,34.0,18.0,MAINTENANCE_DRIP,Normal,1.52
Rice,Flowering,Sandy,13.6,23.0,45.2,Moderate,16.0,Drip Irrigation,Pepper Bell Bacterial Spot,1.25,2.66,3.33,10.3,15.0,6.0,DELAY_RAIN_EXPECTED,Low,0.0
Potato,Fruiting,Black Soil,24.5,30.5,48.5,Low,4.2,Sprinkler (Overhead),Tomato Target Spot,1.15,3.84,4.42,0.82,40.0,22.0,SUSPEND_OVERHEAD_BLIGHT,Immediate,0.0
Wheat,Seedling,Sandy,5.9,25.7,57.4,Low,4.8,Sprinkler (Overhead),None / Healthy,0.4,2.76,1.1,1.34,15.0,6.0,IRRIGATE_IMMEDIATELY,Immediate,3.5
Corn,Fruiting,Black Soil,31.5,35.7,71.6,None,0.0,Sprinkler (Overhead),None / Healthy,1.1,3.66,4.03,0.0,40.0,22.0,MAINTENANCE_DRIP,Normal,4.04
Sugarcane,Vegetative,Black Soil,40.8,26.6,61.1,None,0.0,Sub-surface Drip,Tomato Target Spot,0.85,2.77,2.35,0.0,40.0,22.0,OPTIMAL_STANDBY,Low,0.0
Sugarcane,Vegetative,Sandy,11.6,39.6,35.4,Low,5.5,Sprinkler (Overhead),None / Healthy,0.85,6.17,5.24,1.88,15.0,6.0,MAINTENANCE_DRIP,Normal,5.41
Sugarcane,Fruiting,Clay Loam,28.0,37.8,77.9,None,0.0,Drip Irrigation,None / Healthy,1.25,3.65,4.56,0.0,34.0,18.0,MAINTENANCE_DRIP,Normal,4.21
Wheat,Vegetative,Loamy,23.8,38.6,44.3,None,0.0,Flood / Surface,None / Healthy,0.75,5.5,4.12,0.0,28.0,14.0,MAINTENANCE_DRIP,Normal,4.08
Corn,Vegetative,Clay Loam,14.9,32.0,62.4,Low,3.4,Sub-surface Drip,None / Healthy,0.85,3.53,3.0,0.22,34.0,18.0,IRRIGATE_IMMEDIATELY,Immediate,3.63
Potato,Maturity,Black Soil,50.2,25.6,34.0,None,0.0,Drip Irrigation,Tomato Early Blight,0.75,3.44,2.58,0.0,40.0,22.0,OPTIMAL_STANDBY,Low,0.0
Sugarcane,Flowering,Clay Loam,17.5,32.6,72.3,None,0.0,Sub-surface Drip,None / Healthy,1.25,3.22,4.03,0.0,34.0,18.0,IRRIGATE_IMMEDIATELY,Immediate,5.07
Cotton,Vegetative,Clay Loam,33.7,22.8,32.7,Low,4.1,Flood / Surface,Potato Late Blight,0.75,2.94,2.21,0.79,34.0,18.0,OPTIMAL_STANDBY,Low,0.0
Rice,Flowering,Clay Loam,29.0,38.8,22.2,High,41.4,Sub-surface Drip,None / Healthy,1.25,6.7,8.38,30.61,34.0,18.0,DELAY_RAIN_EXPECTED,Low,0.0
Cotton,Flowering,Sandy Loam,17.5,19.6,51.8,None,0.0,Drip Irrigation,Tomato Target Spot,1.2,2.0,2.4,0.0,22.0,10.0,MAINTENANCE_DRIP,Normal,2.33
Pepper Bell,Maturity,Clay Loam,32.8,36.1,59.8,None,0.0,Drip Irrigation,None / Healthy,0.85,4.29,3.65,0.0,34.0,18.0,OPTIMAL_STANDBY,Low,0.0
Cotton,Fruiting,Loamy,22.3,20.7,56.5,Low,4.7,Flood / Surface,None / Healthy,0.85,2.04,1.73,1.23,28.0,14.0,MAINTENANCE_DRIP,Normal,1.67
Soybean,Maturity,Sandy Loam,6.4,26.6,35.4,Low,3.4,Sprinkler (Overhead),None / Healthy,0.5,3.58,1.79,0.19,22.0,10.0,IRRIGATE_IMMEDIATELY,Immediate,3.5
Rice,Maturity,Loamy,26.0,14.3,47.5,None,0.0,Drip Irrigation,None / Healthy,0.95,2.0,1.9,0.0,28.0,14.0,OPTIMAL_STANDBY,Low,0.0
Cotton,Vegetative,Loamy,23.1,18.7,41.3,Moderate,10.2,Drip Irrigation,Tomato Septoria Leaf Spot,0.75,2.03,1.52,5.68,28.0,14.0,DELAY_RAIN_EXPECTED,Moderate,0.0
Rice,Seedling,Clay Loam,32.1,25.7,77.4,High,21.0,Sprinkler (Overhead),None / Healthy,1.05,2.16,2.27,14.28,34.0,18.0,DELAY_RAIN_EXPECTED,Low,0.0
Rice,Maturity,Sandy,5.8,25.3,90.8,Low,5.7,Drip Irrigation,None / Healthy,0.95,2.04,1.94,2.07,15.0,6.0,IRRIGATE_IMMEDIATELY,Immediate,3.5
Potato,Maturity,Clay Loam,34.0,38.1,22.8,None,0.0,Sprinkler (Overhead),Tomato Target Spot,0.75,6.51,4.88,0.0,34.0,18.0,SUSPEND_OVERHEAD_BLIGHT,Immediate,0.0
Corn,Maturity,Sandy,14.9,36.1,33.8,Low,5.9,Sprinkler (Overhead),None / Healthy,0.6,5.52,3.31,2.23,15.0,6.0,OPTIMAL_STANDBY,Low,0.0
Sugarcane,Fruiting,Clay Loam,25.4,26.7,22.8,Moderate,8.5,Sprinkler (Overhead),None / Healthy,1.25,3.99,4.99,4.27,34.0,18.0,DELAY_RAIN_EXPECTED,Moderate,0.0
Sugarcane,Flowering,Clay Loam,27.6,15.3,51.5,Low,3.2,Sub-surface Drip,None / Healthy,1.25,2.0,2.5,0.06,34.0,18.0,MAINTENANCE_DRIP,Normal,2.36
Rice,Maturity,Clay Loam,17.7,39.4,61.1,Low,5.8,Drip Irrigation,Pepper Bell Bacterial Spot,0.95,4.75,4.51,2.11,34.0,18.0,IRRIGATE_IMMEDIATELY,Immediate,5.68
Corn,Fruiting,Loamy,16.8,17.3,30.0,Low,2.7,Flood / Surface,None / Healthy,1.1,2.0,2.2,0.0,28.0,14.0,IRRIGATE_IMMEDIATELY,Immediate,3.5
Corn,Seedling,Black Soil,41.5,14.9,85.8,None,0.0,Drip Irrigation,None / Healthy,0.4,2.0,0.8,0.0,40.0,22.0,OPTIMAL_STANDBY,Low,0.0
Tomato,Flowering,Loamy,16.3,23.8,31.5,None,0.0,Flood / Surface,Tomato Target Spot,1.15,3.17,3.65,0.0,28.0,14.0,IRRIGATE_IMMEDIATELY,Immediate,4.42
Sugarcane,Flowering,Black Soil,27.5,31.3,53.5,None,0.0,Drip Irrigation,None / Healthy,1.25,3.76,4.7,0.0,40.0,22.0,IRRIGATE_IMMEDIATELY,Immediate,6.17
Sugarcane,Maturity,Loamy,32.7,38.7,66.3,None,0.0,Sub-surface Drip,Potato Late Blight,0.7,4.37,3.06,0.0,28.0,14.0,OPTIMAL_STANDBY,Low,0.0
Sugarcane,Vegetative,Black Soil,53.6,29.7,70.9,None,0.0,Drip Irrigation,None / Healthy,0.85,2.88,2.45,0.0,40.0,22.0,OPTIMAL_STANDBY,Low,0.0
Wheat,Maturity,Sandy Loam,16.7,26.7,94.6,None,0.0,Drip Irrigation,None / Healthy,0.35,2.2,0.77,0.0,22.0,10.0,MAINTENANCE_DRIP,Normal,1.5
Corn,Seedling,Loamy,29.6,21.6,45.9,None,0.0,Sprinkler (Overhead),None / Healthy,0.4,2.42,0.97,0.0,28.0,14.0,OPTIMAL_STANDBY,Low,0.0
Tomato,Fruiting,Black Soil,33.9,17.2,88.1,High,44.1,Drip Irrigation,None / Healthy,1.2,2.0,2.4,32.76,40.0,22.0,DELAY_RAIN_EXPECTED,Low,0.0
Potato,Seedling,Sandy Loam,9.8,38.2,81.0,None,0.0,Drip Irrigation,None / Healthy,0.5,3.59,1.79,0.0,22.0,10.0,IRRIGATE_IMMEDIATELY,Immediate,3.5
Wheat,Flowering,Clay Loam,27.8,34.0,28.5,Low,2.2,Flood / Surface,None / Healthy,1.15,5.32,6.12,0.0,34.0,18.0,MAINTENANCE_DRIP,Normal,5.5
Wheat,Fruiting,Sandy Loam,14.7,21.6,70.6,High,39.9,Drip Irrigation,Tomato Target Spot,0.85,2.0,1.7,29.42,22.0,10.0,DELAY_RAIN_EXPECTED,Low,0.0
Rice,Maturity,Loamy,10.4,21.6,81.5,None,0.0,Sprinkler (Overhead),None / Healthy,0.95,2.0,1.9,0.0,28.0,14.0,IRRIGATE_IMMEDIATELY,Immediate,3.5
Cotton,Flowering,Black Soil,25.2,17.5,66.3,Moderate,17.8,Sprinkler (Overhead),None / Healthy,1.2,2.0,2.4,11.71,40.0,22.0,IRRIGATE_IMMEDIATELY,Immediate,3.5
Wheat,Flowering,Sandy,6.5,23.6,41.0,High,43.1,Drip Irrigation,None / Healthy,1.15,2.87,3.3,32.0,15.0,6.0,IRRIGATE_IMMEDIATELY,Immediate,4.36
Rice,Flowering,Clay Loam,31.6,27.7,31.8,None,0.0,Drip Irrigation,Pepper Bell Bacterial Spot,1.25,3.9,4.88,0.0,34.0,18.0,OPTIMAL_STANDBY,Low,0.0
Tomato,Flowering,Sandy Loam,19.9,33.3,68.6,None,0.0,Drip Irrigation,Tomato Septoria Leaf Spot,1.15,3.47,3.99,0.0,22.0,10.0,OPTIMAL_STANDBY,Low,0.0
Corn,Maturity,Clay Loam,32.3,40.9,44.3,None,0.0,Sprinkler (Overhead),None / Healthy,0.6,5.95,3.57,0.0,34.0,18.0,OPTIMAL_STANDBY,Low,0.0
Potato,Vegetative,Sandy,14.1,31.4,68.4,Low,4.2,Flood / Surface,Tomato Yellow Leaf Curl Virus,0.8,3.2,2.56,0.89,15.0,6.0,OPTIMAL_STANDBY,Low,0.0
Sugarcane,Seedling,Sandy Loam,13.3,35.2,73.8,Moderate,7.8,Drip Irrigation,Tomato Target Spot,0.45,3.49,1.57,3.74,22.0,10.0,IRRIGATE_IMMEDIATELY,Immediate,3.5
Cotton,Flowering,Sandy,14.6,32.0,58.8,Low,3.7,Sprinkler (Overhead),None / Healthy,1.2,3.68,4.42,0.43,15.0,6.0,OPTIMAL_STANDBY,Low,0.0
Corn,Vegetative,Black Soil,25.6,35.2,79.8,None,0.0,Sprinkler (Overhead),Potato Late Blight,0.85,3.23,2.75,0.0,40.0,22.0,SUSPEND_OVERHEAD_BLIGHT,Immediate,0.0
Potato,Fruiting,Sandy Loam,15.8,36.3,68.2,None,0.0,Drip Irrigation,None / Healthy,1.15,3.92,4.51,0.0,22.0,10.0,MAINTENANCE_DRIP,Normal,4.75
Rice,Flowering,Sandy,22.7,29.8,36.6,Moderate,7.3,Flood / Surface,None / Healthy,1.25,4.15,5.19,3.38,15.0,6.0,OPTIMAL_STANDBY,Low,0.0
Corn,Vegetative,Sandy,17.0,34.2,61.4,None,0.0,Flood / Surface,None / Healthy,0.85,3.91,3.32,0.0,15.0,6.0,OPTIMAL_STANDBY,Low,0.0
Corn,Seedling,Sandy Loam,9.3,37.6,70.6,Moderate,13.0,Flood / Surface,None / Healthy,0.4,3.98,1.59,7.93,22.0,10.0,IRRIGATE_IMMEDIATELY,Immediate,3.5
Potato,Vegetative,Sandy Loam,27.6,27.5,28.4,Moderate,17.9,Sprinkler (Overhead),None / Healthy,0.8,3.97,3.18,11.82,22.0,10.0,DELAY_RAIN_EXPECTED,Low,0.0
Wheat,Fruiting,Loamy,23.5,16.2,25.5,None,0.0,Drip Irrigation,Tomato Target Spot,0.85,2.0,1.7,0.0,28.0,14.0,MAINTENANCE_DRIP,Normal,1.76
Rice,Fruiting,Sandy Loam,14.6,39.7,90.3,Moderate,16.0,Drip Irrigation,None / Healthy,1.2,3.78,4.54,10.32,22.0,10.0,DELAY_RAIN_EXPECTED,Low,0.0
Sugarcane,Fruiting,Sandy,11.1,28.2,79.6,None,0.0,Sprinkler (Overhead),None / Healthy,1.25,2.38,2.97,0.0,15.0,6.0,MAINTENANCE_DRIP,Normal,2.76
Rice,Flowering,Black Soil,18.4,38.1,94.2,None,0.0,Sprinkler (Overhead),Potato Late Blight,1.25,3.58,4.47,0.0,40.0,22.0,SUSPEND_OVERHEAD_BLIGHT,Immediate,0.0
Sugarcane,Maturity,Clay Loam,27.8,33.9,73.5,None,0.0,Flood / Surface,Tomato Yellow Leaf Curl Virus,0.7,3.34,2.34,0.0,34.0,18.0,MAINTENANCE_DRIP,Normal,2.14
Cotton,Flowering,Black Soil,34.6,36.5,79.0,Moderate,9.2,Sprinkler (Overhead),None / Healthy,1.2,3.43,4.12,4.86,40.0,22.0,DELAY_RAIN_EXPECTED,Moderate,0.0
Corn,Seedling,Clay Loam,35.5,34.9,58.8,None,0.0,Drip Irrigation,Tomato Yellow Leaf Curl Virus,0.4,4.13,1.65,0.0,34.0,18.0,OPTIMAL_STANDBY,Low,0.0
Cotton,Fruiting,Loamy,28.2,25.0,36.8,Low,5.5,Sprinkler (Overhead),None / Healthy,0.85,3.24,2.75,1.87,28.0,14.0,OPTIMAL_STANDBY,Low,0.0
Pepper Bell,Seedling,Sandy Loam,14.7,35.1,73.2,None,0.0,Drip Irrigation,None / Healthy,0.6,3.51,2.11,0.0,22.0,10.0,IRRIGATE_IMMEDIATELY,Immediate,3.5
Potato,Maturity,Loamy,21.1,33.8,42.8,None,0.0,Drip Irrigation,None / Healthy,0.75,4.66,3.5,0.0,28.0,14.0,MAINTENANCE_DRIP,Normal,3.57
Cotton,Seedling,Black Soil,20.9,37.3,28.2,Moderate,12.0,Flood / Surface,None / Healthy,0.45,6.04,2.72,7.13,40.0,22.0,IRRIGATE_IMMEDIATELY,Immediate,3.56
Tomato,Fruiting,Black Soil,41.0,40.8,59.3,None,0.0,Flood / Surface,None / Healthy,1.2,5.08,6.1,0.0,40.0,22.0,OPTIMAL_STANDBY,Low,0.0
Wheat,Vegetative,Black Soil,33.4,22.4,38.7,High,37.4,Sub-surface Drip,Potato Late Blight,0.75,2.71,2.03,27.46,40.0,22.0,DELAY_RAIN_EXPECTED,Low,0.0
Cotton,Maturity,Sandy,11.1,37.4,62.8,None,0.0,Flood / Surface,None / Healthy,0.55,4.35,2.39,0.0,15.0,6.0,MAINTENANCE_DRIP,Normal,2.47
Rice,Seedling,Sandy Loam,16.1,40.6,73.3,None,0.0,Sprinkler (Overhead),None / Healthy,1.05,4.27,4.48,0.0,22.0,10.0,MAINTENANCE_DRIP,Normal,4.7
Wheat,Fruiting,Sandy,11.4,14.1,74.9,Moderate,16.7,Drip Irrigation,None / Healthy,0.85,2.0,1.7,10.83,15.0,6.0,DELAY_RAIN_EXPECTED,Low,0.0
Wheat,Flowering,Sandy,12.5,36.6,23.8,None,0.0,Flood / Surface,None / Healthy,1.15,6.11,7.03,0.0,15.0,6.0,MAINTENANCE_DRIP,Normal,5.5
Soybean,Maturity,Clay Loam,28.1,34.4,22.7,None,0.0,Sprinkler (Overhead),None / Healthy,0.5,5.65,2.83,0.0,34.0,18.0,MAINTENANCE_DRIP,Normal,2.87
Rice,Flowering,Clay Loam,28.6,39.9,31.4,Moderate,10.7,Drip Irrigation,None / Healthy,1.25,6.46,8.07,6.06,34.0,18.0,DELAY_RAIN_EXPECTED,Moderate,0.0
Pepper Bell,Seedling,Loamy,23.9,27.5,56.7,Moderate,16.6,Sub-surface Drip,None / Healthy,0.6,3.06,1.84,10.75,28.0,14.0,DELAY_RAIN_EXPECTED,Low,0.0
Tomato,Vegetative,Sandy Loam,17.1,30.3,87.2,Low,5.5,Drip Irrigation,None / Healthy,0.85,2.62,2.23,1.88,22.0,10.0,MAINTENANCE_DRIP,Normal,2.03
Cotton,Maturity,Clay Loam,34.0,40.4,30.6,None,0.0,Sprinkler (Overhead),None / Healthy,0.55,6.61,3.64,0.0,34.0,18.0,OPTIMAL_STANDBY,Low,0.0
Soybean,Fruiting,Sandy,11.7,28.6,93.2,None,0.0,Drip Irrigation,None / Healthy,1.05,2.42,2.54,0.0,15.0,6.0,MAINTENANCE_DRIP,Normal,2.63
Tomato,Maturity,Loamy,40.6,36.1,65.8,Low,3.2,Drip Irrigation,None / Healthy,0.8,3.99,3.19,0.04,28.0,14.0,OPTIMAL_STANDBY,Low,0.0
Tomato,Maturity,Loamy,22.6,36.0,47.0,None,0.0,Drip Irrigation,None / Healthy,0.8,4.87,3.9,0.0,28.0,14.0,MAINTENANCE_DRIP,Normal,3.99
Soybean,Vegetative,Clay Loam,28.6,19.1,36.9,Moderate,16.5,Flood / Surface,Potato Late Blight,0.7,2.17,1.52,10.71,34.0,18.0,DELAY_RAIN_EXPECTED,Low,0.0
Sugarcane,Flowering,Sandy,7.1,19.1,83.8,Moderate,15.0,Flood / Surface,Tomato Septoria Leaf Spot,1.25,2.0,2.5,9.53,15.0,6.0,IRRIGATE_IMMEDIATELY,Immediate,3.5
Cotton,Fruiting,Sandy,18.1,29.5,67.2,Low,5.3,Sprinkler (Overhead),None / Healthy,0.85,2.99,2.54,1.77,15.0,6.0,OPTIMAL_STANDBY,Low,0.0
Rice,Seedling,Loamy,30.6,38.8,56.1,None,0.0,Sprinkler (Overhead),Tomato Yellow Leaf Curl Virus,1.05,4.93,5.18,0.0,28.0,14.0,OPTIMAL_STANDBY,Low,0.0
Corn,Seedling,Loamy,18.0,41.6,27.3,Moderate,8.7,Flood / Surface,None / Healthy,0.4,7.06,2.82,4.49,28.0,14.0,IRRIGATE_IMMEDIATELY,Immediate,3.54
Cotton,Fruiting,Clay Loam,26.2,29.5,55.9,High,33.7,Flood / Surface,None / Healthy,0.85,3.4,2.89,24.49,34.0,18.0,DELAY_RAIN_EXPECTED,Low,0.0
Rice,Seedling,Clay Loam,35.9,33.0,80.0,None,0.0,Sub-surface Drip,None / Healthy,1.05,2.94,3.09,0.0,34.0,18.0,OPTIMAL_STANDBY,Low,0.0
Pepper Bell,Fruiting,Clay Loam,26.3,38.6,66.1,None,0.0,Drip Irrigation,Tomato Yellow Leaf Curl Virus,1.1,4.37,4.81,0.0,34.0,18.0,MAINTENANCE_DRIP,Normal,4.98
Wheat,Maturity,Clay Loam,37.9,20.2,53.3,None,0.0,Flood / Surface,None / Healthy,0.35,2.02,0.71,0.0,34.0,18.0,OPTIMAL_STANDBY,Low,0.0
Sugarcane,Seedling,Sandy Loam,15.6,17.3,34.8,Low,4.2,Sprinkler (Overhead),Potato Late Blight,0.45,2.0,0.9,0.88,22.0,10.0,SUSPEND_OVERHEAD_BLIGHT,Immediate,0.0
Potato,Fruiting,Sandy Loam,8.9,15.9,78.2,Low,4.5,Drip Irrigation,Potato Late Blight,1.15,2.0,2.3,1.08,22.0,10.0,IRRIGATE_IMMEDIATELY,Immediate,3.5
Sugarcane,Seedling,Sandy Loam,22.8,16.8,93.9,None,0.0,Flood / Surface,None / Healthy,0.45,2.0,0.9,0.0,22.0,10.0,OPTIMAL_STANDBY,Low,0.0
Cotton,Vegetative,Black Soil,38.6,32.1,50.0,None,0.0,Sub-surface Drip,None / Healthy,0.75,4.05,3.04,0.0,40.0,22.0,OPTIMAL_STANDBY,Low,0.0
Soybean,Maturity,Sandy,15.1,28.1,81.4,Low,1.9,Drip Irrigation,None / Healthy,0.5,2.36,1.18,0.0,15.0,6.0,OPTIMAL_STANDBY,Low,0.0
Cotton,Seedling,Sandy,16.1,16.0,65.5,High,19.3,Sub-surface Drip,Tomato Septoria Leaf Spot,0.45,2.0,0.9,12.95,15.0,6.0,DELAY_RAIN_EXPECTED,Low,0.0
Cotton,Seedling,Clay Loam,28.6,16.5,73.6,Low,4.1,Flood / Surface,None / Healthy,0.45,2.0,0.9,0.76,34.0,18.0,MAINTENANCE_DRIP,Normal,1.5
Corn,Seedling,Loamy,27.0,41.3,40.8,None,0.0,Flood / Surface,None / Healthy,0.4,6.23,2.49,0.0,28.0,14.0,OPTIMAL_STANDBY,Low,0.0
Tomato,Maturity,Sandy,26.7,15.2,48.8,Moderate,11.3,Drip Irrigation,None / Healthy,0.8,2.0,1.6,6.53,15.0,6.0,OPTIMAL_STANDBY,Low,0.0
Rice,Fruiting,Black Soil,40.2,22.2,36.6,Moderate,17.6,Flood / Surface,None / Healthy,1.2,2.73,3.28,11.59,40.0,22.0,DELAY_RAIN_EXPECTED,Low,0.0
Sugarcane,Flowering,Sandy,7.7,39.9,81.1,None,0.0,Sprinkler (Overhead),None / Healthy,1.25,3.81,4.76,0.0,15.0,6.0,IRRIGATE_IMMEDIATELY,Immediate,6.29
Cotton,Maturity,Sandy Loam,17.2,31.6,31.1,Moderate,10.6,Drip Irrigation,None / Healthy,0.55,4.7,2.59,5.98,22.0,10.0,DELAY_RAIN_EXPECTED,Moderate,0.0
Rice,Seedling,Sandy Loam,15.8,40.6,58.2,Low,3.6,Flood / Surface,Potato Late Blight,1.05,5.11,5.37,0.36,22.0,10.0,MAINTENANCE_DRIP,Normal,5.32
Potato,Maturity,Clay Loam,22.3,20.5,92.2,Low,2.0,Drip Irrigation,Tomato Septoria Leaf Spot,0.75,2.0,1.5,0.0,34.0,18.0,IRRIGATE_IMMEDIATELY,Immediate,3.5
Pepper Bell,Maturity,Sandy,4.0,30.2,66.6,None,0.0,Drip Irrigation,None / Healthy,0.85,3.11,2.64,0.0,15.0,6.0,IRRIGATE_IMMEDIATELY,Immediate,3.5
Rice,Maturity,Sandy Loam,20.0,36.2,36.3,None,0.0,Drip Irrigation,Tomato Target Spot,0.95,5.41,5.14,0.0,22.0,10.0,OPTIMAL_STANDBY,Low,0.0
Cotton,Maturity,Sandy Loam,19.2,40.1,40.4,Moderate,17.7,Drip Irrigation,None / Healthy,0.55,6.01,3.31,11.64,22.0,10.0,DELAY_RAIN_EXPECTED,Low,0.0
Cotton,Vegetative,Clay Loam,25.7,24.5,93.9,None,0.0,Drip Irrigation,None / Healthy,0.75,2.0,1.5,0.0,34.0,18.0,MAINTENANCE_DRIP,Normal,1.5
Sugarcane,Vegetative,Sandy Loam,19.9,22.2,33.0,None,0.0,Drip Irrigation,None / Healthy,0.85,2.82,2.4,0.0,22.0,10.0,OPTIMAL_STANDBY,Low,0.0
Tomato,Vegetative,Sandy,7.2,35.2,35.3,High,25.2,Drip Irrigation,None / Healthy,0.85,5.27,4.48,17.64,15.0,6.0,IRRIGATE_IMMEDIATELY,Immediate,5.31
Soybean,Seedling,Loamy,21.7,39.3,65.4,High,24.5,Drip Irrigation,Potato Late Blight,0.4,4.51,1.8,17.12,28.0,14.0,DELAY_RAIN_EXPECTED,Low,0.0
Potato,Maturity,Sandy Loam,16.0,26.6,57.0,High,24.3,Flood / Surface,None / Healthy,0.75,2.9,2.17,16.96,22.0,10.0,DELAY_RAIN_EXPECTED,Low,0.0
Soybean,Seedling,Sandy Loam,16.7,14.9,30.3,Low,5.3,Flood / Surface,None / Healthy,0.4,2.0,0.8,1.71,22.0,10.0,MAINTENANCE_DRIP,Normal,1.5
Cotton,Seedling,Black Soil,30.1,37.9,60.2,Low,3.1,Drip Irrigation,Tomato Early Blight,0.45,4.57,2.06,0.0,40.0,22.0,MAINTENANCE_DRIP,Normal,1.86
Wheat,Fruiting,Loamy,14.4,28.2,65.7,Low,4.1,Sub-surface Drip,None / Healthy,0.85,2.85,2.42,0.74,28.0,14.0,IRRIGATE_IMMEDIATELY,Immediate,3.5
Sugarcane,Seedling,Clay Loam,19.2,28.4,30.2,Low,5.8,Drip Irrigation,None / Healthy,0.45,4.1,1.84,2.17,34.0,18.0,IRRIGATE_IMMEDIATELY,Immediate,3.5
Potato,Fruiting,Black Soil,31.5,27.4,22.7,None,0.0,Drip Irrigation,None / Healthy,1.15,4.15,4.77,0.0,40.0,22.0,MAINTENANCE_DRIP,Normal,4.9
Cotton,Maturity,Sandy,12.3,24.9,20.2,Low,1.1,Flood / Surface,None / Healthy,0.55,3.69,2.03,0.0,15.0,6.0,MAINTENANCE_DRIP,Normal,2.14
Corn,Maturity,Sandy,11.3,20.3,91.9,Moderate,17.7,Sprinkler (Overhead),None / Healthy,0.6,2.0,1.2,11.68,15.0,6.0,DELAY_RAIN_EXPECTED,Low,0.0
Corn,Flowering,Clay Loam,38.8,41.0,70.6,Moderate,11.5,Drip Irrigation,None / Healthy,1.2,4.49,5.39,6.73,34.0,18.0,OPTIMAL_STANDBY,Low,0.0
Pepper Bell,Flowering,Sandy,6.2,18.4,82.7,None,0.0,Drip Irrigation,None / Healthy,1.05,2.0,2.1,0.0,15.0,6.0,IRRIGATE_IMMEDIATELY,Immediate,3.5
Soybean,Maturity,Loamy,29.2,21.7,65.7,None,0.0,Drip Irrigation,None / Healthy,0.5,2.0,1.0,0.0,28.0,14.0,OPTIMAL_STANDBY,Low,0.0
Soybean,Maturity,Black Soil,30.5,30.1,58.4,High,22.2,Drip Irrigation,None / Healthy,0.5,3.39,1.7,15.24,40.0,22.0,DELAY_RAIN_EXPECTED,Low,0.0
Soybean,Vegetative,Loamy,40.2,36.5,63.4,None,0.0,Drip Irrigation,None / Healthy,0.7,4.17,2.92,0.0,28.0,14.0,OPTIMAL_STANDBY,Low,0.0
Cotton,Fruiting,Clay Loam,47.7,39.0,87.1,Moderate,12.1,Sub-surface Drip,None / Healthy,0.85,3.7,3.15,7.16,34.0,18.0,OPTIMAL_STANDBY,Low,0.0
Soybean,Seedling,Sandy Loam,19.3,36.3,28.1,Low,4.8,Drip Irrigation,Potato Late Blight,0.4,5.84,2.34,1.35,22.0,10.0,MAINTENANCE_DRIP,Normal,2.3
Rice,Maturity,Sandy,5.7,40.4,71.0,High,23.8,Drip Irrigation,None / Healthy,0.95,4.37,4.15,16.57,15.0,6.0,IRRIGATE_IMMEDIATELY,Immediate,4.81
Soybean,Vegetative,Black Soil,49.4,19.3,53.2,None,0.0,Drip Irrigation,None / Healthy,0.7,2.0,1.4,0.0,40.0,22.0,OPTIMAL_STANDBY,Low,0.0
Sugarcane,Flowering,Sandy,14.4,36.1,26.6,Moderate,7.2,Flood / Surface,None / Healthy,1.25,5.87,7.34,3.23,15.0,6.0,OPTIMAL_STANDBY,Low,0.0
Potato,Fruiting,Black Soil,52.7,33.7,71.7,Moderate,12.7,Sprinkler (Overhead),None / Healthy,1.15,3.39,3.9,7.64,40.0,22.0,OPTIMAL_STANDBY,Low,0.0
Corn,Vegetative,Sandy,11.8,34.6,93.0,Low,4.9,Drip Irrigation,None / Healthy,0.85,3.14,2.67,1.4,15.0,6.0,MAINTENANCE_DRIP,Normal,2.82
Sugarcane,Fruiting,Sandy,10.3,38.8,67.3,Moderate,17.3,Drip Irrigation,None / Healthy,1.25,4.33,5.41,11.33,15.0,6.0,DELAY_RAIN_EXPECTED,Low,0.0
Cotton,Seedling,Sandy,21.3,25.3,84.9,Moderate,9.5,Sprinkler (Overhead),Pepper Bell Bacterial Spot,0.45,2.04,0.92,5.09,15.0,6.0,SUSPEND_OVERHEAD_BLIGHT,Immediate,0.0
Rice,Fruiting,Sandy Loam,13.9,20.8,53.2,High,30.1,Sprinkler (Overhead),None / Healthy,1.2,2.12,2.54,21.55,22.0,10.0,IRRIGATE_IMMEDIATELY,Immediate,3.5
Tomato,Seedling,Sandy Loam,21.1,15.0,50.0,None,0.0,Drip Irrigation,None / Healthy,0.6,2.0,1.2,0.0,22.0,10.0,OPTIMAL_STANDBY,Low,0.0
Corn,Fruiting,Loamy,23.7,19.0,71.9,None,0.0,Drip Irrigation,None / Healthy,1.1,2.0,2.2,0.0,28.0,14.0,MAINTENANCE_DRIP,Normal,2.54
Pepper Bell,Fruiting,Clay Loam,22.8,30.5,85.6,None,0.0,Sprinkler (Overhead),None / Healthy,1.1,2.64,2.9,0.0,34.0,18.0,IRRIGATE_IMMEDIATELY,Immediate,3.79
Tomato,Seedling,Clay Loam,17.5,27.0,22.2,Moderate,13.5,Sprinkler (Overhead),None / Healthy,0.6,4.08,2.45,8.32,34.0,18.0,IRRIGATE_IMMEDIATELY,Immediate,3.5
Soybean,Vegetative,Loamy,21.6,22.4,45.7,None,0.0,Flood / Surface,None / Healthy,0.7,2.54,1.78,0.0,28.0,14.0,MAINTENANCE_DRIP,Normal,1.88
Soybean,Flowering,Clay Loam,45.7,31.9,61.9,Low,4.2,Drip Irrigation,None / Healthy,1.15,3.53,4.06,0.83,34.0,18.0,OPTIMAL_STANDBY,Low,0.0
Sugarcane,Flowering,Black Soil,34.2,15.8,30.3,Low,1.0,Drip Irrigation,None / Healthy,1.25,2.0,2.5,0.0,40.0,22.0,MAINTENANCE_DRIP,Normal,2.82
Tomato,Fruiting,Clay Loam,34.2,25.7,76.3,High,20.2,Drip Irrigation,None / Healthy,1.2,2.19,2.63,13.64,34.0,18.0,DELAY_RAIN_EXPECTED,Low,0.0
Potato,Seedling,Sandy,11.3,15.4,61.1,None,0.0,Flood / Surface,None / Healthy,0.5,2.0,1.0,0.0,15.0,6.0,MAINTENANCE_DRIP,Normal,1.5
Cotton,Fruiting,Sandy Loam,22.9,41.9,86.2,None,0.0,Sprinkler (Overhead),None / Healthy,0.85,4.07,3.46,0.0,22.0,10.0,OPTIMAL_STANDBY,Low,0.0
Soybean,Maturity,Black Soil,22.9,17.6,26.6,None,0.0,Sprinkler (Overhead),None / Healthy,0.5,2.07,1.03,0.0,40.0,22.0,IRRIGATE_IMMEDIATELY,Immediate,3.5
Sugarcane,Seedling,Sandy Loam,21.0,17.2,61.1,Moderate,12.4,Drip Irrigation,None / Healthy,0.45,2.0,0.9,7.39,22.0,10.0,OPTIMAL_STANDBY,Low,0.0
Rice,Fruiting,Loamy,28.1,39.6,48.5,Low,4.0,Sub-surface Drip,None / Healthy,1.2,5.47,6.56,0.69,28.0,14.0,OPTIMAL_STANDBY,Low,0.0
Sugarcane,Fruiting,Black Soil,37.7,22.9,29.8,Low,5.0,Drip Irrigation,None / Healthy,1.25,3.02,3.77,1.49,40.0,22.0,OPTIMAL_STANDBY,Low,0.0
Corn,Vegetative,Sandy Loam,16.8,30.9,91.0,Moderate,15.0,Drip Irrigation,None / Healthy,0.85,2.69,2.29,9.47,22.0,10.0,DELAY_RAIN_EXPECTED,Low,0.0
Wheat,Maturity,Black Soil,38.3,18.0,89.0,Low,3.8,Sprinkler (Overhead),None / Healthy,0.35,2.0,0.7,0.52,40.0,22.0,OPTIMAL_STANDBY,Low,0.0
Cotton,Flowering,Black Soil,39.0,39.4,71.3,None,0.0,Drip Irrigation,None / Healthy,1.2,4.21,5.05,0.0,40.0,22.0,OPTIMAL_STANDBY,Low,0.0
Corn,Maturity,Sandy Loam,17.9,16.6,81.6,Low,1.8,Flood / Surface,None / Healthy,0.6,2.0,1.2,0.0,22.0,10.0,MAINTENANCE_DRIP,Normal,1.5
Rice,Vegetative,Loamy,28.5,27.0,26.0,None,0.0,Drip Irrigation,Tomato Yellow Leaf Curl Virus,1.15,3.96,4.55,0.0,28.0,14.0,OPTIMAL_STANDBY,Low,0.0
Tomato,Fruiting,Black Soil,33.0,32.7,72.8,High,36.3,Sub-surface Drip,None / Healthy,1.2,3.2,3.84,26.55,40.0,22.0,DELAY_RAIN_EXPECTED,Low,0.0
Potato,Flowering,Sandy Loam,10.7,32.3,38.4,Moderate,11.2,Sub-surface Drip,None / Healthy,1.15,4.55,5.23,6.48,22.0,10.0,IRRIGATE_IMMEDIATELY,Immediate,6.32
Corn,Seedling,Sandy,10.3,20.9,78.3,Moderate,14.1,Sprinkler (Overhead),None / Healthy,0.4,2.0,0.8,8.81,15.0,6.0,DELAY_RAIN_EXPECTED,Low,0.0
Wheat,Fruiting,Loamy,19.2,26.3,56.7,High,20.7,Flood / Surface,None / Healthy,0.85,2.87,2.44,14.1,28.0,14.0,DELAY_RAIN_EXPECTED,Low,0.0
Wheat,Flowering,Clay Loam,20.7,39.6,37.2,Moderate,10.8,Sprinkler (Overhead),Tomato Septoria Leaf Spot,1.15,6.07,6.98,6.16,34.0,18.0,SUSPEND_OVERHEAD_BLIGHT,Immediate,0.0
Wheat,Maturity,Loamy,22.2,25.6,29.9,Low,5.3,Flood / Surface,None / Healthy,0.35,3.54,1.24,1.77,28.0,14.0,MAINTENANCE_DRIP,Normal,1.5
Sugarcane,Fruiting,Black Soil,41.4,28.4,79.7,Moderate,16.3,Sprinkler (Overhead),Potato Late Blight,1.25,2.41,3.01,10.57,40.0,22.0,SUSPEND_OVERHEAD_BLIGHT,Immediate,0.0
Rice,Flowering,Loamy,17.2,18.2,36.0,None,0.0,Drip Irrigation,Potato Late Blight,1.25,2.03,2.54,0.0,28.0,14.0,IRRIGATE_IMMEDIATELY,Immediate,3.5
Wheat,Flowering,Clay Loam,33.3,21.4,25.8,Low,4.6,Flood / Surface,None / Healthy,1.15,2.84,3.27,1.18,34.0,18.0,OPTIMAL_STANDBY,Low,0.0
Pepper Bell,Flowering,Clay Loam,27.2,41.3,22.7,None,0.0,Sub-surface Drip,None / Healthy,1.05,7.26,7.62,0.0,34.0,18.0,MAINTENANCE_DRIP,Normal,5.5
Sugarcane,Flowering,Sandy,12.3,37.7,59.3,Low,2.1,Sub-surface Drip,None / Healthy,1.25,4.56,5.7,0.0,15.0,6.0,MAINTENANCE_DRIP,Normal,5.5
Pepper Bell,Fruiting,Sandy,16.6,28.7,22.8,None,0.0,Sprinkler (Overhead),None / Healthy,1.1,4.41,4.85,0.0,15.0,6.0,OPTIMAL_STANDBY,Low,0.0
Soybean,Flowering,Sandy,12.2,36.2,85.4,None,0.0,Drip Irrigation,None / Healthy,1.15,3.33,3.83,0.0,15.0,6.0,MAINTENANCE_DRIP,Normal,3.92
Wheat,Fruiting,Sandy Loam,6.1,20.6,47.7,Low,3.2,Drip Irrigation,None / Healthy,0.85,2.2,1.87,0.04,22.0,10.0,IRRIGATE_IMMEDIATELY,Immediate,3.5
Potato,Flowering,Black Soil,32.4,29.2,72.8,High,19.1,Flood / Surface,None / Healthy,1.15,2.75,3.16,12.78,40.0,22.0,DELAY_RAIN_EXPECTED,Low,0.0
Rice,Seedling,Clay Loam,28.5,39.0,93.7,Moderate,13.7,Drip Irrigation,Tomato Septoria Leaf Spot,1.05,3.69,3.87,8.42,34.0,18.0,DELAY_RAIN_EXPECTED,Low,0.0
Soybean,Maturity,Black Soil,38.4,14.5,76.0,None,0.0,Drip Irrigation,None / Healthy,0.5,2.0,1.0,0.0,40.0,22.0,OPTIMAL_STANDBY,Low,0.0
Cotton,Fruiting,Sandy,14.0,35.1,68.5,Low,5.4,Sprinkler (Overhead),None / Healthy,0.85,3.72,3.16,1.8,15.0,6.0,OPTIMAL_STANDBY,Low,0.0
Corn,Fruiting,Sandy Loam,8.8,33.0,69.8,None,0.0,Drip Irrigation,Tomato Early Blight,1.1,3.37,3.71,0.0,22.0,10.0,IRRIGATE_IMMEDIATELY,Immediate,4.33
Sugarcane,Vegetative,Sandy,12.5,28.8,86.8,Low,1.3,Sub-surface Drip,None / Healthy,0.85,2.44,2.07,0.0,15.0,6.0,MAINTENANCE_DRIP,Normal,2.09
Rice,Maturity,Loamy,11.6,18.1,43.0,Moderate,17.8,Sprinkler (Overhead),None / Healthy,0.95,2.0,1.9,11.74,28.0,14.0,IRRIGATE_IMMEDIATELY,Immediate,3.5
Potato,Maturity,Black Soil,21.4,31.7,49.9,None,0.0,Flood / Surface,Tomato Septoria Leaf Spot,0.75,3.98,2.98,0.0,40.0,22.0,IRRIGATE_IMMEDIATELY,Immediate,3.79
Soybean,Fruiting,Black Soil,22.1,29.6,79.3,None,0.0,Flood / Surface,Tomato Early Blight,1.05,2.55,2.68,0.0,40.0,22.0,IRRIGATE_IMMEDIATELY,Immediate,3.5
Tomato,Vegetative,Loamy,21.6,23.3,57.8,Low,3.4,Sprinkler (Overhead),None / Healthy,0.85,2.39,2.03,0.22,28.0,14.0,MAINTENANCE_DRIP,Normal,2.24
Potato,Flowering,Clay Loam,32.2,26.7,78.2,None,0.0,Flood / Surface,None / Healthy,1.15,2.25,2.59,0.0,34.0,18.0,OPTIMAL_STANDBY,Low,0.0
Rice,Flowering,Black Soil,30.2,28.6,73.6,None,0.0,Flood / Surface,None / Healthy,1.25,2.64,3.3,0.0,40.0,22.0,MAINTENANCE_DRIP,Normal,3.26
Potato,Flowering,Clay Loam,26.4,38.7,40.0,None,0.0,Drip Irrigation,None / Healthy,1.15,5.74,6.6,0.0,34.0,18.0,MAINTENANCE_DRIP,Normal,5.5
Sugarcane,Fruiting,Clay Loam,47.8,28.7,29.9,Low,1.5,Sprinkler (Overhead),None / Healthy,1.25,4.18,5.22,0.0,34.0,18.0,OPTIMAL_STANDBY,Low,0.0
Soybean,Vegetative,Clay Loam,24.5,35.7,76.7,Low,3.6,Sub-surface Drip,None / Healthy,0.7,3.43,2.4,0.36,34.0,18.0,IRRIGATE_IMMEDIATELY,Immediate,3.5
Tomato,Vegetative,Loamy,28.6,21.0,93.5,Moderate,13.2,Drip Irrigation,None / Healthy,0.85,2.0,1.7,8.08,28.0,14.0,DELAY_RAIN_EXPECTED,Low,0.0
Pepper Bell,Seedling,Sandy Loam,21.2,38.6,44.6,Low,3.9,Flood / Surface,None / Healthy,0.6,5.49,3.29,0.58,22.0,10.0,OPTIMAL_STANDBY,Low,0.0
Wheat,Fruiting,Sandy,4.0,37.0,28.9,High,27.3,Drip Irrigation,Pepper Bell Bacterial Spot,0.85,5.95,5.06,19.3,15.0,6.0,IRRIGATE_IMMEDIATELY,Immediate,6.41
Pepper Bell,Maturity,Sandy Loam,15.9,18.6,54.9,None,0.0,Drip Irrigation,Pepper Bell Bacterial Spot,0.85,2.0,1.7,0.0,22.0,10.0,MAINTENANCE_DRIP,Normal,1.62
Soybean,Fruiting,Black Soil,33.2,14.4,20.5,Low,1.8,Flood / Surface,None / Healthy,1.05,2.0,2.1,0.0,40.0,22.0,MAINTENANCE_DRIP,Normal,2.08
Soybean,Seedling,Sandy Loam,32.3,22.4,84.6,None,0.0,Flood / Surface,None / Healthy,0.4,2.0,0.8,0.0,22.0,10.0,OPTIMAL_STANDBY,Low,0.0
Soybean,Fruiting,Sandy Loam,15.6,35.7,52.2,None,0.0,Drip Irrigation,None / Healthy,1.05,4.58,4.81,0.0,22.0,10.0,MAINTENANCE_DRIP,Normal,5.0
Pepper Bell,Vegetative,Loamy,17.4,22.6,76.8,Low,3.5,Sprinkler (Overhead),None / Healthy,0.8,2.0,1.6,0.32,28.0,14.0,IRRIGATE_IMMEDIATELY,Immediate,3.5
Rice,Maturity,Loamy,28.2,39.8,20.2,Low,1.3,Drip Irrigation,None / Healthy,0.95,7.05,6.7,0.0,28.0,14.0,OPTIMAL_STANDBY,Low,0.0
Corn,Vegetative,Clay Loam,35.7,27.4,78.9,None,0.0,Sprinkler (Overhead),None / Healthy,0.85,2.31,1.96,0.0,34.0,18.0,OPTIMAL_STANDBY,Low,0.0
Potato,Seedling,Black Soil,38.4,19.1,81.8,Moderate,15.8,Sprinkler (Overhead),Tomato Yellow Leaf Curl Virus,0.5,2.0,1.0,10.1,40.0,22.0,DELAY_RAIN_EXPECTED,Low,0.0
Cotton,Vegetative,Sandy,10.4,37.2,92.8,None,0.0,Drip Irrigation,Pepper Bell Bacterial Spot,0.75,3.47,2.6,0.0,15.0,6.0,MAINTENANCE_DRIP,Normal,2.63
Sugarcane,Flowering,Black Soil,22.4,31.1,88.8,Low,4.1,Sprinkler (Overhead),None / Healthy,1.25,2.71,3.39,0.81,40.0,22.0,IRRIGATE_IMMEDIATELY,Immediate,4.19
Tomato,Maturity,Clay Loam,29.4,31.7,93.7,High,39.4,Drip Irrigation,None / Healthy,0.8,2.78,2.22,29.04,34.0,18.0,DELAY_RAIN_EXPECTED,Low,0.0
Tomato,Vegetative,Sandy Loam,8.2,17.2,63.8,Moderate,14.0,Sprinkler (Overhead),None / Healthy,0.85,2.0,1.7,8.7,22.0,10.0,IRRIGATE_IMMEDIATELY,Immediate,3.5
Wheat,Seedling,Black Soil,22.9,36.3,53.7,None,0.0,Drip Irrigation,Tomato Early Blight,0.4,4.61,1.84,0.0,40.0,22.0,IRRIGATE_IMMEDIATELY,Immediate,3.5
Rice,Flowering,Black Soil,37.7,18.3,36.3,None,0.0,Drip Irrigation,None / Healthy,1.25,2.05,2.56,0.0,40.0,22.0,OPTIMAL_STANDBY,Low,0.0
Tomato,Fruiting,Black Soil,18.1,24.3,21.1,Moderate,8.3,Flood / Surface,None / Healthy,1.2,3.55,4.26,4.17,40.0,22.0,IRRIGATE_IMMEDIATELY,Immediate,5.32
Pepper Bell,Flowering,Sandy Loam,35.3,24.8,68.6,None,0.0,Drip Irrigation,None / Healthy,1.05,2.3,2.42,0.0,22.0,10.0,OPTIMAL_STANDBY,Low,0.0
Sugarcane,Flowering,Loamy,21.6,28.3,22.3,Moderate,11.2,Sub-surface Drip,Tomato Target Spot,1.25,4.34,5.42,6.46,28.0,14.0,DELAY_RAIN_EXPECTED,Moderate,0.0
Pepper Bell,Fruiting,Sandy,12.6,20.0,51.6,Moderate,14.9,Drip Irrigation,None / Healthy,1.1,2.03,2.23,9.44,15.0,6.0,DELAY_RAIN_EXPECTED,Low,0.0
Potato,Maturity,Clay Loam,33.2,16.3,86.7,None,0.0,Drip Irrigation,None / Healthy,0.75,2.0,1.5,0.0,34.0,18.0,OPTIMAL_STANDBY,Low,0.0
Rice,Fruiting,Black Soil,40.7,18.1,42.7,None,0.0,Drip Irrigation,None / Healthy,1.2,2.0,2.4,0.0,40.0,22.0,OPTIMAL_STANDBY,Low,0.0
Pepper Bell,Fruiting,Sandy Loam,21.0,39.1,53.1,None,0.0,Sub-surface Drip,None / Healthy,1.1,5.13,5.64,0.0,22.0,10.0,OPTIMAL_STANDBY,Low,0.0
Rice,Vegetative,Sandy Loam,21.7,30.0,77.0,Moderate,15.7,Drip Irrigation,None / Healthy,1.15,2.69,3.09,10.09,22.0,10.0,DELAY_RAIN_EXPECTED,Low,0.0
Wheat,Seedling,Black Soil,23.1,20.7,38.2,High,25.3,Drip Irrigation,None / Healthy,0.4,2.43,0.97,17.74,40.0,22.0,IRRIGATE_IMMEDIATELY,Immediate,3.5
Soybean,Fruiting,Sandy Loam,10.9,28.6,23.1,None,0.0,Drip Irrigation,Tomato Septoria Leaf Spot,1.05,4.39,4.61,0.0,22.0,10.0,IRRIGATE_IMMEDIATELY,Immediate,5.9
Tomato,Vegetative,Loamy,14.3,19.5,41.4,High,43.6,Drip Irrigation,None / Healthy,0.85,2.16,1.84,32.42,28.0,14.0,IRRIGATE_IMMEDIATELY,Immediate,3.5
Corn,Fruiting,Clay Loam,16.4,15.0,23.0,Moderate,13.0,Drip Irrigation,Tomato Target Spot,1.1,2.0,2.2,7.91,34.0,18.0,IRRIGATE_IMMEDIATELY,Immediate,3.5
Rice,Fruiting,Black Soil,50.5,41.6,57.2,High,39.7,Flood / Surface,None / Healthy,1.2,5.35,6.42,29.23,40.0,22.0,DELAY_RAIN_EXPECTED,Low,0.0
Rice,Fruiting,Sandy Loam,17.4,32.4,37.4,High,25.2,Drip Irrigation,Tomato Target Spot,1.2,4.62,5.54,17.7,22.0,10.0,DELAY_RAIN_EXPECTED,Low,0.0
Tomato,Fruiting,Clay Loam,37.6,34.0,55.2,None,0.0,Flood / Surface,None / Healthy,1.2,4.15,4.98,0.0,34.0,18.0,OPTIMAL_STANDBY,Low,0.0
Potato,Maturity,Black Soil,34.0,30.7,23.8,Low,2.7,Flood / Surface,None / Healthy,0.75,4.81,3.61,0.0,40.0,22.0,MAINTENANCE_DRIP,Normal,3.89
Pepper Bell,Maturity,Clay Loam,22.2,35.2,41.3,None,0.0,Drip Irrigation,Potato Late Blight,0.85,4.98,4.23,0.0,34.0,18.0,IRRIGATE_IMMEDIATELY,Immediate,5.55
Soybean,Fruiting,Loamy,27.0,29.0,28.2,Moderate,17.4,Flood / Surface,None / Healthy,1.05,4.29,4.5,11.45,28.0,14.0,DELAY_RAIN_EXPECTED,Low,0.0
Cotton,Fruiting,Black Soil,28.3,32.2,79.0,High,32.3,Sprinkler (Overhead),None / Healthy,0.85,2.89,2.46,23.3,40.0,22.0,DELAY_RAIN_EXPECTED,Low,0.0
Wheat,Flowering,Loamy,23.8,35.2,52.1,None,0.0,Drip Irrigation,None / Healthy,1.15,4.5,5.17,0.0,28.0,14.0,MAINTENANCE_DRIP,Normal,5.07
Sugarcane,Fruiting,Clay Loam,29.6,15.7,32.4,Low,3.0,Sprinkler (Overhead),None / Healthy,1.25,2.0,2.5,0.0,34.0,18.0,MAINTENANCE_DRIP,Normal,2.59
Tomato,Vegetative,Clay Loam,43.7,35.9,46.4,Low,1.4,Sprinkler (Overhead),None / Healthy,0.85,4.89,4.16,0.0,34.0,18.0,OPTIMAL_STANDBY,Low,0.0
Rice,Fruiting,Loamy,38.8,37.7,53.0,None,0.0,Flood / Surface,Tomato Yellow Leaf Curl Virus,1.2,4.89,5.87,0.0,28.0,14.0,OPTIMAL_STANDBY,Low,0.0
Rice,Flowering,Sandy Loam,21.9,17.1,59.7,Low,3.3,Drip Irrigation,None / Healthy,1.25,2.0,2.5,0.11,22.0,10.0,OPTIMAL_STANDBY,Low,0.0
Pepper Bell,Fruiting,Black Soil,40.4,33.3,32.5,Low,5.0,Drip Irrigation,Tomato Target Spot,1.1,4.99,5.49,1.52,40.0,22.0,OPTIMAL_STANDBY,Low,0.0
Tomato,Flowering,Sandy Loam,17.6,27.9,64.9,Low,4.0,Drip Irrigation,None / Healthy,1.15,2.83,3.25,0.71,22.0,10.0,MAINTENANCE_DRIP,Normal,3.4
Wheat,Flowering,Sandy Loam,17.2,32.6,62.6,None,0.0,Sub-surface Drip,Tomato Early Blight,1.15,3.61,4.15,0.0,22.0,10.0,MAINTENANCE_DRIP,Normal,3.8
Potato,Fruiting,Loamy,16.8,37.2,69.8,None,0.0,Drip Irrigation,Pepper Bell Bacterial Spot,1.15,3.97,4.57,0.0,28.0,14.0,IRRIGATE_IMMEDIATELY,Immediate,5.96
Wheat,Flowering,Clay Loam,25.3,14.0,72.4,High,32.4,Drip Irrigation,None / Healthy,1.15,2.0,2.3,23.38,34.0,18.0,DELAY_RAIN_EXPECTED,Low,0.0
Cotton,Seedling,Loamy,23.7,33.5,87.5,None,0.0,Sprinkler (Overhead),Tomato Early Blight,0.45,3.01,1.35,0.0,28.0,14.0,SUSPEND_OVERHEAD_BLIGHT,Immediate,0.0
Soybean,Fruiting,Sandy Loam,20.4,40.7,67.2,Moderate,11.5,Drip Irrigation,None / Healthy,1.05,4.63,4.86,6.72,22.0,10.0,OPTIMAL_STANDBY,Low,0.0
Wheat,Seedling,Black Soil,22.3,31.5,33.1,None,0.0,Drip Irrigation,None / Healthy,0.4,4.6,1.84,0.0,40.0,22.0,IRRIGATE_IMMEDIATELY,Immediate,3.5
Tomato,Fruiting,Sandy Loam,15.9,15.9,86.7,Moderate,10.5,Flood / Surface,None / Healthy,1.2,2.0,2.4,5.89,22.0,10.0,DELAY_RAIN_EXPECTED,Moderate,0.0
Tomato,Maturity,Clay Loam,17.4,22.8,78.4,High,31.1,Drip Irrigation,None / Healthy,0.8,2.0,1.6,22.35,34.0,18.0,IRRIGATE_IMMEDIATELY,Immediate,3.5
Soybean,Seedling,Clay Loam,30.1,30.5,27.0,Low,5.6,Flood / Surface,Tomato Early Blight,0.4,4.63,1.85,1.95,34.0,18.0,MAINTENANCE_DRIP,Normal,1.74
Pepper Bell,Flowering,Loamy,10.5,34.5,48.9,None,0.0,Sub-surface Drip,Tomato Yellow Leaf Curl Virus,1.05,4.52,4.75,0.0,28.0,14.0,IRRIGATE_IMMEDIATELY,Immediate,6.07
Potato,Fruiting,Loamy,16.9,14.7,90.8,Low,3.7,Drip Irrigation,None / Healthy,1.15,2.0,2.3,0.47,28.0,14.0,IRRIGATE_IMMEDIATELY,Immediate,3.5
Pepper Bell,Maturity,Black Soil,22.5,15.3,33.3,None,0.0,Sub-surface Drip,Tomato Septoria Leaf Spot,0.85,2.0,1.7,0.0,40.0,22.0,IRRIGATE_IMMEDIATELY,Immediate,3.5
Sugarcane,Maturity,Sandy,11.1,39.1,77.3,None,0.0,Drip Irrigation,None / Healthy,0.7,3.85,2.69,0.0,15.0,6.0,MAINTENANCE_DRIP,Normal,2.99
Sugarcane,Maturity,Sandy,10.6,37.5,70.1,Low,2.5,Sub-surface Drip,None / Healthy,0.7,3.99,2.79,0.0,15.0,6.0,MAINTENANCE_DRIP,Normal,2.64
Potato,Flowering,Loamy,14.8,15.9,51.5,Moderate,14.3,Sprinkler (Overhead),None / Healthy,1.15,2.0,2.3,8.94,28.0,14.0,IRRIGATE_IMMEDIATELY,Immediate,3.5
Rice,Maturity,Loamy,17.0,28.6,66.8,Moderate,15.7,Drip Irrigation,Potato Late Blight,0.95,2.87,2.73,10.06,28.0,14.0,IRRIGATE_IMMEDIATELY,Immediate,3.5
Tomato,Fruiting,Sandy,10.9,26.0,24.0,None,0.0,Sprinkler (Overhead),Tomato Early Blight,1.2,3.81,4.57,0.0,15.0,6.0,SUSPEND_OVERHEAD_BLIGHT,Immediate,0.0
Rice,Flowering,Sandy,28.8,23.1,94.0,Moderate,11.4,Drip Irrigation,None / Healthy,1.25,2.0,2.5,6.63,15.0,6.0,OPTIMAL_STANDBY,Low,0.0
Rice,Vegetative,Clay Loam,31.9,22.4,26.3,Moderate,15.5,Sprinkler (Overhead),Tomato Yellow Leaf Curl Virus,1.15,3.02,3.47,9.86,34.0,18.0,DELAY_RAIN_EXPECTED,Low,0.0
Tomato,Fruiting,Sandy,10.1,25.0,69.7,None,0.0,Drip Irrigation,None / Healthy,1.2,2.29,2.75,0.0,15.0,6.0,MAINTENANCE_DRIP,Normal,2.65
Soybean,Seedling,Sandy,11.8,37.7,23.2,None,0.0,Sub-surface Drip,None / Healthy,0.4,6.4,2.56,0.0,15.0,6.0,MAINTENANCE_DRIP,Normal,2.54
Tomato,Maturity,Clay Loam,32.0,15.0,86.2,None,0.0,Drip Irrigation,None / Healthy,0.8,2.0,1.6,0.0,34.0,18.0,OPTIMAL_STANDBY,Low,0.0
Tomato,Seedling,Sandy,13.9,40.8,79.6,Low,1.4,Drip Irrigation,None / Healthy,0.6,3.95,2.37,0.0,15.0,6.0,OPTIMAL_STANDBY,Low,0.0
Soybean,Seedling,Sandy,26.1,37.2,24.4,Low,4.2,Sprinkler (Overhead),None / Healthy,0.4,6.22,2.49,0.87,15.0,6.0,OPTIMAL_STANDBY,Low,0.0
Wheat,Flowering,Sandy Loam,15.7,29.4,29.3,None,0.0,Drip Irrigation,None / Healthy,1.15,4.33,4.98,0.0,22.0,10.0,MAINTENANCE_DRIP,Normal,4.66
Soybean,Seedling,Black Soil,28.5,39.3,87.7,None,0.0,Drip Irrigation,Tomato Target Spot,0.4,3.74,1.5,0.0,40.0,22.0,IRRIGATE_IMMEDIATELY,Immediate,3.5
Cotton,Vegetative,Black Soil,35.1,40.8,53.4,None,0.0,Drip Irrigation,Tomato Target Spot,0.75,5.42,4.06,0.0,40.0,22.0,MAINTENANCE_DRIP,Normal,4.09
Cotton,Vegetative,Loamy,28.2,29.3,34.0,High,21.4,Drip Irrigation,Pepper Bell Bacterial Spot,0.75,4.14,3.1,14.59,28.0,14.0,DELAY_RAIN_EXPECTED,Low,0.0
Corn,Fruiting,Loamy,12.7,35.1,64.3,None,0.0,Drip Irrigation,Tomato Early Blight,1.1,3.93,4.32,0.0,28.0,14.0,IRRIGATE_IMMEDIATELY,Immediate,5.61
Pepper Bell,Flowering,Sandy,12.3,28.7,22.7,None,0.0,Drip Irrigation,None / Healthy,1.05,4.42,4.64,0.0,15.0,6.0,MAINTENANCE_DRIP,Normal,4.53
Cotton,Flowering,Black Soil,38.6,38.3,55.2,High,36.4,Drip Irrigation,Tomato Target Spot,1.2,4.89,5.87,26.62,40.0,22.0,DELAY_RAIN_EXPECTED,Low,0.0
Wheat,Fruiting,Clay Loam,21.4,38.8,68.7,High,35.7,Drip Irrigation,Tomato Septoria Leaf Spot,0.85,4.26,3.62,26.04,34.0,18.0,IRRIGATE_IMMEDIATELY,Immediate,4.56
Pepper Bell,Flowering,Clay Loam,20.4,35.9,46.4,None,0.0,Drip Irrigation,Tomato Yellow Leaf Curl Virus,1.05,4.88,5.12,0.0,34.0,18.0,IRRIGATE_IMMEDIATELY,Immediate,6.56
Pepper Bell,Fruiting,Sandy Loam,18.6,25.2,42.3,None,0.0,Sub-surface Drip,None / Healthy,1.1,3.12,3.43,0.0,22.0,10.0,MAINTENANCE_DRIP,Normal,3.59
Tomato,Maturity,Sandy Loam,19.0,18.5,21.8,Low,1.7,Drip Irrigation,Tomato Target Spot,0.8,2.35,1.88,0.0,22.0,10.0,MAINTENANCE_DRIP,Normal,1.98
Pepper Bell,Fruiting,Clay Loam,39.4,16.2,44.5,None,0.0,Sprinkler (Overhead),None / Healthy,1.1,2.0,2.2,0.0,34.0,18.0,OPTIMAL_STANDBY,Low,0.0
Pepper Bell,Flowering,Loamy,25.4,34.6,79.7,None,0.0,Drip Irrigation,Tomato Yellow Leaf Curl Virus,1.05,3.15,3.31,0.0,28.0,14.0,OPTIMAL_STANDBY,Low,0.0
Potato,Fruiting,Sandy Loam,25.5,39.7,44.7,Low,4.8,Flood / Surface,None / Healthy,1.15,5.7,6.55,1.3,22.0,10.0,OPTIMAL_STANDBY,Low,0.0
Corn,Fruiting,Black Soil,40.9,15.2,52.4,None,0.0,Sprinkler (Overhead),None / Healthy,1.1,2.0,2.2,0.0,40.0,22.0,OPTIMAL_STANDBY,Low,0.0
Rice,Maturity,Black Soil,25.7,31.4,76.9,None,0.0,Drip Irrigation,Tomato Early Blight,0.95,2.87,2.73,0.0,40.0,22.0,IRRIGATE_IMMEDIATELY,Immediate,3.5
Rice,Vegetative,Clay Loam,35.8,37.4,57.7,Low,3.3,Drip Irrigation,None / Healthy,1.15,4.6,5.29,0.18,34.0,18.0,OPTIMAL_STANDBY,Low,0.0
Pepper Bell,Vegetative,Clay Loam,31.6,18.3,67.7,None,0.0,Flood / Surface,Potato Late Blight,0.8,2.0,1.6,0.0,34.0,18.0,OPTIMAL_STANDBY,Low,0.0
Corn,Flowering,Sandy,6.0,25.2,60.6,None,0.0,Drip Irrigation,None / Healthy,1.2,2.59,3.11,0.0,15.0,6.0,IRRIGATE_IMMEDIATELY,Immediate,3.7
Potato,Seedling,Sandy Loam,11.6,18.2,64.0,Moderate,11.8,Sprinkler (Overhead),None / Healthy,0.5,2.0,1.0,6.97,22.0,10.0,IRRIGATE_IMMEDIATELY,Immediate,3.5
Pepper Bell,Vegetative,Sandy Loam,13.0,15.3,57.8,Low,3.6,Sub-surface Drip,None / Healthy,0.8,2.0,1.6,0.41,22.0,10.0,IRRIGATE_IMMEDIATELY,Immediate,3.5
Pepper Bell,Fruiting,Sandy,12.1,40.7,69.3,Low,3.3,Sprinkler (Overhead),None / Healthy,1.1,4.51,4.96,0.15,15.0,6.0,MAINTENANCE_DRIP,Normal,4.79
